article,is_seed,source
042–079,False,outlink
17A,False,backlink
19 to Zero,False,category
1918 flu pandemic,False,outlink
1:99 Concert,False,outlink
2-day CPET,False,category
2002–2004 SARS outbreak,False,outlink
2002–2004 SARS outbreak among healthcare workers,False,outlink
2019–2022 Chilean protests,False,outlink
202-CoV,False,outlink
2020 Azerbaijani protests,False,outlink
2020 Brazilian protests,False,outlink
2020 Danish mink cull,False,outlink
2020 Russia–Saudi Arabia oil price war,False,outlink
2020 Tablighi Jamaat COVID-19 hotspot in Delhi,False,outlink
2020 Tablighi Jamaat COVID-19 hotspot in Malaysia,False,outlink
2020 Tablighi Jamaat COVID-19 hotspot in Pakistan,False,outlink
2020 United Kingdom school exam grading controversy,False,outlink
2020 in the United Kingdom,False,backlink
2020 stock market crash,False,outlink
2020–2021 Belarusian protests,False,outlink
2020–2021 Bulgarian protests,False,outlink
2020–2021 protests against Benjamin Netanyahu,False,outlink
2020–2022 Serbian protests,False,outlink
2020–2023 global chip shortage,False,outlink
2020–21 Singapore circuit breaker measures,False,outlink
2021 Abkhazia unrest,False,outlink
2021 Brazilian protests,False,outlink
2021 Colombian protests,False,outlink
2021 Cuban protests,False,outlink
2021 Dutch curfew riots,False,outlink
2021 French labor protests,False,outlink
2021 Greek protests,False,outlink
2021 Idar-Oberstein shooting,False,outlink
2021 Mongolian protests,False,outlink
2021 Myanmar coup d'état,False,outlink
2021 Paraguayan protests,False,outlink
2021 Tunisian protests,False,outlink
2021 hospital crisis in the U.S. from COVID-19,False,outlink
2021–2022 global supply chain crisis,False,outlink
2021–2022 inflation surge,False,outlink
2021–2022 social unrest in the French West Indies,False,outlink
2021–2023 global energy crisis,False,outlink
2021–2023 global supply chain crisis,False,outlink
2022 Beijing Sitong Bridge protest,False,outlink
2022 Brussels protests,False,outlink
2022 COVID-19 protests in China,False,outlink
2022 Colombian protests,False,outlink
2022 Shanghai COVID-19 outbreak,False,outlink
2022 Wellington protest,False,outlink
2023 Chinese healthcare reform protests,False,outlink
3C-like protease,False,outlink
ABNCoV2,False,outlink
ACE inhibitor,False,outlink
ACE inhibitors,False,outlink
ACE2,False,outlink
AG0302-COVID‑19,False,outlink
AKS-452,False,outlink
ARCT-021,False,outlink
ARCT-154,False,outlink
AXA1125,False,category
Aarogya Setu,False,outlink
Ab Osterhaus,False,outlink
AbC-19 rapid antibody test,False,outlink
Abdala (vaccine),False,outlink
Abscess,False,outlink
Acetaminophen,False,outlink
Acquiescence,False,outlink
Acquired brain injury,False,outlink
Acquired taste,False,outlink
Acrylate,False,outlink
Action potential,False,outlink
Acute (medicine),False,outlink
Acute bronchitis,False,outlink
Acute disseminated encephalomyelitis,False,outlink
Acute exacerbation of chronic obstructive pulmonary disease,False,outlink
Acute heart failure,False,outlink
Acute interstitial pneumonia,False,outlink
Acute kidney injury,False,outlink
Acute myocarditis,False,outlink
Acute renal failure,False,outlink
Acute respiratory distress syndrome,False,outlink
AdCLD-CoV19,False,outlink
AdNow,False,category
Adaptive immune system,False,outlink
Addison's disease,False,outlink
Adenine,False,outlink
Adenoid hypertrophy,False,outlink
Adenosine deaminase,False,outlink
Adenoviridae,False,outlink
Adenovirus,False,outlink
Adenovirus infection,False,outlink
Adrenal fatigue,False,outlink
Adrenergic agonist,False,outlink
Adria virus,False,outlink
Adult T-cell leukemia/lymphoma,False,outlink
Adult-onset Still's disease,False,outlink
Aerophagia,False,outlink
Aerosol,False,outlink
Aerosol transmission,False,outlink
Aerosols,False,outlink
Aesthetic interpretation,False,outlink
Affect (psychology),False,outlink
Affective forecasting,False,outlink
Afferent nerve,False,outlink
Africa Centres for Disease Control and Prevention,False,outlink
African trypanosomiasis,False,outlink
Aftertaste,False,outlink
Agatha Jassem,False,category
Agency for Healthcare Research and Quality,False,outlink
Ageusia,True,seed
Agonal respiration,False,outlink
Ai Fen,False,outlink
Aid and relief efforts during the COVID-19 pandemic in Malaysia,False,outlink
Air China Flight 112,False,outlink
Air filtration,False,outlink
Air pollution,False,outlink
Air purifier,False,outlink
Airborne pathogen,False,outlink
Airborne transmission,False,outlink
Airway clearance therapy,False,outlink
Akiko Iwasaki,False,backlink
Ala Nemerenco,False,outlink
Alan Keyes,False,category
Alanine,False,outlink
Albert Fraenkel (1848–1916),False,outlink
Alcoholism,False,outlink
Ali Pilli,False,outlink
Alkhurma virus,False,outlink
Allele,False,outlink
Allergic bronchopulmonary aspergillosis,False,outlink
Allergic rhinitis,False,outlink
Allergies,False,outlink
Allergy,False,outlink
Allison McGeer,False,outlink
Alma Möller,False,outlink
Aloxistatin,False,category
Alpha blocker,False,outlink
Alphacoronavirus,False,outlink
Alphacoronavirus 1,False,outlink
Altered mental state,False,outlink
Aluminosis,False,outlink
Alveolar macrophage,False,outlink
Alzheimer's disease,False,outlink
Alzheimer's disease and COVID-19,False,category
Amantadine,False,outlink
American Academy of Pediatrics,False,outlink
Amino acid,False,outlink
Aminoglycoside,False,outlink
Amiodarone,False,outlink
Amnesia,False,outlink
Amniotic fluid,False,outlink
Amodal perception,False,outlink
Amoxicillin,False,outlink
Amphetamine-type stimulant,False,outlink
Amur virus,False,outlink
Anaerobic organism,False,outlink
Anakinra,False,outlink
Anal cancer,False,outlink
Analgesics,False,outlink
Ancient Greek,False,outlink
Andecovirus,False,outlink
Anders Tegnell,False,outlink
Andes orthohantavirus,False,outlink
Andrea Crisanti (scientist),False,backlink
Anemia,False,outlink
Angelo Borrelli,False,backlink
Anger,False,outlink
Angiotensin II receptor blocker,False,outlink
Angiotensin converting enzyme 2,False,outlink
Angiotensin-converting enzyme 2,False,outlink
Animal study,False,outlink
Anorexia,False,outlink
Anorexia (symptom),False,outlink
Anosmia,True,seed
Anosmia Awareness Day,False,outlink
Anterograde amnesia,False,outlink
Anthony Fauci,False,backlink
Anthony L. Komaroff,False,outlink
Anthropause,False,category
Anthroponotic disease,False,outlink
Anti-HIV medications,False,outlink
Anti-mask sentiment,False,outlink
Anti-pyretic,False,outlink
Antibiotic,False,outlink
Antibiotics,False,outlink
Antibody,False,outlink
Antibody response,False,outlink
Antibody-dependent cellular cytotoxicity,False,outlink
Antidepressant,False,outlink
Antigen,False,outlink
Antihistamine,False,outlink
Antihistamines,False,outlink
Antihypotensive agent,False,outlink
Antimalarial medication,False,outlink
Antimicrobial resistance,False,outlink
Antipyretic,False,outlink
Antisepsis,False,outlink
Antiviral,False,outlink
Antiviral drug,False,outlink
Antiviral protein,False,outlink
Anutin Charnvirakul,False,backlink
Anxiety,False,outlink
Anxiety disorder,False,outlink
Aphonia,False,outlink
Apnea,False,outlink
Apnea of prematurity,False,outlink
Apoorva Mandavilli,False,outlink
Appendicitis,False,outlink
Aptamer,False,outlink
ArXiv (identifier),False,outlink
Arachidonic acid,False,outlink
Arachidonic acid pathway,False,outlink
Arbovirus encephalitis,False,outlink
ArcGIS,False,outlink
Arenavirus,False,outlink
Argentine hemorrhagic fever,False,outlink
Argentinian mammarenavirus,False,outlink
Arginine,False,outlink
Arrhythmia,False,outlink
Arterial,False,outlink
Arterioles,False,outlink
Arthralgia,False,outlink
Arthritis,False,outlink
Arthropod,False,outlink
Artist Relief,False,outlink
Asbestosis,False,outlink
Ascaris lumbricoides,False,outlink
Aseem Malhotra,False,category
Ashley Bloomfield,False,outlink
Ashraf Sehrai,False,backlink
Aspartate aminotransferase,False,outlink
Aspergillosis,False,outlink
Asphyxia,False,outlink
Aspiration pneumonia,False,outlink
Aspirin,False,outlink
Aspirin-exacerbated respiratory disease,False,outlink
Asplenia,False,outlink
Assessment on COVID-19 Origins,False,category
Association (psychology),False,outlink
Asthenia,False,outlink
Asthma,False,outlink
Astrocyte,False,outlink
Astrovirus,False,outlink
Asymptomatic,False,outlink
Ataxia,False,outlink
Ataxic respiration,False,outlink
Atelectasis,False,outlink
Atilotrelvir,False,category
Atlantic Bubble,False,outlink
Atopy,False,outlink
Atrial fibrillation,False,outlink
Atrophy,False,outlink
Attack (political party),False,category
Attention,False,outlink
Attenuated vaccine,False,outlink
Atypical pneumonia,False,outlink
Auditory hallucination,False,outlink
Auscultation,False,outlink
Australian bat lyssavirus,False,outlink
Autism spectrum,False,outlink
Autoantibody,False,outlink
Autoimmune disease,False,outlink
Autoimmune diseases,False,outlink
Autoimmune hepatitis,False,outlink
Autoimmunity,False,outlink
Autonomic nervous system,False,outlink
Autopsy,False,outlink
Avanos Medical,False,outlink
Avian coronavirus,False,outlink
Avian coronavirus 9203,False,outlink
Avian influenza,False,outlink
Aviation,False,outlink
Awang Bulgiba Awang Mahmud,False,outlink
Awareness,False,outlink
Axonal initial segment,False,outlink
Aytaç Yalman,False,backlink
Azithromycin,False,outlink
Azra Ghani,False,outlink
Azvudine,False,category
B virus,False,outlink
BA.5,False,outlink
BANAL-52,False,outlink
BBC,False,outlink
BBC News,False,outlink
BBC News Online,False,outlink
BC-007,False,category
BK virus,False,outlink
BMJ,False,outlink
BMJ (company),False,outlink
BSL3,False,outlink
Bacteria,False,outlink
Bacterial infection,False,outlink
Bacterial pneumonia,False,outlink
Bacterial spore,False,outlink
Bagassosis,False,outlink
Baloxavir marboxil,False,outlink
Bamlanivimab,False,category
Bamlanivimab/etesevimab,False,category
Bangavax,False,outlink
Banna virus,False,outlink
Baricitinib,False,category
Baritosis,False,outlink
Basal metabolic rate,False,outlink
Base pair,False,outlink
Basic reproduction number,False,outlink
Basigin,False,outlink
Bat,False,outlink
Bat SARS-like coronavirus WIV1,False,outlink
Bat coronavirus HKU10,False,outlink
Bat virome,False,outlink
Batai virus,False,outlink
Bauxite fibrosis,False,outlink
Beat the Devil (play),False,category
Beauveria bassiana,False,outlink
Bebtelovimab,False,category
Behavior,False,outlink
Behaviour,False,outlink
Bell's Palsy,False,outlink
Bell's palsy,False,outlink
Beluga whale coronavirus SW1,False,outlink
Ben Cohen (businessman),False,outlink
Benign,False,outlink
Benzalkonium chloride,False,outlink
Benzodiazepines,False,outlink
Berylliosis,False,outlink
Beta blocker,False,outlink
Beta-CoV,False,outlink
Beta-lactam antibiotic,False,outlink
Betacellulin,False,outlink
Betacoronavirus,False,outlink
Betacoronavirus 1,False,outlink
Betacoronavirus pandemicum,False,outlink
Bevacizumab,False,outlink
Bhanja virus,False,outlink
Bibcode (identifier),False,outlink
Biden Administration COVID-19 action plan,False,outlink
Bill Pullman,False,outlink
Binding domain,False,outlink
Bio-secure bubble,False,outlink
BioNTech,False,outlink
BioRxiv (identifier),False,outlink
Bioethics,False,outlink
Biological agent,False,outlink
Biological aging,False,outlink
Biological nomenclature,False,outlink
Biology,False,outlink
Biomarker (medicine),False,outlink
Biopsy,False,outlink
Biopsychosocial model,False,outlink
Biot's respiration,False,outlink
Bird fancier's lung,False,outlink
Bitter (taste),False,outlink
Black British people,False,outlink
Black-owned business,False,backlink
Blastomyces,False,outlink
Blindness,False,outlink
Blood cell,False,outlink
Blood clots,False,outlink
Blood culture,False,outlink
Blood cultures,False,outlink
Blood disorders,False,outlink
Blood pressure,False,outlink
Blood test,False,outlink
Blood type,False,outlink
Blood–brain barrier,False,outlink
BlueTrace,False,outlink
Body temperature,False,outlink
Boils,False,outlink
Bolivian hemorrhagic fever,False,outlink
Booster dose,False,outlink
Boredom,False,outlink
Boroughs of Montreal during the COVID-19 pandemic,False,outlink
Botswana,False,outlink
Bourbon virus,False,outlink
Bovine coronavirus,False,outlink
Bradypnea,False,outlink
Brain damage,False,outlink
Brainstem,False,outlink
Brangacovirus,False,outlink
Brazil,False,outlink
Brazilian hemorrhagic fever,False,outlink
Breastfeeding,False,outlink
Breath-holding spell,False,outlink
Breathing,False,outlink
Breathing difficulties,False,outlink
Brett Crozier,False,outlink
BriLife,False,outlink
British Asian,False,outlink
British National Formulary for Children,False,outlink
British Thoracic Society,False,outlink
British government response to the COVID-19 pandemic,False,outlink
Broad-spectrum antiviral drug,False,outlink
Bronchial hyperresponsiveness,False,outlink
Bronchial pneumonia,False,outlink
Bronchiectasis,False,outlink
Bronchiolitis,False,outlink
Bronchiolitis obliterans,False,outlink
Bronchiolitis obliterans organizing pneumonia,False,outlink
Bronchitis,False,outlink
Bronchoalveolar lavage,False,outlink
Bronchoalveolar lavage fluid,False,outlink
Bronchophony,False,outlink
Bronchopneumonia,False,outlink
Bronchopulmonary segment,False,outlink
Bronchus,False,outlink
Brown adipose tissue,False,outlink
Bruce Aylward,False,outlink
Brucellosis,False,outlink
Buddhist mythology,False,outlink
Bulbul coronavirus HKU11,False,outlink
Buldecovirus,False,outlink
Bulgarian National Alliance,False,category
Bulgarian National Unification,False,category
Bulgarian Patriots,False,category
Bulletin of the New York Academy of Medicine,False,outlink
Bundibugyo virus,False,outlink
Bunyamwera orthobunyavirus,False,outlink
Bunyavirales,False,outlink
Burkitt's lymphoma,False,outlink
Burning mouth syndrome,False,outlink
Bwamba orthobunyavirus,False,outlink
Byssinosis,False,outlink
Byung-Chul Han,False,outlink
C-reactive protein,False,outlink
CAPG,False,outlink
CCL3,False,outlink
CD14,False,outlink
CD4+ T cell,False,outlink
CD40 (protein),False,outlink
CDCP1,False,outlink
COH04S1,False,outlink
COPD,False,outlink
COVAX-19,False,outlink
COVI-VAC (U.S. COVID-19 vaccine),False,outlink
COVID Alert,False,outlink
COVID Moonshot,False,outlink
COVID Tracker Ireland,False,outlink
COVID fog,False,category
COVID kit,False,category
COVID toes,False,category
COVID variant,False,outlink
COVID-19,True,seed
COVID-19 Advisory Board,False,outlink
COVID-19 Contact-Confirming Application,False,outlink
COVID-19 Genomics UK Consortium,False,outlink
COVID-19 Immunity Task Force,False,outlink
COVID-19 Pandemic Unemployment Payment,False,outlink
COVID-19 Protection Framework,False,outlink
COVID-19 Response Acceleration Task Force,False,outlink
COVID-19 Supply Council,False,outlink
COVID-19 alert levels in New Zealand,False,outlink
COVID-19 and Its Challenges,False,category
COVID-19 and cancer,False,outlink
COVID-19 and homelessness,False,category
COVID-19 apps,False,outlink
COVID-19 cases at the 2020 Summer Olympics and 2020 Summer Paralympics,False,outlink
COVID-19 cases at the 2022 Winter Olympics and 2022 Winter Paralympics,False,outlink
COVID-19 community quarantines in the Philippines,False,outlink
COVID-19 datasets,False,category
COVID-19 drug development,False,category
COVID-19 drug repurposing research,False,category
COVID-19 hospital,False,category
COVID-19 hospitals in the United Kingdom,False,outlink
COVID-19 in pregnancy,False,outlink
COVID-19 lab leak theory,False,outlink
COVID-19 litigation involving China,False,category
COVID-19 local lockdown regulations in England,False,outlink
COVID-19 lockdown in China,False,backlink
COVID-19 lockdown in India,False,outlink
COVID-19 lockdowns,False,category
COVID-19 lockdowns by country,False,category
COVID-19 lockdowns in Italy,False,backlink
COVID-19 managed isolation in New Zealand,False,outlink
COVID-19 misinformation,False,category
COVID-19 misinformation by China,False,outlink
COVID-19 misinformation by governments,False,category
COVID-19 misinformation by the United States,False,outlink
COVID-19 misinformation in Canada,False,category
COVID-19 misinformation in the Philippines,False,outlink
COVID-19 naming,False,category
COVID-19 pandemic,False,category
COVID-19 pandemic and animals,False,category
COVID-19 pandemic by country and territory,False,category
COVID-19 pandemic cases,False,backlink
COVID-19 pandemic death rates by country,False,outlink
COVID-19 pandemic deaths,False,outlink
COVID-19 pandemic in Abkhazia,False,outlink
COVID-19 pandemic in Afghanistan,False,outlink
COVID-19 pandemic in Africa,False,backlink
COVID-19 pandemic in Akrotiri and Dhekelia,False,outlink
COVID-19 pandemic in Alabama,False,outlink
COVID-19 pandemic in Alaska,False,outlink
COVID-19 pandemic in Albania,False,backlink
COVID-19 pandemic in Alberta,False,outlink
COVID-19 pandemic in Algeria,False,backlink
COVID-19 pandemic in American Samoa,False,outlink
COVID-19 pandemic in Andhra Pradesh,False,outlink
COVID-19 pandemic in Andorra,False,backlink
COVID-19 pandemic in Angola,False,outlink
COVID-19 pandemic in Anguilla,False,outlink
COVID-19 pandemic in Antarctica,False,outlink
COVID-19 pandemic in Antigua and Barbuda,False,outlink
COVID-19 pandemic in Argentina,False,backlink
COVID-19 pandemic in Arizona,False,outlink
COVID-19 pandemic in Arkansas,False,outlink
COVID-19 pandemic in Armenia,False,backlink
COVID-19 pandemic in Aruba,False,outlink
COVID-19 pandemic in Arunachal Pradesh,False,outlink
COVID-19 pandemic in Asia,False,backlink
COVID-19 pandemic in Assam,False,outlink
COVID-19 pandemic in Asturias,False,outlink
"COVID-19 pandemic in Austin, Texas",False,outlink
COVID-19 pandemic in Australia,False,backlink
COVID-19 pandemic in Austria,False,backlink
COVID-19 pandemic in Azerbaijan,False,backlink
COVID-19 pandemic in Bahrain,False,backlink
COVID-19 pandemic in Bangladesh,False,outlink
COVID-19 pandemic in Bangsamoro,False,outlink
COVID-19 pandemic in Barbados,False,outlink
COVID-19 pandemic in Beijing,False,outlink
COVID-19 pandemic in Belarus,False,backlink
COVID-19 pandemic in Belgium,False,backlink
COVID-19 pandemic in Belize,False,outlink
COVID-19 pandemic in Benin,False,outlink
COVID-19 pandemic in Bermuda,False,outlink
COVID-19 pandemic in Bhutan,False,outlink
COVID-19 pandemic in Bihar,False,outlink
COVID-19 pandemic in Bolivia,False,outlink
COVID-19 pandemic in Bonaire,False,outlink
COVID-19 pandemic in Bosnia and Herzegovina,False,backlink
COVID-19 pandemic in Boston,False,outlink
COVID-19 pandemic in Botswana,False,outlink
COVID-19 pandemic in Brazil,False,backlink
COVID-19 pandemic in British Columbia,False,outlink
COVID-19 pandemic in Brunei,False,backlink
COVID-19 pandemic in Bulgaria,False,backlink
COVID-19 pandemic in Burkina Faso,False,outlink
COVID-19 pandemic in Burundi,False,outlink
COVID-19 pandemic in Cagayan Valley,False,outlink
COVID-19 pandemic in Calabarzon,False,outlink
COVID-19 pandemic in California,False,backlink
COVID-19 pandemic in Cambodia,False,backlink
COVID-19 pandemic in Cameroon,False,backlink
COVID-19 pandemic in Canada,False,backlink
COVID-19 pandemic in Cape Verde,False,outlink
COVID-19 pandemic in Caraga,False,outlink
COVID-19 pandemic in Central Luzon,False,outlink
COVID-19 pandemic in Central Visayas,False,outlink
COVID-19 pandemic in Ceuta,False,outlink
COVID-19 pandemic in Chad,False,outlink
COVID-19 pandemic in Chandigarh,False,outlink
COVID-19 pandemic in Chhattisgarh,False,outlink
COVID-19 pandemic in Chile,False,backlink
COVID-19 pandemic in Christmas Island,False,outlink
COVID-19 pandemic in Colombia,False,backlink
COVID-19 pandemic in Colorado,False,outlink
"COVID-19 pandemic in Columbus, Ohio",False,outlink
COVID-19 pandemic in Connecticut,False,outlink
COVID-19 pandemic in Costa Rica,False,backlink
COVID-19 pandemic in Crimea,False,outlink
COVID-19 pandemic in Croatia,False,outlink
COVID-19 pandemic in Cuba,False,outlink
COVID-19 pandemic in Curaçao,False,outlink
COVID-19 pandemic in Cusco,False,outlink
COVID-19 pandemic in Cyprus,False,backlink
COVID-19 pandemic in Dadra and Nagar Haveli and Daman and Diu,False,outlink
COVID-19 pandemic in Delaware,False,outlink
COVID-19 pandemic in Delhi,False,outlink
COVID-19 pandemic in Denmark,False,backlink
COVID-19 pandemic in Djibouti,False,outlink
COVID-19 pandemic in Dominica,False,outlink
COVID-19 pandemic in Easter Island,False,outlink
COVID-19 pandemic in Eastern Visayas,False,outlink
COVID-19 pandemic in Ecuador,False,backlink
COVID-19 pandemic in Egypt,False,backlink
COVID-19 pandemic in El Salvador,False,outlink
COVID-19 pandemic in England,False,outlink
COVID-19 pandemic in Equatorial Guinea,False,outlink
COVID-19 pandemic in Eritrea,False,outlink
COVID-19 pandemic in Estonia,False,backlink
COVID-19 pandemic in Eswatini,False,outlink
COVID-19 pandemic in Ethiopia,False,outlink
COVID-19 pandemic in Europe,False,backlink
COVID-19 pandemic in Fiji,False,outlink
COVID-19 pandemic in Finland,False,backlink
COVID-19 pandemic in Florida,False,outlink
COVID-19 pandemic in France,False,backlink
COVID-19 pandemic in French Guiana,False,outlink
COVID-19 pandemic in French Polynesia,False,outlink
COVID-19 pandemic in Gabon,False,outlink
COVID-19 pandemic in Gagauzia,False,outlink
COVID-19 pandemic in Georgia (U.S. state),False,outlink
COVID-19 pandemic in Georgia (country),False,backlink
COVID-19 pandemic in Germany,False,backlink
COVID-19 pandemic in Ghana,False,outlink
COVID-19 pandemic in Gibraltar,False,outlink
COVID-19 pandemic in Goa,False,outlink
COVID-19 pandemic in Greece,False,backlink
COVID-19 pandemic in Greenland,False,outlink
COVID-19 pandemic in Grenada,False,outlink
COVID-19 pandemic in Guadeloupe,False,outlink
COVID-19 pandemic in Guam,False,outlink
COVID-19 pandemic in Guatemala,False,outlink
COVID-19 pandemic in Guernsey,False,backlink
COVID-19 pandemic in Guinea,False,outlink
COVID-19 pandemic in Guinea-Bissau,False,outlink
COVID-19 pandemic in Gujarat,False,outlink
COVID-19 pandemic in Guyana,False,outlink
COVID-19 pandemic in Haiti,False,outlink
COVID-19 pandemic in Haryana,False,outlink
COVID-19 pandemic in Hawaii,False,outlink
COVID-19 pandemic in Heilongjiang,False,outlink
COVID-19 pandemic in Henan,False,outlink
COVID-19 pandemic in Himachal Pradesh,False,outlink
COVID-19 pandemic in Honduras,False,outlink
COVID-19 pandemic in Hong Kong,False,backlink
COVID-19 pandemic in Hubei,False,backlink
COVID-19 pandemic in Hungary,False,backlink
COVID-19 pandemic in Iceland,False,backlink
COVID-19 pandemic in Idaho,False,outlink
COVID-19 pandemic in Illinois,False,outlink
COVID-19 pandemic in India,False,outlink
COVID-19 pandemic in Indiana,False,outlink
COVID-19 pandemic in Indonesia,False,backlink
COVID-19 pandemic in Inner Mongolia,False,outlink
COVID-19 pandemic in Iowa,False,outlink
COVID-19 pandemic in Iran,False,backlink
COVID-19 pandemic in Iraq,False,backlink
COVID-19 pandemic in Israel,False,backlink
COVID-19 pandemic in Italy,False,backlink
COVID-19 pandemic in Ivory Coast,False,outlink
COVID-19 pandemic in Jamaica,False,outlink
COVID-19 pandemic in Jammu and Kashmir,False,outlink
COVID-19 pandemic in Japan,False,backlink
COVID-19 pandemic in Jersey,False,outlink
COVID-19 pandemic in Jharkhand,False,outlink
COVID-19 pandemic in Johor,False,outlink
COVID-19 pandemic in Jordan,False,outlink
COVID-19 pandemic in Kansas,False,outlink
COVID-19 pandemic in Karnataka,False,outlink
COVID-19 pandemic in Kazakhstan,False,outlink
COVID-19 pandemic in Kentucky,False,outlink
COVID-19 pandemic in Kenya,False,outlink
COVID-19 pandemic in Kerala,False,backlink
COVID-19 pandemic in Kiribati,False,outlink
COVID-19 pandemic in Kosovo,False,outlink
COVID-19 pandemic in Kuala Lumpur,False,outlink
COVID-19 pandemic in Kuwait,False,backlink
COVID-19 pandemic in Kyrgyzstan,False,outlink
COVID-19 pandemic in Ladakh,False,outlink
COVID-19 pandemic in Lakshadweep,False,outlink
COVID-19 pandemic in Laos,False,outlink
COVID-19 pandemic in Latvia,False,backlink
COVID-19 pandemic in Lebanon,False,backlink
COVID-19 pandemic in Lesotho,False,outlink
COVID-19 pandemic in Liaoning,False,outlink
COVID-19 pandemic in Liberia,False,outlink
COVID-19 pandemic in Libya,False,outlink
COVID-19 pandemic in Liechtenstein,False,backlink
COVID-19 pandemic in Lithuania,False,backlink
COVID-19 pandemic in London,False,outlink
COVID-19 pandemic in Louisiana,False,outlink
COVID-19 pandemic in Luxembourg,False,backlink
COVID-19 pandemic in Macau,False,backlink
COVID-19 pandemic in Madagascar,False,outlink
COVID-19 pandemic in Madhya Pradesh,False,outlink
COVID-19 pandemic in Maharashtra,False,outlink
COVID-19 pandemic in Maine,False,outlink
COVID-19 pandemic in Malawi,False,outlink
COVID-19 pandemic in Malaysia,False,backlink
COVID-19 pandemic in Maldives,False,outlink
COVID-19 pandemic in Mali,False,outlink
COVID-19 pandemic in Malta,False,backlink
COVID-19 pandemic in Manipur,False,outlink
COVID-19 pandemic in Manitoba,False,outlink
COVID-19 pandemic in Martinique,False,outlink
COVID-19 pandemic in Maryland,False,outlink
COVID-19 pandemic in Massachusetts,False,outlink
COVID-19 pandemic in Mauritania,False,outlink
COVID-19 pandemic in Mauritius,False,outlink
COVID-19 pandemic in Mayotte,False,outlink
COVID-19 pandemic in Meghalaya,False,outlink
COVID-19 pandemic in Melilla,False,outlink
COVID-19 pandemic in Metro Manila,False,outlink
COVID-19 pandemic in Mexico,False,backlink
COVID-19 pandemic in Michigan,False,outlink
COVID-19 pandemic in Mimaropa,False,outlink
COVID-19 pandemic in Minnesota,False,outlink
COVID-19 pandemic in Mississippi,False,outlink
COVID-19 pandemic in Missouri,False,outlink
COVID-19 pandemic in Mizoram,False,outlink
COVID-19 pandemic in Moldova,False,backlink
COVID-19 pandemic in Monaco,False,backlink
COVID-19 pandemic in Mongolia,False,backlink
COVID-19 pandemic in Montana,False,outlink
COVID-19 pandemic in Montenegro,False,outlink
COVID-19 pandemic in Montreal,False,outlink
COVID-19 pandemic in Montserrat,False,outlink
COVID-19 pandemic in Morocco,False,backlink
COVID-19 pandemic in Mozambique,False,outlink
COVID-19 pandemic in Myanmar,False,outlink
COVID-19 pandemic in Nagaland,False,outlink
COVID-19 pandemic in Namibia,False,outlink
COVID-19 pandemic in Nauru,False,outlink
COVID-19 pandemic in Nebraska,False,outlink
COVID-19 pandemic in Nepal,False,outlink
COVID-19 pandemic in Nevada,False,outlink
COVID-19 pandemic in New Brunswick,False,outlink
COVID-19 pandemic in New Caledonia,False,outlink
COVID-19 pandemic in New Hampshire,False,outlink
COVID-19 pandemic in New Jersey,False,outlink
COVID-19 pandemic in New Mexico,False,outlink
COVID-19 pandemic in New South Wales,False,outlink
COVID-19 pandemic in New York (state),False,backlink
COVID-19 pandemic in New York City,False,outlink
COVID-19 pandemic in New Zealand,False,backlink
COVID-19 pandemic in Newfoundland and Labrador,False,outlink
COVID-19 pandemic in Nicaragua,False,outlink
COVID-19 pandemic in Niger,False,outlink
COVID-19 pandemic in Nigeria,False,backlink
COVID-19 pandemic in Niue,False,outlink
COVID-19 pandemic in Norfolk Island,False,outlink
COVID-19 pandemic in Normandy,False,outlink
COVID-19 pandemic in North America,False,backlink
COVID-19 pandemic in North Carolina,False,outlink
COVID-19 pandemic in North Dakota,False,outlink
COVID-19 pandemic in North Korea,False,outlink
COVID-19 pandemic in North Macedonia,False,backlink
COVID-19 pandemic in North Rhine-Westphalia,False,outlink
COVID-19 pandemic in Northern Cyprus,False,outlink
COVID-19 pandemic in Northern Ireland,False,outlink
COVID-19 pandemic in Northern Mindanao,False,outlink
COVID-19 pandemic in Norway,False,backlink
COVID-19 pandemic in Nova Scotia,False,outlink
COVID-19 pandemic in Nunavut,False,outlink
COVID-19 pandemic in Oceania,False,backlink
COVID-19 pandemic in Odisha,False,outlink
COVID-19 pandemic in Ohio,False,outlink
COVID-19 pandemic in Oklahoma,False,outlink
COVID-19 pandemic in Oman,False,backlink
COVID-19 pandemic in Ontario,False,outlink
COVID-19 pandemic in Oregon,False,outlink
COVID-19 pandemic in Ottawa,False,outlink
COVID-19 pandemic in Pakistan,False,backlink
COVID-19 pandemic in Palau,False,outlink
COVID-19 pandemic in Palestine,False,backlink
COVID-19 pandemic in Panama,False,outlink
COVID-19 pandemic in Papua New Guinea,False,outlink
COVID-19 pandemic in Paraguay,False,outlink
COVID-19 pandemic in Pennsylvania,False,outlink
COVID-19 pandemic in Peru,False,outlink
COVID-19 pandemic in Philadelphia,False,outlink
COVID-19 pandemic in Poland,False,backlink
"COVID-19 pandemic in Portland, Oregon",False,outlink
COVID-19 pandemic in Portugal,False,backlink
COVID-19 pandemic in Prince Edward Island,False,outlink
COVID-19 pandemic in Puducherry,False,outlink
COVID-19 pandemic in Puerto Rico,False,outlink
"COVID-19 pandemic in Punjab, India",False,outlink
COVID-19 pandemic in Puntland,False,outlink
COVID-19 pandemic in Qatar,False,backlink
COVID-19 pandemic in Quebec,False,outlink
COVID-19 pandemic in Queensland,False,outlink
COVID-19 pandemic in Rajasthan,False,outlink
COVID-19 pandemic in Rhode Island,False,outlink
COVID-19 pandemic in Romania,False,backlink
COVID-19 pandemic in Russia,False,backlink
COVID-19 pandemic in Rwanda,False,outlink
COVID-19 pandemic in Réunion,False,outlink
COVID-19 pandemic in Saba,False,outlink
COVID-19 pandemic in Sabah,False,outlink
COVID-19 pandemic in Saint Barthélemy,False,outlink
"COVID-19 pandemic in Saint Helena, Ascension and Tristan da Cunha",False,outlink
COVID-19 pandemic in Saint Kitts and Nevis,False,outlink
COVID-19 pandemic in Saint Lucia,False,outlink
COVID-19 pandemic in Saint Pierre and Miquelon,False,outlink
COVID-19 pandemic in Saint Vincent and the Grenadines,False,outlink
COVID-19 pandemic in Samoa,False,outlink
COVID-19 pandemic in San Marino,False,backlink
COVID-19 pandemic in Sarawak,False,outlink
COVID-19 pandemic in Saskatchewan,False,outlink
COVID-19 pandemic in Saudi Arabia,False,backlink
COVID-19 pandemic in Scotland,False,outlink
COVID-19 pandemic in Selangor,False,outlink
COVID-19 pandemic in Senegal,False,outlink
COVID-19 pandemic in Serbia,False,backlink
COVID-19 pandemic in Sevastopol,False,outlink
COVID-19 pandemic in Seychelles,False,outlink
COVID-19 pandemic in Shanghai,False,outlink
COVID-19 pandemic in Sichuan,False,outlink
COVID-19 pandemic in Sierra Leone,False,outlink
COVID-19 pandemic in Sikkim,False,outlink
COVID-19 pandemic in Singapore,False,backlink
COVID-19 pandemic in Sint Eustatius,False,outlink
COVID-19 pandemic in Sint Maarten,False,outlink
COVID-19 pandemic in Slovakia,False,backlink
COVID-19 pandemic in Slovenia,False,backlink
COVID-19 pandemic in Soccsksargen,False,outlink
COVID-19 pandemic in Somalia,False,outlink
COVID-19 pandemic in Somaliland,False,outlink
COVID-19 pandemic in South Africa,False,backlink
COVID-19 pandemic in South America,False,outlink
COVID-19 pandemic in South Asia,False,outlink
COVID-19 pandemic in South Australia,False,outlink
COVID-19 pandemic in South Carolina,False,outlink
COVID-19 pandemic in South Dakota,False,outlink
COVID-19 pandemic in South Korea,False,backlink
COVID-19 pandemic in South Ossetia,False,outlink
COVID-19 pandemic in South Sudan,False,outlink
COVID-19 pandemic in Southeast Asia,False,outlink
COVID-19 pandemic in Spain,False,backlink
COVID-19 pandemic in Sri Lanka,False,backlink
COVID-19 pandemic in Sudan,False,outlink
COVID-19 pandemic in Suriname,False,outlink
COVID-19 pandemic in Svalbard,False,outlink
COVID-19 pandemic in Sweden,False,outlink
COVID-19 pandemic in Switzerland,False,backlink
COVID-19 pandemic in Syria,False,outlink
COVID-19 pandemic in São Paulo (state),False,outlink
COVID-19 pandemic in São Tomé and Príncipe,False,outlink
COVID-19 pandemic in Taiwan,False,backlink
COVID-19 pandemic in Tajikistan,False,outlink
COVID-19 pandemic in Tamil Nadu,False,outlink
COVID-19 pandemic in Tanzania,False,outlink
COVID-19 pandemic in Tasmania,False,outlink
COVID-19 pandemic in Telangana,False,outlink
COVID-19 pandemic in Tennessee,False,outlink
COVID-19 pandemic in Texas,False,outlink
COVID-19 pandemic in Thailand,False,backlink
COVID-19 pandemic in Tibet,False,outlink
COVID-19 pandemic in Timor-Leste,False,outlink
COVID-19 pandemic in Togo,False,backlink
COVID-19 pandemic in Tokelau,False,outlink
COVID-19 pandemic in Tokyo,False,outlink
COVID-19 pandemic in Tonga,False,outlink
COVID-19 pandemic in Toronto,False,outlink
COVID-19 pandemic in Transnistria,False,outlink
COVID-19 pandemic in Trinidad and Tobago,False,outlink
COVID-19 pandemic in Tripura,False,outlink
COVID-19 pandemic in Tunisia,False,outlink
COVID-19 pandemic in Turkey,False,outlink
COVID-19 pandemic in Turkmenistan,False,outlink
COVID-19 pandemic in Tuvalu,False,outlink
COVID-19 pandemic in U.S. immigration detention,False,outlink
COVID-19 pandemic in Uganda,False,outlink
COVID-19 pandemic in Ukraine,False,backlink
COVID-19 pandemic in Uruguay,False,outlink
COVID-19 pandemic in Utah,False,outlink
COVID-19 pandemic in Uttar Pradesh,False,outlink
COVID-19 pandemic in Uttarakhand,False,outlink
COVID-19 pandemic in Uzbekistan,False,outlink
COVID-19 pandemic in Vanuatu,False,outlink
COVID-19 pandemic in Vatican City,False,backlink
COVID-19 pandemic in Venezuela,False,outlink
COVID-19 pandemic in Vermont,False,outlink
COVID-19 pandemic in Victoria,False,outlink
COVID-19 pandemic in Vietnam,False,backlink
COVID-19 pandemic in Virginia,False,outlink
COVID-19 pandemic in Wales,False,outlink
COVID-19 pandemic in Wallis and Futuna,False,outlink
COVID-19 pandemic in Washington (state),False,backlink
"COVID-19 pandemic in Washington, D.C.",False,outlink
COVID-19 pandemic in West Bengal,False,outlink
COVID-19 pandemic in West Virginia,False,outlink
COVID-19 pandemic in Western Australia,False,outlink
COVID-19 pandemic in Western Sahara,False,outlink
COVID-19 pandemic in Western Visayas,False,outlink
COVID-19 pandemic in Wisconsin,False,outlink
COVID-19 pandemic in Wyoming,False,outlink
COVID-19 pandemic in Xinjiang,False,outlink
COVID-19 pandemic in Yemen,False,outlink
COVID-19 pandemic in Yukon,False,outlink
COVID-19 pandemic in Zambia,False,outlink
COVID-19 pandemic in Zamboanga Peninsula,False,outlink
COVID-19 pandemic in Zimbabwe,False,outlink
COVID-19 pandemic in mainland China,False,backlink
COVID-19 pandemic in popular culture,False,outlink
COVID-19 pandemic in the Andaman and Nicobar Islands,False,outlink
COVID-19 pandemic in the Australian Capital Territory,False,outlink
COVID-19 pandemic in the Autonomous Region of Bougainville,False,outlink
COVID-19 pandemic in the Bahamas,False,outlink
COVID-19 pandemic in the Bicol Region,False,outlink
COVID-19 pandemic in the British Indian Ocean Territory,False,outlink
COVID-19 pandemic in the British Overseas Territories,False,outlink
COVID-19 pandemic in the British Virgin Islands,False,outlink
COVID-19 pandemic in the Canary Islands,False,outlink
COVID-19 pandemic in the Cayman Islands,False,outlink
COVID-19 pandemic in the Central African Republic,False,outlink
COVID-19 pandemic in the Cocos (Keeling) Islands,False,outlink
COVID-19 pandemic in the Collectivity of Saint Martin,False,outlink
COVID-19 pandemic in the Community of Madrid,False,outlink
COVID-19 pandemic in the Comoros,False,outlink
COVID-19 pandemic in the Cook Islands,False,outlink
COVID-19 pandemic in the Cordillera Administrative Region,False,outlink
COVID-19 pandemic in the Crown Dependencies,False,outlink
COVID-19 pandemic in the Czech Republic,False,backlink
COVID-19 pandemic in the Davao Region,False,outlink
COVID-19 pandemic in the Democratic Republic of the Congo,False,outlink
COVID-19 pandemic in the Dominican Republic,False,backlink
COVID-19 pandemic in the Falkland Islands,False,outlink
COVID-19 pandemic in the Faroe Islands,False,outlink
COVID-19 pandemic in the Federated States of Micronesia,False,outlink
COVID-19 pandemic in the Gambia,False,outlink
COVID-19 pandemic in the Guantanamo Bay Naval Base,False,outlink
COVID-19 pandemic in the Ilocos Region,False,outlink
COVID-19 pandemic in the Isle of Man,False,outlink
COVID-19 pandemic in the Kurdistan Region,False,outlink
COVID-19 pandemic in the Marshall Islands,False,outlink
COVID-19 pandemic in the Navajo Nation,False,outlink
COVID-19 pandemic in the Netherlands,False,backlink
COVID-19 pandemic in the Northern Mariana Islands,False,outlink
COVID-19 pandemic in the Northern Territory,False,outlink
COVID-19 pandemic in the Northwest Territories,False,outlink
COVID-19 pandemic in the Philippines,False,backlink
COVID-19 pandemic in the Pitcairn Islands,False,outlink
COVID-19 pandemic in the Regional Municipality of Peel,False,outlink
COVID-19 pandemic in the Regional Municipality of York,False,outlink
COVID-19 pandemic in the Republic of Artsakh,False,outlink
COVID-19 pandemic in the Republic of Ireland,False,backlink
COVID-19 pandemic in the Republic of the Congo,False,outlink
COVID-19 pandemic in the Sahrawi Arab Democratic Republic,False,outlink
COVID-19 pandemic in the San Francisco Bay Area,False,outlink
COVID-19 pandemic in the Solomon Islands,False,outlink
COVID-19 pandemic in the State of Palestine,False,outlink
COVID-19 pandemic in the Turks and Caicos Islands,False,outlink
COVID-19 pandemic in the United Arab Emirates,False,backlink
COVID-19 pandemic in the United Kingdom,False,backlink
COVID-19 pandemic in the United States,False,backlink
COVID-19 pandemic in the United States Virgin Islands,False,outlink
COVID-19 pandemic in Åland,False,outlink
COVID-19 pandemic on Charles de Gaulle,False,outlink
COVID-19 pandemic on Diamond Princess,False,outlink
COVID-19 pandemic on Grand Princess,False,outlink
COVID-19 pandemic on USS Theodore Roosevelt,False,outlink
COVID-19 pandemic on cruise ships,False,backlink
COVID-19 pandemic on naval ships,False,outlink
COVID-19 protests in Australia,False,outlink
COVID-19 protests in Canada,False,outlink
COVID-19 protests in Germany,False,outlink
COVID-19 protests in Israel,False,outlink
COVID-19 protests in New Zealand,False,outlink
COVID-19 protests in the Netherlands,False,outlink
COVID-19 protests in the United Kingdom,False,outlink
COVID-19 protests in the United States,False,outlink
COVID-19 rapid antigen test,False,outlink
COVID-19 recession,False,outlink
COVID-19 scams,False,category
COVID-19 season,False,outlink
COVID-19 surveillance,False,outlink
COVID-19 testing,False,backlink
COVID-19 vaccination,False,outlink
COVID-19 vaccination in Africa,False,outlink
COVID-19 vaccination in Albania,False,outlink
COVID-19 vaccination in Algeria,False,outlink
COVID-19 vaccination in Angola,False,outlink
COVID-19 vaccination in Argentina,False,outlink
COVID-19 vaccination in Australia,False,outlink
COVID-19 vaccination in Bangladesh,False,outlink
COVID-19 vaccination in Bhutan,False,outlink
COVID-19 vaccination in Bosnia and Herzegovina,False,outlink
COVID-19 vaccination in Botswana,False,outlink
COVID-19 vaccination in Brazil,False,outlink
COVID-19 vaccination in Bulgaria,False,outlink
COVID-19 vaccination in Burkina Faso,False,outlink
COVID-19 vaccination in Burundi,False,outlink
COVID-19 vaccination in Cameroon,False,outlink
COVID-19 vaccination in Canada,False,outlink
COVID-19 vaccination in Cape Verde,False,outlink
COVID-19 vaccination in Chad,False,outlink
COVID-19 vaccination in Colombia,False,outlink
COVID-19 vaccination in Croatia,False,outlink
COVID-19 vaccination in Denmark,False,outlink
COVID-19 vaccination in Djibouti,False,outlink
COVID-19 vaccination in Egypt,False,outlink
COVID-19 vaccination in Equatorial Guinea,False,outlink
COVID-19 vaccination in Eswatini,False,outlink
COVID-19 vaccination in Fiji,False,outlink
COVID-19 vaccination in France,False,outlink
COVID-19 vaccination in Germany,False,outlink
COVID-19 vaccination in Ghana,False,outlink
COVID-19 vaccination in Greece,False,outlink
COVID-19 vaccination in Haiti,False,outlink
COVID-19 vaccination in Hungary,False,outlink
COVID-19 vaccination in Iceland,False,outlink
COVID-19 vaccination in India,False,outlink
COVID-19 vaccination in Indonesia,False,outlink
COVID-19 vaccination in Iran,False,outlink
COVID-19 vaccination in Israel,False,outlink
COVID-19 vaccination in Italy,False,outlink
COVID-19 vaccination in Japan,False,outlink
COVID-19 vaccination in Kazakhstan,False,outlink
COVID-19 vaccination in Malaysia,False,outlink
COVID-19 vaccination in Mexico,False,outlink
COVID-19 vaccination in Moldova,False,outlink
COVID-19 vaccination in Morocco,False,outlink
COVID-19 vaccination in Nepal,False,outlink
COVID-19 vaccination in New Zealand,False,outlink
COVID-19 vaccination in Nigeria,False,outlink
COVID-19 vaccination in Norway,False,outlink
COVID-19 vaccination in Ontario,False,outlink
COVID-19 vaccination in Peru,False,outlink
COVID-19 vaccination in Portugal,False,outlink
COVID-19 vaccination in Quebec,False,outlink
COVID-19 vaccination in Romania,False,outlink
COVID-19 vaccination in Russia,False,outlink
COVID-19 vaccination in Senegal,False,outlink
COVID-19 vaccination in Singapore,False,outlink
COVID-19 vaccination in South Africa,False,outlink
COVID-19 vaccination in South Korea,False,outlink
COVID-19 vaccination in Spain,False,outlink
COVID-19 vaccination in Sri Lanka,False,outlink
COVID-19 vaccination in Sweden,False,outlink
COVID-19 vaccination in Switzerland,False,outlink
COVID-19 vaccination in Taiwan,False,outlink
COVID-19 vaccination in Thailand,False,outlink
COVID-19 vaccination in Turkey,False,outlink
COVID-19 vaccination in Ukraine,False,outlink
COVID-19 vaccination in Vietnam,False,outlink
COVID-19 vaccination in Zimbabwe,False,outlink
COVID-19 vaccination in mainland China,False,outlink
COVID-19 vaccination in the Comoros,False,outlink
COVID-19 vaccination in the Democratic Republic of the Congo,False,outlink
COVID-19 vaccination in the Philippines,False,outlink
COVID-19 vaccination in the Republic of Ireland,False,outlink
COVID-19 vaccination in the United Arab Emirates,False,outlink
COVID-19 vaccination in the United Kingdom,False,outlink
COVID-19 vaccination in the United States,False,outlink
COVID-19 vaccination mandates in the United States,False,outlink
COVID-19 vaccination programme in Saudi Arabia,False,outlink
COVID-19 vaccine,False,backlink
COVID-19 vaccine card,False,outlink
COVID-19 vaccine clinical research,False,outlink
COVID-19 vaccine distribution by country and territory,False,category
COVID-19 vaccine hesitancy in the United States,False,outlink
COVID-19 vaccine misinformation and hesitancy,False,category
COVIDSafe,False,outlink
COVID‑19 datasets,False,outlink
COVID‑19 testing,False,outlink
COVID‑19 vaccine,False,outlink
COVIran Barekat,False,outlink
CT scan,False,outlink
CURB-65,False,outlink
CXCL10,False,outlink
CXCL9,False,outlink
Cachexia,False,outlink
Cadmium,False,outlink
Cadmium poisoning,False,outlink
Caixin,False,outlink
California encephalitis orthobunyavirus,False,outlink
California government response to the COVID-19 pandemic,False,outlink
Camel,False,outlink
Camilla Rothe,False,outlink
Camostat,False,category
Canada,False,outlink
Canada convoy protest,False,outlink
Cancer,False,outlink
Cancer fatigue,False,outlink
Cancer pain,False,outlink
Cancer-related fatigue,False,outlink
Candidiasis,False,outlink
Canine coronavirus,False,outlink
Canine coronavirus HuPn-2018,False,outlink
Capillaries,False,outlink
Caplan's syndrome,False,outlink
Capsaicin,False,outlink
Captain Tom Moore,False,outlink
Carbapenem,False,outlink
Carbonic anhydrase 12,False,outlink
Cardiac muscle cell,False,outlink
Cardiovascular,False,outlink
Cardiovascular disease,False,outlink
CareFIJI,False,outlink
Caregiver,False,outlink
Carl Friedländer,False,outlink
Carl Zimmer,False,outlink
Carla Vizzotti,False,outlink
Carlo Urbani,False,outlink
Carmen Deseda,False,outlink
Carpal tunnel syndrome,False,outlink
Case fatality rate,False,outlink
Case–control study,False,outlink
Casirivimab/imdevimab,False,category
Catatonia,False,outlink
Cathepsin,False,outlink
Catherine Calderwood,False,outlink
Cats,False,outlink
Causal relationship,False,outlink
Cause (medicine),False,outlink
Cegacovirus,False,outlink
Celiac disease,False,outlink
Cell culture,False,outlink
Cell membrane,False,outlink
Cell proliferation,False,outlink
Cell-mediated immunity,False,outlink
Center for Countering Digital Hate,False,category
Center for Inquiry,False,outlink
Centers for Disease Control and Prevention,False,outlink
Centers for Medicare and Medicaid Services,False,outlink
Central Epidemic Command Center,False,outlink
Central Hospital of Wuhan,False,backlink
Central cyanosis,False,outlink
Central governor,False,outlink
Central nervous system,False,outlink
Central nervous system fatigue,False,outlink
Central nervous system viral disease,False,outlink
Cephalosporins,False,outlink
Cephazolin,False,outlink
Cerebral aneurysm,False,outlink
Cerebral hemorrhage,False,outlink
Cerebral infarction,False,outlink
Cerebrospinal fluid,False,outlink
Cervical cancer,False,outlink
Cervical lymphadenopathy,False,outlink
Chachoengsao Province,False,outlink
Chalicosis,False,outlink
Chandipura vesiculovirus,False,outlink
Chang Shan-chwen,False,outlink
Chapare virus,False,outlink
Charcot–Leyden crystals,False,outlink
Charitable activities related to the COVID-19 pandemic,False,outlink
Chemesthesis,False,outlink
Chemical pneumonia,False,outlink
Chemical pneumonitis,False,outlink
Chemokine,False,outlink
Chemokines,False,outlink
Chemotherapy,False,outlink
Chen Qiushi,False,backlink
Chen Shih-chung,False,backlink
Chen Wei (medical scientist),False,outlink
Chest X-ray,False,outlink
Chest auscultation,False,outlink
Chest pain,False,outlink
Chest pain in children,False,outlink
Chest physiotherapy,False,outlink
Chest radiograph,False,outlink
Chest radiography,False,outlink
Chest tube,False,outlink
Cheyne–Stokes respiration,False,outlink
Chikungunya,False,outlink
Chikungunya virus,False,outlink
Chilblain,False,outlink
Chili pepper,False,outlink
Chills,False,outlink
Chimeric antigen receptor T cell,False,outlink
China,False,outlink
China Rattus coronavirus HKU24,False,outlink
Chinese Academy of Medical Sciences COVID-19 vaccine,False,outlink
Chinese Center for Disease Control and Prevention,False,outlink
Chinese government response to COVID-19,False,outlink
Chlamydia,False,outlink
Chlamydia psittaci,False,outlink
Chlamydia trachomatis,False,outlink
Chlamydiota,False,outlink
Chlamydophila pneumoniae,False,outlink
Chlorhexidine gluconate,False,outlink
Chloroquine,False,outlink
Chloroquine and hydroxychloroquine during the COVID-19 pandemic,False,category
Choking,False,outlink
Chris Whitty,False,outlink
Christian Drosten,False,outlink
Christian Gram,False,outlink
Chronic (medical),False,outlink
Chronic (medicine),False,outlink
Chronic atrophic rhinitis,False,outlink
Chronic fatigue syndrome,False,outlink
Chronic kidney disease,False,outlink
Chronic obstructive pulmonary disease,False,outlink
Chronic pain,False,outlink
Chronic renal failure,False,outlink
Chronic stress,False,outlink
Chuang Yin-ching,False,outlink
Chunyun,False,outlink
Chylothorax,False,outlink
Ciliopathy,False,outlink
Cinanserin,False,category
Ciprofloxacin,False,outlink
Circulatory system,False,outlink
Circumventricular organ,False,outlink
CiteSeerX (identifier),False,outlink
Clade,False,outlink
Clarithromycin,False,outlink
Classification of pneumonia,False,outlink
Climate change,False,outlink
Climate lockdown,False,category
Clindamycin,False,outlink
Clinical case definition,False,outlink
Clinical depression,False,outlink
Clinical research,False,outlink
Clinical trial,False,outlink
Clouding of consciousness,False,outlink
Cluster 5,False,outlink
CoVLP,False,outlink
Coagulation,False,outlink
Coalition for Epidemic Preparedness Innovations,False,backlink
Coalworker's pneumoconiosis,False,outlink
Cocaine-induced midline destructive lesions,False,outlink
Coccidioides immitis,False,outlink
Coccidioidomycosis,False,outlink
Codeine,False,outlink
Codon usage bias,False,outlink
Cognition,False,outlink
Cognitive behavioral therapy,False,outlink
Cognitive deficit,False,outlink
Cognitive dysfunction,False,outlink
Cognitive flexibility,False,outlink
Cognitive impairment,False,outlink
Cognitive liberty,False,outlink
Cohort study,False,outlink
Colacovirus,False,outlink
Colchicine,False,outlink
Cold,False,outlink
Cold medicine,False,outlink
Collapse of Xinjia Express Hotel,False,backlink
Colonisation (biology),False,outlink
Color vision,False,outlink
Colorado tick fever,False,outlink
Colorblindness,False,outlink
Columbia University Irving Medical Center,False,outlink
Combat stress reaction,False,outlink
Combined pulmonary fibrosis and emphysema,False,outlink
Common ancestor,False,outlink
Common cold,False,outlink
Common moorhen coronavirus HKU21,False,outlink
Common name,False,outlink
Communication of the Trump administration during the COVID-19 pandemic,False,outlink
Community Activities Restrictions Enforcement,False,outlink
Community-acquired pneumonia,False,outlink
Comorbidity,False,outlink
Compartmental models in epidemiology,False,outlink
Complement protein,False,outlink
Complete blood count,False,outlink
Complication (medicine),False,outlink
Compression garment,False,outlink
Compromised immune system,False,outlink
Computational fluid dynamics,False,outlink
Computed tomography,False,outlink
Computer vision syndrome,False,outlink
Conduction (heat),False,outlink
Confederation Liberty and Independence,False,category
Confidence interval,False,outlink
Confusion,False,outlink
Congenital,False,outlink
Congenital anosmia,False,outlink
Connective tissue disease,False,outlink
Consciousness,False,outlink
Conservative Bulgaria,False,category
Conserved sequence,False,outlink
Constitutional symptoms,False,outlink
Contagion (2011 film),False,outlink
Contagious disease,False,outlink
Contaminate,False,outlink
Continuous fever,False,outlink
Controversies regarding COVID-19 contracts in the United Kingdom,False,outlink
Convalescent plasma,False,outlink
Convalescent serum,False,outlink
Convidecia,False,outlink
Convoy to Canberra,False,outlink
Convulsion,False,outlink
Corbevax,False,outlink
Core body temperature,False,outlink
Core temperature,False,outlink
Cornidovirineae,False,outlink
Corona Rintawan,False,outlink
Corona-Warn-App,False,outlink
Corona-chan,False,outlink
CoronaVac,False,outlink
Coronaviridae,False,outlink
Coronavirus,False,outlink
Coronavirus Australia,False,outlink
Coronavirus HKU15,False,outlink
"Coronavirus Preparedness and Response Supplemental Appropriations Act, 2020",False,backlink
Coronavirus Scientific Advisory Board,False,outlink
Coronavirus breathalyzer,False,outlink
Coronavirus diseases,False,outlink
Coronavirus envelope protein,False,outlink
Coronavirus membrane protein,False,outlink
Coronavirus nucleocapsid protein,False,outlink
Coronavirus spike protein,False,outlink
Corsi–Rosenthal Box,False,outlink
Corticosteroid,False,outlink
Corticosteroids,False,outlink
Cortisol,False,outlink
Costochondritis,False,outlink
Cough,True,seed
Cough medicine,False,outlink
Cough reflex,False,outlink
Cough suppressant,False,outlink
Cough-variant asthma,False,outlink
Covaxin,False,outlink
CoviVac (Russia COVID-19 vaccine),False,outlink
Covid Watch,False,outlink
Covid fan tutte,False,category
Covid-Organics,False,category
Coxiella burnetti,False,outlink
Coxsackie B virus,False,outlink
CpG dinucleotides,False,outlink
Crackles,False,outlink
Cranial nerves,False,outlink
Crazy paving (medicine),False,outlink
Creatinine,False,outlink
Credible interval,False,outlink
Crimean–Congo hemorrhagic fever,False,outlink
Crimson Contagion,False,outlink
Crisis Preparedness and Response Centre,False,outlink
Crisis Zone (graphic novel),False,category
Critical thinking,False,outlink
Crocodile,False,outlink
Cross-reactivity,False,outlink
Croup,False,outlink
Cruise liner,False,outlink
Cruise ship,False,outlink
Crush syndrome,False,outlink
Cryogenic electron microscopy,False,outlink
Cryptococcosis,False,outlink
Cryptococcus neoformans,False,outlink
Crystalloid solution,False,outlink
CureVac COVID-19 vaccine,False,outlink
Curschmann's spirals,False,outlink
Cushing's syndrome,False,outlink
Cutaneous manifestations of COVID-19,False,outlink
Cyanosis,False,outlink
Cyclic adenosine monophosphate,False,outlink
Cyclic guanosine monophosphate,False,outlink
Cyclooxygenase,False,outlink
Cysteine,False,outlink
Cystic fibrosis,False,outlink
Cystocele,False,outlink
Cytokine,False,outlink
Cytokine release syndrome,False,outlink
Cytokine storm,True,seed
Cytokines,False,outlink
Cytomegalovirus,False,outlink
Cytomegalovirus esophagitis,False,outlink
Cytomegalovirus retinitis,False,outlink
Cytosine,False,outlink
D-dimer,False,outlink
DLCO,False,outlink
DNA vaccine,False,outlink
DNA virus,False,outlink
DOCK2,False,outlink
DPP6,False,outlink
DSM-5,False,outlink
Dabie Mountain Regional Medical Centre,False,outlink
Daily Telegraph,False,outlink
Dale Fisher,False,backlink
Damage associated molecular pattern,False,outlink
Daniel Salinas,False,outlink
Danoprevir,False,category
Darmankade Medical Magazine,False,outlink
David Smadja,False,category
Deafness,False,outlink
Death,False,outlink
Death rattle,False,outlink
Deaths of anti-vaccine advocates from COVID-19,False,outlink
Deborah Birx,False,backlink
Decacovirus,False,outlink
Decentralized Privacy-Preserving Proximity Tracing,False,outlink
Decision-making,False,outlink
Decortication,False,outlink
Decreased level of consciousness,False,outlink
Deep clean (COVID-19),False,outlink
Deep vein,False,outlink
Deep vein thrombosis,False,outlink
Defeat COVID-19 Ad Hoc Committee,False,outlink
Defecation,False,outlink
Dehydration,False,outlink
DelNS1-2019-nCoV-RBD-OPT,False,outlink
Delirium,False,outlink
Deltacoronavirus,False,outlink
Delusion,False,outlink
Demand controlled ventilation,False,outlink
Dementia,False,outlink
Dementia with Lewy bodies,False,outlink
Dengue,False,outlink
Dengue fever,False,outlink
Dengue virus,False,outlink
Denmark,False,outlink
Department of Health (Hong Kong),False,outlink
Deployment of COVID-19 vaccines,False,outlink
Depression (mood),False,outlink
Depth perception,False,outlink
Desquamative interstitial pneumonia,False,outlink
Destiny Church (New Zealand),False,category
Deuremidevir,False,category
Developed world,False,outlink
Developing world,False,outlink
Development of COVID-19 tests,False,outlink
Developmental disorder,False,outlink
Dexamethasone,False,category
Dextromethorphan,False,outlink
Diabetes,False,outlink
Diabetes mellitus,False,outlink
Diagnosis,False,outlink
Diagnosis of exclusion,False,outlink
Diagnostic workup,False,outlink
Diarrhea,False,outlink
Dictyocaulus,False,outlink
Differential diagnosis,False,outlink
Diffuse alveolar damage,False,outlink
Diffuse lung disease,False,outlink
Diffuse panbronchiolitis,False,outlink
Diffusion MRI,False,outlink
Diminutive,False,outlink
Diphenhydramine,False,outlink
Diplopia,False,outlink
Directed attention fatigue,False,outlink
Disease,False,outlink
Disease X,False,backlink
Disease cluster,False,outlink
Diseases Database,False,outlink
Disequilibrium (medicine),False,outlink
Disinformation,False,outlink
Disorders of diminished motivation,False,outlink
Disorientation,False,outlink
Displacement ventilation,False,outlink
Disseminated intravascular coagulation,False,outlink
Disulfiram,False,category
Dizziness,False,outlink
Dobrava-Belgrade orthohantavirus,False,outlink
Dog,False,outlink
Dogs,False,outlink
Doi (identifier),False,outlink
Dolphins,False,outlink
Domestic duck,False,outlink
Donald McNeil Jr.,False,outlink
Doni Monardo,False,outlink
Doomscrolling,False,outlink
Dorsomedial hypothalamus,False,outlink
Downregulation,False,outlink
Doxycycline,False,outlink
Dragon's Heart Hospital,False,outlink
Drew Weissman,False,outlink
Drinking,False,outlink
Drop (liquid),False,outlink
Drug overdose,False,outlink
Drug repositioning,False,outlink
Drug resistance,False,outlink
Drug-induced hyperthermia,False,outlink
Dual-energy CT,False,outlink
Duck coronavirus 2714,False,outlink
Duodenum,False,outlink
Dutch government response to the COVID-19 pandemic,False,outlink
Duvenhage lyssavirus,False,outlink
Duvinacovirus,False,outlink
Dysautonomia,False,outlink
Dysgeusia,False,outlink
Dysosmia,False,outlink
Dysphagia,False,outlink
Dysphonia,False,outlink
Dyspnea,True,seed
E484K,False,outlink
ECDC,False,outlink
EDIL3,False,outlink
EMedicine,False,outlink
ENTPD2,False,outlink
EU Digital COVID Certificate,False,outlink
Ear,False,outlink
Eastern States Multi-state Council,False,outlink
Eastern equine encephalitis,False,outlink
Eating disorder,False,outlink
Ebola virus disease,False,outlink
EcoHealth Alliance,False,backlink
Economic impact of the COVID-19 pandemic,False,outlink
Economic impact of the COVID-19 pandemic in Canada,False,outlink
Economic impact of the COVID-19 pandemic in India,False,outlink
Economic impact of the COVID-19 pandemic in Malaysia,False,outlink
Economic impact of the COVID-19 pandemic in New Zealand,False,outlink
Economic impact of the COVID-19 pandemic in Russia,False,outlink
Economic impact of the COVID-19 pandemic in the Republic of Ireland,False,outlink
Economic impact of the COVID-19 pandemic in the United Kingdom,False,outlink
Economic impact of the COVID-19 pandemic in the United States,False,outlink
Economy of the United Kingdom,False,outlink
Edwin Klebs,False,outlink
Effects of fatigue on safety,False,outlink
Ego depletion,False,outlink
Egophony,False,outlink
Eidolon bat coronavirus C704,False,outlink
Electrocardiogram,False,outlink
Electrogustometry,False,outlink
Electrolyte,False,outlink
Electromyography,False,outlink
Electron microscope,False,outlink
Elevated transaminases,False,outlink
Elsevier,False,outlink
Embecovirus,False,outlink
Embolic and thrombotic events after COVID-19 vaccination,False,outlink
Emergency evacuation procedures during the COVID-19 pandemic,False,outlink
Emergency use authorisation,False,outlink
Emergency use authorization,False,outlink
Emotion,False,outlink
Empiric therapy,False,outlink
Empyema,False,outlink
Encephalitis,False,outlink
Encephalitis lethargica,False,outlink
Encephalopathy,False,outlink
Encoding (memory),False,outlink
Encyclopedia of Life,False,outlink
Encyclopædia Britannica,False,outlink
Endemic COVID-19,False,category
Endemic phase of COVID-19,False,outlink
Endocrine disease,False,outlink
Endocrine organs,False,outlink
Endogenous retrovirus,False,outlink
Endogeny,False,outlink
Endomyocardial biopsy,False,outlink
Endoscopy,False,outlink
Endosome,False,outlink
Endothelial dysfunction,False,outlink
Endotheliitis,False,outlink
Endothelium,False,outlink
Endotoxin,False,outlink
Endotracheal intubation,False,outlink
Enhanced community quarantine in Luzon,False,outlink
Ensitrelvir,False,category
Enterocyte,False,outlink
Enterovirus,False,outlink
Environmental degradation,False,outlink
Enzyme,False,outlink
Eosinophilic,False,outlink
Eosinophilic bronchitis,False,outlink
Eosinophilic pneumonia,False,outlink
Eosinophils,False,outlink
EpiVacCorona,False,outlink
Epidemic curve,False,outlink
Epidemiological,False,outlink
Epidemiologist,False,outlink
Epidemiology of pneumonia,False,outlink
Epiglottis,False,outlink
Epiglottitis,False,outlink
Epilepsy,False,outlink
Epinephrine,False,outlink
Epistaxis,False,outlink
Epithelium,False,outlink
Epstein–Barr virus,False,outlink
Epstein–Barr virus infection,False,outlink
Erythromycin,False,outlink
Escherichia coli,False,outlink
Esophagus,False,outlink
Esthesioneuroblastoma,False,outlink
Etesevimab,False,outlink
Ethanol,False,outlink
Ethmoid bone,False,outlink
Etiologies,False,outlink
Etiology,False,outlink
EuCorVac-19,False,outlink
European Centre for Disease Prevention and Control,False,outlink
European Medicines Agency,False,outlink
European Union,False,outlink
European Union response to the COVID-19 pandemic,False,outlink
Evacuations by the Philippines related to the COVID-19 pandemic,False,outlink
Evacuations related to the COVID-19 pandemic,False,category
Evaporate,False,outlink
Evgenia Medvedeva,False,backlink
Excessive alcohol consumption,False,outlink
Exercise Cygnus,False,outlink
Exercise intolerance,False,outlink
Exercise-induced asthma,False,outlink
Exhalation,False,outlink
Experiential avoidance,False,outlink
Experimental drug,False,outlink
Exposure Notification,False,outlink
Extracorporeal membrane oxygenation,False,outlink
"Extranodal NK/T-cell lymphoma, nasal type",False,outlink
Exudate,False,outlink
Exudates,False,outlink
Eye disease,False,outlink
Eye irritation,False,outlink
FAKHRAVAC,False,outlink
FER (gene),False,outlink
FMS-like tyrosine kinase 3 ligand,False,outlink
Fabrizio Curcio,False,outlink
Fabry disease,False,outlink
Fabunan Antiviral Injection,False,category
Face masks during the COVID-19 pandemic,False,outlink
Face masks during the COVID-19 pandemic in the United States,False,outlink
Fahrettin Koca,False,outlink
Fainting,False,outlink
Family history,False,outlink
Famotidine,False,outlink
Fang Bin,False,outlink
Fang Fang,False,outlink
Fangcang hospital,False,outlink
Farmer's lung,False,outlink
Fatigue,True,seed
Fatigue (disambiguation),False,outlink
Fatty liver disease,False,outlink
Favipiravir,False,category
Fazze,False,category
Fear,False,outlink
Febrile seizure,False,outlink
Febris,False,outlink
Feces,False,outlink
Federal aid during the COVID-19 pandemic in Canada,False,outlink
Feeling,False,outlink
Feline coronavirus,False,outlink
Fernando Simón,False,backlink
Ferret,False,outlink
Ferrite (magnet),False,outlink
Ferritin,False,outlink
Fertility,False,outlink
Feuang district,False,outlink
Fever,True,seed
Fever (disambiguation),False,outlink
Fever dream,False,outlink
Fever of unknown origin,False,outlink
Fibrin,False,outlink
Fibromyalgia,False,outlink
Fibrothorax,False,outlink
Filoviridae,False,outlink
Financial market impact of the COVID-19 pandemic,False,outlink
Fire hazard,False,outlink
First COVID-19 tier regulations in England,False,outlink
Flattening the curve,False,outlink
Flaviviridae,False,outlink
Florence,False,outlink
Flu season,False,outlink
Fluid replacement,False,outlink
Fluoroquinolone,False,outlink
Fluoroquinolones,False,outlink
Flushed,False,outlink
Flushing (physiology),False,outlink
Fluvoxamine,False,outlink
Folate deficiency,False,outlink
Follicular dendritic cell sarcoma,False,outlink
Fomite,False,outlink
Food and Drug Administration,False,outlink
Food and Drugs Administration,False,outlink
Food security during the COVID-19 pandemic,False,category
Foodborne illness,False,outlink
Forecasting,False,outlink
Forehead,False,outlink
Foreign body,False,outlink
Foresight (psychology),False,outlink
Form perception,False,outlink
Fortune (magazine),False,outlink
Foster Kennedy syndrome,False,outlink
Fox News controversies,False,category
Fracture,False,outlink
France convoy protest,False,outlink
Francesco Paolo Figliuolo,False,outlink
Francisco Duque III,False,outlink
Franck Riester,False,backlink
Frank Atherton,False,outlink
Freedom List (Denmark),False,category
Fremitus,False,outlink
Frontal lobe,False,outlink
Fructose malabsorption,False,outlink
Fulminant,False,outlink
Fungal pneumonia,False,outlink
Furin,False,outlink
Fusion peptide,False,outlink
GABA,False,outlink
GACH,False,outlink
GC skew,False,outlink
GC-content,False,outlink
GDP,False,outlink
GERD,False,outlink
GISAID,False,category
GRAd-COV2,False,outlink
GX P2V,False,category
GX-19,False,outlink
Gammacoronavirus,False,outlink
Garran Surge Centre,False,outlink
Gas leak,False,outlink
Gastric feeding tube,False,outlink
Gastroenteritis,False,outlink
Gastroesophageal reflux disease,False,outlink
Gastrointestinal disease,False,outlink
Gastrointestinal symptom,False,outlink
Gaucher's disease,False,outlink
Gendered impact of the COVID-19 pandemic,False,outlink
Gene therapy,False,outlink
General practice,False,outlink
General practitioner,False,outlink
Generalized anxiety disorder,False,outlink
Genetic code,False,outlink
Genetic diversity,False,outlink
Genetic engineering,False,outlink
Genetic screening,False,outlink
Genetics,False,outlink
Genitourinary system,False,outlink
Genome,False,outlink
Genome project,False,outlink
Genome size,False,outlink
Genomic,False,outlink
George F. Gao,False,outlink
George's Day Movement,False,category
Gerardo Fernández Noroña,False,category
German government response to the COVID-19 pandemic,False,outlink
Ghana Infectious Disease Centre,False,outlink
Ghanaian government response to the COVID-19 pandemic,False,outlink
Giant cell,False,outlink
Gizmodo,False,outlink
Gland,False,outlink
Global alert,False,outlink
Glossary of the COVID-19 pandemic,False,category
Glottis,False,outlink
Glucocorticoid,False,outlink
Glucocorticoids,False,outlink
Glucose,False,outlink
Glycan,False,outlink
Glycerol,False,outlink
Glycoprotein,False,outlink
Golden S sign,False,outlink
Google Books,False,outlink
Gout,False,outlink
Graft vs. host disease,False,outlink
Graft-versus-host disease,False,outlink
Gram staining,False,outlink
Gram-negative bacteria,False,outlink
Granulocyte-macrophage colony-stimulating factor,False,outlink
Granulomatosis with polyangiitis,False,outlink
Graça Freitas,False,backlink
Great American Economic Revival Industry Groups,False,outlink
Great Barrington Declaration,False,category
Great Resignation,False,outlink
Great ape,False,outlink
Greek alphabet,False,outlink
Green recovery,False,outlink
Greg Hunt,False,backlink
Gregor Smith,False,outlink
Ground-glass opacity,False,outlink
Grounded with Louis Theroux,False,category
Group B Streptococcus,False,outlink
Group C nerve fiber,False,outlink
Guan Yi,False,backlink
Guangdong,False,outlink
Guanine,False,outlink
Guillain–Barré syndrome,False,outlink
Gulf War syndrome,False,outlink
H2 blockers,False,outlink
H5N1,False,outlink
HEART Party,False,category
HGC019,False,outlink
HIV,False,outlink
HIV/AIDS,False,outlink
HPV-positive oropharyngeal cancer,False,outlink
Habit cough,False,outlink
Haemophilus influenzae,False,outlink
Hairball,False,outlink
Hakuhō Shō,False,backlink
Hallucination,False,outlink
Hallucinations,False,outlink
Hamad Hasan,False,outlink
Hamman's sign,False,outlink
Hamman–Rich syndrome,False,outlink
Hampton hump,False,outlink
Hand sanitiser,False,outlink
Hand washing,False,outlink
Handwashing,False,outlink
Hannah E. Davis,False,category
Hannah Ritchie,False,outlink
Hantaan orthohantavirus,False,outlink
Hantavirus,False,outlink
Hantavirus hemorrhagic fever with renal syndrome,False,outlink
Hantavirus pulmonary syndrome,False,outlink
Hantaviruses,False,outlink
Happy Science,False,category
Haptic perception,False,outlink
Harmonic,False,outlink
Harsh Vardhan (Delhi politician),False,outlink
Hashtag,False,outlink
Hayfever,False,outlink
Hdl (identifier),False,outlink
Head injury,False,outlink
Headache,False,outlink
Healing,False,outlink
Health Code,False,outlink
Health equity,False,outlink
Health in China,False,outlink
Health insurance,False,outlink
Health professional,False,outlink
Healthcare policy,False,outlink
Healthcare-associated pneumonia,False,outlink
Healthy Together,False,outlink
Healthy diet,False,outlink
Hearing,False,outlink
Heart attack,False,outlink
Heart disease,False,outlink
Heart failure,False,outlink
Heart muscle,False,outlink
Heart rate variability,False,outlink
Heartland virus,False,outlink
Heat and moisture exchanger,False,outlink
Heat illness,False,outlink
Heat recovery ventilation,False,outlink
Heat stroke,False,outlink
Heated humidified high-flow therapy,False,outlink
Heather Heying,False,category
Hedgehog coronavirus 1,False,outlink
Hemiparesis,False,outlink
Hemochromatosis,False,outlink
Hemolysis,False,outlink
Hemophagocytic lymphohistiocytosis,False,outlink
Hemophagocytosis,False,outlink
Hemopneumothorax,False,outlink
Hemoptysis,False,outlink
Hemothorax,False,outlink
Hendra virus,False,outlink
Henipavirus,False,outlink
Henrique Gouveia e Melo,False,outlink
Hepatitis,False,outlink
Hepatitis A,False,outlink
Hepatitis B,False,outlink
Hepatitis B virus,False,outlink
Hepatitis C,False,outlink
Hepatitis C virus,False,outlink
Hepatitis D,False,outlink
Hepatitis E,False,outlink
Hepatitis E virus,False,outlink
Hepatocellular carcinoma,False,outlink
Heptad repeat,False,outlink
Herbert Kickl,False,category
Herd immunity,False,outlink
Herdecovirus,False,outlink
Hernia,False,outlink
Herpes meningitis,False,outlink
Herpes simplex encephalitis,False,outlink
Herpes simplex keratitis,False,outlink
Herpes simplex virus,False,outlink
Herpesviridae,False,outlink
Hibecovirus,False,outlink
Hiccup,False,outlink
Hindi,False,outlink
Hindu mythology,False,outlink
Hippocrates,False,outlink
Histoplasmosis,False,outlink
History of COVID-19 vaccine development,False,outlink
History of the COVID-19 pandemic in the United Kingdom,False,outlink
Hobart Reimann,False,outlink
Hodgkin lymphoma,False,outlink
Hodgkin's lymphoma,False,outlink
Hold-up (2020 film),False,category
Home care,False,outlink
Homeoprophylaxis,False,category
Homeschooling during the COVID-19 pandemic,False,outlink
Homotrimer,False,outlink
Hoover's sign (pulmonary),False,outlink
Horse,False,outlink
Horses,False,outlink
Horseshoe bat,False,outlink
Horton disease,False,outlink
Hospital El Salvador,False,outlink
Hospital ships designated for the COVID-19 pandemic,False,outlink
Hospital-acquired infection,False,outlink
Hospital-acquired pneumonia,False,outlink
Host (biology),False,outlink
Host tropism,False,outlink
Hostility,False,outlink
Hsp90,False,outlink
Huaiyangshan banyangvirus,False,outlink
Huanan Seafood Market,False,outlink
Huanan Seafood Wholesale Market,False,outlink
Hubei,False,outlink
Hugo López-Gatell Ramírez,False,outlink
Human T-lymphotropic virus 1,False,outlink
Human T-lymphotropic virus 2,False,outlink
Human anus,False,outlink
Human body temperature,False,outlink
Human coronavirus 229E,False,outlink
Human coronavirus HKU1,False,outlink
Human coronavirus NL63,False,outlink
Human coronavirus OC43,False,outlink
Human digestive system,False,outlink
Human head,False,outlink
Human metapneumovirus,False,outlink
Human nose,False,outlink
Human orthopneumovirus,False,outlink
Human parainfluenza viruses,False,outlink
Human pharynx,False,outlink
Human polyomavirus 2,False,outlink
Human rhinovirus,False,outlink
Human rights issues related to the COVID-19 pandemic,False,category
Human thermoregulation,False,outlink
Humectant,False,outlink
Humidifier,False,outlink
Huoshenshan Hospital,False,backlink
Hyaluronic acid,False,outlink
Hydrogen bond,False,outlink
Hydrogen peroxide,False,outlink
Hydrogen sulfide,False,outlink
Hydrothorax,False,outlink
Hydroxychloroquine,False,outlink
Hygiene theater,False,category
Hyperalgesia,False,outlink
Hypergeusia,False,outlink
Hyperhidrosis,False,outlink
Hyperosmia,False,outlink
Hyperplasia,False,outlink
Hyperpnea,False,outlink
Hyperpyrexia,False,outlink
Hypersensitivity pneumonitis,False,outlink
Hypertension,False,outlink
Hyperthermia,False,outlink
Hyperventilation,False,outlink
Hypochlorous acid,False,outlink
Hypoesthesia,False,outlink
Hypogeusia,False,outlink
Hypoglycaemia,False,outlink
Hypogonadism,False,outlink
Hypogonadotropic hypogonadism,False,outlink
Hyponatremia,False,outlink
Hypophonia,False,outlink
Hypopnea,False,outlink
Hyposmia,False,outlink
Hyposplenism,False,outlink
Hypotension,False,outlink
Hypothalamus,False,outlink
Hypothermia,False,outlink
Hypothesis,False,outlink
Hypothyroidism,False,outlink
Hypoventilation,False,outlink
Hypoxemia,False,outlink
Hypoxia (medical),False,outlink
Hypoxia (medicine),False,outlink
ICD-10,False,outlink
ICD-11,False,outlink
IFN-β,False,outlink
IFT88,False,outlink
INCOVACC,False,outlink
INNA-051,False,outlink
ISBN (identifier),False,outlink
ISSN (identifier),False,outlink
IVX-411,False,outlink
Ibuprofen,False,outlink
Ibuzatrelvir,False,category
Ice bath,False,outlink
Idiopathic,False,outlink
Idiopathic chronic fatigue,False,outlink
Idiopathic interstitial pneumonia,False,outlink
Idiopathic intracranial hypertension,False,outlink
Idiopathic pneumonia syndrome,False,outlink
Idiopathic pulmonary fibrosis,False,outlink
Idiopathic pulmonary haemosiderosis,False,outlink
"If You Don't Mask, You Don't Get",False,category
IgA,False,outlink
IgG,False,outlink
Igacovirus,False,outlink
Imagination,False,outlink
Imagine (Gal Gadot video),False,category
Immune disorder,False,outlink
Immune response,False,outlink
Immune system,False,outlink
Immuni,False,outlink
Immunity (medical),False,outlink
ImmunityBio COVID-19 vaccine,False,outlink
Immunization during pregnancy,False,category
Immunocompromised,False,outlink
Immunodeficiency,False,outlink
Immunoglobulin,False,outlink
Immunoglobulin therapy,False,outlink
Immunology,False,outlink
Immunosuppressive drug,False,outlink
"Impact of COVID-19 on neurological, psychological and other mental health outcomes",False,outlink
Impact of the COVID-19 pandemic,False,category
Impact of the COVID-19 pandemic on African communities,False,outlink
Impact of the COVID-19 pandemic on American sports broadcasting,False,outlink
Impact of the COVID-19 pandemic on Gaelic games,False,outlink
Impact of the COVID-19 pandemic on Hajj,False,outlink
Impact of the COVID-19 pandemic on ICU capacity,False,outlink
Impact of the COVID-19 pandemic on Indian migrant workers,False,outlink
Impact of the COVID-19 pandemic on Native American tribes and tribal communities,False,outlink
Impact of the COVID-19 pandemic on Philippine sports,False,outlink
Impact of the COVID-19 pandemic on abortion in the United States,False,outlink
Impact of the COVID-19 pandemic on animals,False,outlink
Impact of the COVID-19 pandemic on association football,False,outlink
Impact of the COVID-19 pandemic on aviation,False,outlink
Impact of the COVID-19 pandemic on baseball,False,outlink
Impact of the COVID-19 pandemic on basketball,False,outlink
Impact of the COVID-19 pandemic on children,False,outlink
Impact of the COVID-19 pandemic on cinema,False,backlink
Impact of the COVID-19 pandemic on combat sports,False,outlink
Impact of the COVID-19 pandemic on commercial air transport,False,outlink
Impact of the COVID-19 pandemic on consumer products,False,category
Impact of the COVID-19 pandemic on cricket,False,outlink
Impact of the COVID-19 pandemic on crime,False,outlink
Impact of the COVID-19 pandemic on disc golf,False,outlink
Impact of the COVID-19 pandemic on domestic violence,False,outlink
Impact of the COVID-19 pandemic on education,False,outlink
Impact of the COVID-19 pandemic on education in Ghana,False,outlink
Impact of the COVID-19 pandemic on education in the Republic of Ireland,False,outlink
Impact of the COVID-19 pandemic on education in the United Kingdom,False,outlink
Impact of the COVID-19 pandemic on education in the United States,False,outlink
Impact of the COVID-19 pandemic on female education,False,outlink
Impact of the COVID-19 pandemic on foster care in the United States,False,outlink
Impact of the COVID-19 pandemic on gridiron football,False,outlink
Impact of the COVID-19 pandemic on healthcare workers,False,outlink
Impact of the COVID-19 pandemic on hospitals,False,category
Impact of the COVID-19 pandemic on human rights in Argentina,False,outlink
Impact of the COVID-19 pandemic on ice hockey,False,outlink
Impact of the COVID-19 pandemic on international relations,False,outlink
Impact of the COVID-19 pandemic on journalism,False,outlink
Impact of the COVID-19 pandemic on long-term care facilities,False,category
Impact of the COVID-19 pandemic on migration,False,outlink
Impact of the COVID-19 pandemic on motorsport,False,outlink
"Impact of the COVID-19 pandemic on neurological, psychological and other mental health outcomes",False,outlink
Impact of the COVID-19 pandemic on other health issues,False,outlink
Impact of the COVID-19 pandemic on people with disabilities,False,outlink
Impact of the COVID-19 pandemic on politics in Malaysia,False,outlink
Impact of the COVID-19 pandemic on politics in Russia,False,outlink
Impact of the COVID-19 pandemic on politics in the Republic of Ireland,False,outlink
Impact of the COVID-19 pandemic on pregnant women,False,outlink
Impact of the COVID-19 pandemic on prisons,False,category
Impact of the COVID-19 pandemic on public transport,False,outlink
Impact of the COVID-19 pandemic on religion,False,outlink
Impact of the COVID-19 pandemic on retail,False,outlink
Impact of the COVID-19 pandemic on rugby league,False,outlink
Impact of the COVID-19 pandemic on science and technology,False,outlink
Impact of the COVID-19 pandemic on social media,False,outlink
Impact of the COVID-19 pandemic on sports,False,outlink
Impact of the COVID-19 pandemic on sports in the Republic of Ireland,False,outlink
Impact of the COVID-19 pandemic on suicide rates,False,outlink
Impact of the COVID-19 pandemic on television,False,outlink
Impact of the COVID-19 pandemic on television in the United States,False,outlink
Impact of the COVID-19 pandemic on the African diaspora,False,outlink
Impact of the COVID-19 pandemic on the Catholic Church,False,outlink
Impact of the COVID-19 pandemic on the LGBT community,False,outlink
Impact of the COVID-19 pandemic on the LGBTQ community,False,outlink
Impact of the COVID-19 pandemic on the Walt Disney Company,False,outlink
Impact of the COVID-19 pandemic on the arts and cultural heritage,False,outlink
Impact of the COVID-19 pandemic on the cannabis industry,False,outlink
Impact of the COVID-19 pandemic on the environment,False,category
Impact of the COVID-19 pandemic on the fashion industry,False,outlink
Impact of the COVID-19 pandemic on the food industry,False,outlink
Impact of the COVID-19 pandemic on the meat industry in Canada,False,outlink
Impact of the COVID-19 pandemic on the meat industry in the United States,False,outlink
Impact of the COVID-19 pandemic on the military,False,outlink
Impact of the COVID-19 pandemic on the music industry,False,outlink
Impact of the COVID-19 pandemic on the performing arts,False,outlink
Impact of the COVID-19 pandemic on the restaurant industry in the United States,False,outlink
Impact of the COVID-19 pandemic on the telehealth industry,False,outlink
Impact of the COVID-19 pandemic on the video game industry,False,outlink
Impact of the COVID-19 pandemic on time perception,False,category
Impact of the COVID-19 pandemic on tourism,False,outlink
Imperial College COVID-19 Response Team,False,outlink
In vivo,False,outlink
Inactivated vaccine,False,outlink
Inborn error of metabolism,False,outlink
Incidence (epidemiology),False,outlink
Incubation period,False,outlink
Independent SAGE,False,outlink
Index case,False,outlink
Index of articles related to COVID-19,False,category
India,False,outlink
Indian government response to the COVID-19 pandemic,False,outlink
Indian migrant workers during the COVID-19 pandemic,False,outlink
Indian state government responses to the COVID-19 pandemic,False,outlink
Indigenous peoples of the Americas,False,outlink
IndoVac,False,outlink
Indonesia large-scale social restrictions,False,outlink
Indoor air quality,False,outlink
Infant,False,outlink
Infarction,False,outlink
Infection,False,outlink
Infection control,False,outlink
Infection fatality rate,False,outlink
Infectious Diseases Society of America,False,outlink
Infectious disease,False,outlink
Infectious disease (medical specialty),False,outlink
Infectious diseases,False,outlink
Infectious mononucleosis,False,outlink
Infective endocarditis,False,outlink
Infectivity,False,outlink
Infiltration (medical),False,outlink
Inflammation,False,outlink
Inflammatory bowel disease,False,outlink
Inflammatory response,False,outlink
Influenza,False,outlink
Influenza A,False,outlink
Influenza A virus,False,outlink
Influenza A virus subtype H1N1,False,outlink
Influenza A virus subtype H5N1,False,outlink
Influenza B,False,outlink
Influenza B virus,False,outlink
Influenza C virus,False,outlink
Influenza D virus,False,outlink
Influenza vaccine,False,outlink
Influenza virus,False,outlink
Influenza-like illness,False,outlink
Inhalation,False,outlink
Inhaled corticosteroid,False,outlink
Innate immune system,False,outlink
Inovio COVID-19 vaccine,False,outlink
Insects,False,outlink
Insomnia,False,outlink
Institute for Fiscal Studies,False,outlink
Institute of Higher Nervous Activity,False,outlink
Insufflation (medicine),False,outlink
Intensive care unit,False,outlink
Intention,False,outlink
Inter-Agency Task Force for the Management of Emerging Infectious Diseases,False,outlink
Interferon,False,outlink
Interferon gamma,False,outlink
Interferon-alpha,False,outlink
Interferon-beta,False,outlink
Interferon-gamma,False,outlink
Interferon-α,False,outlink
Intergovernmental Panel on Climate Change,False,outlink
Interleukin,False,outlink
Interleukin 1,False,outlink
Interleukin 1 beta,False,outlink
Interleukin 2,False,outlink
Interleukin 6,False,outlink
Interleukin 7,False,outlink
Interleukin 8,False,outlink
Interleukin-6,False,outlink
Interleukin-6 receptor,False,outlink
Interleukin-8,False,outlink
Intermittent fasting,False,outlink
Intermittent fever,False,outlink
International Committee on Taxonomy of Viruses,False,outlink
International Statistical Classification of Diseases and Related Health Problems,False,outlink
International aid related to the COVID-19 pandemic,False,outlink
International reactions to the COVID-19 pandemic in Italy,False,outlink
Interstitial lung disease,False,outlink
Interstitial pneumonia,False,outlink
Interventional radiology,False,outlink
Intracerebral hemorrhage,False,outlink
Intracranial hemorrhage,False,outlink
Intrauterine growth restriction,False,outlink
Intravenous,False,outlink
Intravenous therapy,False,outlink
Intuition,False,outlink
Invasive pneumococcal disease,False,outlink
Invertebrates,False,outlink
Investigations into the origin of COVID-19,False,outlink
Ipratropium,False,outlink
Irish government response to the COVID-19 pandemic,False,outlink
Iron-deficiency anemia,False,outlink
Ironic process theory,False,outlink
Irritability,False,outlink
Irritable bowel syndrome,False,outlink
Ischemic heart disease,False,outlink
Isolation (health care),False,outlink
Isopropanol,False,outlink
Istituto Superiore di Sanità,False,outlink
Italian Society of Medical and Interventional Radiology,False,outlink
Ivermectin during the COVID-19 pandemic,False,category
Iwate Prefecture,False,outlink
JAK-STAT signaling pathway,False,outlink
JAMA (journal),False,outlink
Jaap van Dissel,False,outlink
Jaime Maussan,False,category
Jamestown Canyon encephalitis,False,outlink
Janssen COVID-19 vaccine,False,outlink
Janus kinase,False,outlink
Japanese encephalitis,False,outlink
Japanese encephalitis virus,False,outlink
Jason Sudeikis,False,outlink
Javier Ortega Smith,False,backlink
Jeff Zients,False,outlink
Jeong Eun-kyeong,False,backlink
Jet lag,False,outlink
Jiang Yanyong,False,outlink
"Jibla, Yemen",False,backlink
Jim Bakker,False,category
Joanna Tse,False,outlink
John Bunyan,False,outlink
John Campbell (YouTuber),False,category
John Maughan,False,backlink
John Todd (British biologist),False,backlink
Johns Hopkins Center for Health Security,False,outlink
Johns Hopkins University,False,outlink
Joint Biosecurity Centre,False,outlink
Joseph Ashitey Hammond,False,outlink
Juanita Broaddrick,False,category
Jun12682,False,category
Jvarasura,False,outlink
Jérôme Salomon,False,outlink
K417N,False,outlink
KD-414,False,outlink
Kallmann syndrome,False,outlink
Kandakadu Treatment and Rehabilitation Centre,False,outlink
Kaposi's sarcoma,False,outlink
Kaposi's sarcoma-associated herpesvirus,False,outlink
Karolinska Institutet,False,outlink
Karolinska University Hospital,False,outlink
Katalin Karikó,False,outlink
Kathy Clugston,False,outlink
Kawasaki disease,False,outlink
Kawasaki syndrome,False,outlink
Keiji Fukuda,False,outlink
Kemayoran Athletes Village,False,outlink
Kemerovo tickborne viral fever,False,outlink
Kennel cough,False,outlink
Kentaro Iwata,False,outlink
Kerley lines,False,outlink
Key worker,False,backlink
Kidney,False,outlink
Kidney dialysis,False,outlink
Kidney disease,False,outlink
Kidney failure,False,outlink
"Kidney failure, acute",False,outlink
Kinsa,False,backlink
Kizzmekia Corbett,False,outlink
Klebsiella,False,outlink
Klebsiella pneumoniae,False,outlink
Knowable Magazine,False,outlink
Korea Disease Control and Prevention Agency,False,backlink
Koronavilkku,False,outlink
Kunjin virus,False,outlink
Kussmaul breathing,False,outlink
Kveim test,False,outlink
Kyasanur Forest disease,False,outlink
LCCN (identifier),False,outlink
LRP1,False,outlink
LYB001,False,outlink
La Crosse encephalitis,False,outlink
Lactate dehydrogenase,False,outlink
Lagos bat lyssavirus,False,outlink
Laminar flow,False,outlink
Lancet letter (COVID-19),False,category
Langat virus,False,outlink
Laryngeal cyst,False,outlink
Laryngectomy,False,outlink
Laryngitis,False,outlink
Laryngomalacia,False,outlink
Laryngopharyngeal reflux,False,outlink
Laryngospasm,False,outlink
Laryngotracheal stenosis,False,outlink
Larynx,False,outlink
Lassa fever,False,outlink
Lassa virus,False,outlink
Latin,False,outlink
Latin language,False,outlink
Latino (demonym),False,outlink
Law of declining virulence,False,outlink
Lawrence Wong,False,backlink
Learning,False,outlink
LeaveHomeSafe,False,outlink
Left ventricle,False,outlink
Legionella,False,outlink
Legionella pneumophila,False,outlink
Legionellosis,False,outlink
Legionnaires' disease,False,outlink
Leishenshan Hospital,False,backlink
Lenzilumab,False,outlink
Lethargy,False,outlink
Letovirinae,False,outlink
Leukemia,False,outlink
Leukocytes,False,outlink
Leukocytosis,False,outlink
Leukoerythroblastic,False,outlink
Level of consciousness,False,outlink
Levilimab,False,category
Li Keqiang,False,backlink
Li Lanjuan,False,backlink
Li Wenliang,False,backlink
Li Zehua,False,outlink
Lianhua Qingwen,False,category
Libido,False,outlink
Life-threatening,False,outlink
Lightheadedness,False,outlink
Lilliputian hallucination,False,outlink
Lineage (evolution),False,outlink
Lipid bilayer,False,outlink
Lipid pneumonia,False,outlink
Lipids,False,outlink
Lipoic acid,False,outlink
Lipoid pneumonia,False,outlink
Lipopolysaccharide,False,outlink
Lipopolysaccharide-binding protein,False,outlink
Lithium salt,False,outlink
Little Mix,False,outlink
Liu Wen (doctor),False,outlink
Liver disease,False,outlink
Liver failure,False,outlink
Liver function tests,False,outlink
Livestock disease,False,outlink
Lobar pneumonia,False,outlink
Lobular pneumonia,False,outlink
London1 novel CoV/2012,False,outlink
Loneliness epidemic,False,category
Long COVID,True,seed
Long Covid,False,outlink
Lopinavir/ritonavir,False,outlink
Loratadine,False,outlink
Lorenzo de' Medici,False,outlink
Low blood sugar,False,outlink
Low income countries,False,outlink
Lower respiratory tract,False,outlink
Lower respiratory tract infection,False,outlink
Luc Montagnier,False,backlink
Luchacovirus,False,outlink
Lufotrelvir,False,category
Lujo mammarenavirus,False,outlink
Lung,False,outlink
Lung abscess,False,outlink
Lung cancer,False,outlink
Lung consolidation,False,outlink
Lung fibrosis,False,outlink
Lung parenchyma,False,outlink
Lung tumors,False,outlink
Lung ultrasound,False,outlink
Lupus,False,outlink
Lupus erythematosus,False,outlink
Lycoperdonosis,False,outlink
Lyme disease,False,outlink
Lymphocytic,False,outlink
Lymphocytic choriomeningitis,False,outlink
Lymphocytic interstitial pneumonia,False,outlink
Lymphoma,False,outlink
Lymphopenia,False,outlink
Lymphoproliferative disorders,False,outlink
Lymphotoxin alpha,False,outlink
Lysine,False,outlink
Löffler's syndrome,False,outlink
ME/CFS,False,outlink
MERS,False,outlink
MERS coronavirus EMC/2012,False,outlink
MERS-CoV,False,outlink
MK-7845,False,category
MRNA vaccine,False,backlink
MRNA-1283,False,outlink
MVC COVID-19 vaccine,False,outlink
Ma Xiaowei,False,outlink
Macroeconomic,False,outlink
Macrolide,False,outlink
Macrophage,False,outlink
Macrophage activation syndrome,False,outlink
Macrophage inflammatory protein,False,outlink
Macroscopic scale,False,outlink
Magnesium,False,outlink
Magnetic resonance imaging,False,outlink
Maimonides,False,outlink
Mais qui ?,False,category
Major depressive disorder,False,outlink
Malaise,False,outlink
Malaria,False,outlink
Malaysia Agro Exposition Park Serdang,False,backlink
Malaysian movement control order,False,outlink
Malignant pleural effusion,False,outlink
Malnutrition,False,outlink
Mammal,False,outlink
Management of COVID-19,False,outlink
Manis javanica,False,outlink
Marburg virus,False,outlink
Marburg virus disease,False,outlink
Marc Rogers (security researcher),False,category
Maria Van Kerkhove,False,outlink
Marilyn Gladu,False,category
Masitinib,False,outlink
Maskne,False,category
Mast cell activation syndrome,False,outlink
Matt Hancock,False,outlink
Matt Keeling,False,outlink
Max Planck Institute for Evolutionary Anthropology,False,outlink
Mayo Clinic,False,outlink
Measles morbillivirus,False,outlink
Measles vaccine,False,outlink
Measles virus,False,outlink
Mechanical fan,False,outlink
Mechanical ventilation,False,outlink
Mechanism of action,False,outlink
Meconium,False,outlink
MedRxiv (identifier),False,outlink
Media coverage of the COVID-19 pandemic,False,outlink
Median,False,outlink
Mediastinal disease,False,outlink
Mediastinitis,False,outlink
Mediastinum,False,outlink
Medical Expenditure Panel Survey,False,outlink
Medical Subject Headings,False,outlink
Medical conditions,False,outlink
Medical diagnosis,False,outlink
Medical emergency,False,outlink
Medical illness,False,outlink
Medical literature,False,outlink
Medical record,False,outlink
Medical research,False,outlink
Medical sign,False,outlink
Medical signs,False,outlink
Medical specialty,False,outlink
Medically frail,False,outlink
Medically unexplained physical symptoms,False,outlink
Medication,False,outlink
Medicines and Healthcare products Regulatory Agency,False,outlink
MedlinePlus,False,outlink
Medscape,False,outlink
Medulla oblongata,False,outlink
Mega Ligtas COVID Centers,False,outlink
Membrane protein,False,outlink
Memory,False,outlink
Memory consolidation,False,outlink
Mendelson's syndrome,False,outlink
Mengla County,False,outlink
Meningioma,False,outlink
Meningitis,False,outlink
Menopause,False,outlink
Menstrual cycle,False,outlink
Mental health,False,outlink
Mental health during the COVID-19 pandemic,False,outlink
Merafloxacin,False,category
Merbecovirus,False,outlink
Merck Manuals,False,outlink
Merdeka Palace,False,outlink
Merkel cell polyomavirus,False,outlink
Merkel-cell carcinoma,False,outlink
Meta-analysis,False,outlink
Metabolic acidosis,False,outlink
Metabolic disorder,False,outlink
Metacommunication,False,outlink
Metarhizium acridum,False,outlink
Metastasis,False,outlink
Metformin,False,outlink
Methacrylate,False,outlink
Methicillin resistant Staphylococcus aureus,False,outlink
Methicillin-resistant Staphylococcus aureus,False,outlink
Methylphenidate,False,outlink
Metronidazole,False,outlink
Michael J. Ryan (doctor),False,outlink
Michael McBride (doctor),False,outlink
Michael Osterholm,False,outlink
Microbiological culture,False,outlink
Microbiota,False,outlink
Microclots,False,outlink
Microglia,False,outlink
Microglial cell,False,outlink
Microorganism,False,outlink
Microsleep,False,outlink
Middle Ages,False,outlink
Middle East respiratory syndrome,False,outlink
Middle East respiratory syndrome-related coronavirus,False,outlink
Middle East respiratory syndrome–related coronavirus,False,outlink
Midwest Governors Regional Pact,False,outlink
MigVax-101,False,outlink
Mike Tildesley,False,outlink
Milan,False,outlink
Minacovirus,False,outlink
Mineral (nutrient),False,outlink
Minhai COVID-19 vaccine,False,outlink
Miniopterus bat coronavirus 1,False,outlink
Miniopterus bat coronavirus HKU8,False,outlink
Mink,False,outlink
Mink farm,False,outlink
Minunacovirus,False,outlink
Miracle Mineral Supplement,False,category
Miscarriage,False,outlink
Misinformation,False,outlink
Mississippi embayment,False,outlink
Missouri v. China,False,category
Mitochondrion,False,outlink
Modafinil,False,outlink
Modeling and simulation,False,outlink
Moderna,False,outlink
Moderna COVID-19 vaccine,False,outlink
Mojiang County,False,outlink
Mojiang Hani Autonomous County,False,outlink
Mokola lyssavirus,False,outlink
Moldovan–Romanian collaboration during the COVID-19 pandemic,False,outlink
Molnupiravir,False,category
Molson Canadian Rocks for Toronto,False,outlink
Moncef Slaoui,False,outlink
Monkeypox,False,outlink
Monoclonal antibody,False,outlink
Monocyte,False,outlink
Monocyte chemoattractant protein-1,False,outlink
Mononuclear cell,False,outlink
Montevideo,False,outlink
Mood disorder,False,outlink
Moraxella catarrhalis,False,outlink
Morbidity,False,outlink
Mortality rate,False,outlink
Mosquito-borne disease,False,outlink
Motor neuron,False,outlink
Mouse,False,outlink
Mouth breathing,False,outlink
Mucoactive agent,False,outlink
Mucolytics,False,outlink
Mucormycosis,False,outlink
"Multan, Pakistan",False,outlink
Multi-drug resistant bacteria,False,outlink
Multidrug-resistant,False,outlink
Multiple drug resistance,False,outlink
Multiple organ dysfunction syndrome,False,outlink
Multiple sclerosis,False,outlink
Multisystem inflammatory syndrome,False,outlink
Multisystem inflammatory syndrome in children,False,outlink
Mumps,False,outlink
Mumps virus,False,outlink
Munia coronavirus HKU13,False,outlink
Murid gammaherpesvirus 4,False,outlink
Murine coronavirus,False,outlink
Murray Valley encephalitis virus,False,outlink
Muscle atrophy,False,outlink
Muscle contraction,False,outlink
Muscle fatigue,False,outlink
Muscle pain,False,outlink
Muscle tone,False,outlink
Muscle weakness,False,outlink
Museum fatigue,False,outlink
Museum of Vancouver,False,outlink
Muteness,False,outlink
MySejahtera,False,outlink
Myalgia,False,outlink
Myalgic encephalomyelitis/chronic fatigue syndrome,False,outlink
Myasthenia gravis,False,outlink
Mycobacterium tuberculosis,False,outlink
Mycoplasma pneumonia,False,outlink
Mycoplasma pneumoniae,False,outlink
Myelin,False,outlink
Myelitis,False,outlink
Myocardial infarction,False,outlink
Myocarditis,False,outlink
Myocardium,False,outlink
Myodes coronavirus 2JL14,False,outlink
Myotacovirus,False,outlink
N-0385,False,category
N501Y,False,outlink
N95 mask,False,outlink
N95 respirator,False,outlink
NBC News,False,outlink
NDV-HXP-S,False,outlink
NHS COVID-19,False,outlink
NHS Louisa Jordan,False,outlink
NHS Nightingale Hospital Birmingham,False,outlink
NHS Nightingale Hospital London,False,outlink
NHS Nightingale Hospital North East,False,outlink
NHS Nightingale Hospital North West,False,outlink
NHS Nightingale Hospital Yorkshire and the Humber,False,outlink
NHS Pathways,False,backlink
NL63-related bat coronavirus strain BtKYNL63-9b,False,outlink
NMOSD,False,outlink
NPR,False,outlink
NRICM101,False,category
NSAID,False,outlink
NT-proBNP,False,outlink
NZ COVID Tracer,False,outlink
NZ Pass Verifier,False,outlink
Nail clubbing,False,outlink
Nanocovax,False,outlink
Nanometre,False,outlink
Naomichi Suzuki,False,backlink
Narcolepsy,False,outlink
Nasal cavity,False,outlink
Nasal congestion,False,outlink
Nasal mucosa,False,outlink
Nasal passage,False,outlink
Nasal polyp,False,outlink
Nasal polyps,False,outlink
Nasal septal hematoma,False,outlink
Nasal septum,False,outlink
Nasal septum deviation,False,outlink
Nasal septum perforation,False,outlink
Nasal spray,False,outlink
Nasopharyngeal carcinoma,False,outlink
Nasopharyngeal swab,False,outlink
National COVID-19 Clinical Evidence Taskforce,False,outlink
National COVID-19 Commission Advisory Board,False,outlink
National Cabinet (Australia),False,outlink
National Center for Biotechnology Information,False,outlink
National Expert Group on Vaccine Administration for COVID-19,False,outlink
National File,False,category
National Geographic,False,outlink
National Health Commission,False,outlink
National Health Service,False,outlink
National Institute for Communicable Diseases,False,outlink
National Institute for Health Research,False,outlink
National Institute for Health and Care Excellence,False,outlink
National Institute of Virology,False,backlink
National Institutes of Health,False,outlink
National Public Health Emergency Team (2020),False,outlink
National responses to the COVID-19 pandemic,False,outlink
National responses to the COVID-19 pandemic in Africa,False,outlink
Nationalist Party of Bulgaria,False,category
Natural reservoir,False,outlink
Nature (journal),False,outlink
Nature Immunology,False,outlink
Nature Portfolio,False,outlink
Nausea,False,outlink
Neanderthal,False,outlink
Neck,False,outlink
Neil Ferguson (epidemiologist),False,backlink
Neo-Latin,False,outlink
Neonatal,False,outlink
Neuraminidase inhibitors,False,outlink
Neurodegenerative disease,False,outlink
Neuroinflammation,False,outlink
Neuroleptic malignant syndrome,False,outlink
Neurological disorder,False,outlink
Neurology,False,outlink
Neuromuscular disease,False,outlink
Neuromuscular junction,False,outlink
Neuron,False,outlink
Neuropilin 1,False,outlink
Neurosyphilis,False,outlink
Neurotoxicity,False,outlink
Neurotropic virus,False,outlink
Neutral Bulgaria,False,category
Neutralisation (immunology),False,outlink
Neutropenic fever,False,outlink
Neutrophil,False,outlink
Neutrophilia,False,outlink
Neutrophils,False,outlink
New England Journal of Medicine,False,outlink
New York state government response to the COVID-19 pandemic,False,outlink
New Zealand government response to the COVID-19 pandemic,False,outlink
Newstalk,False,outlink
Nextstrain,False,outlink
Ngari virus,False,outlink
Nguyễn Thanh Long,False,outlink
Nicotinamide,False,outlink
Nidovirales,False,outlink
Nigerian government response to the COVID-19 pandemic,False,outlink
Night sweats,False,outlink
Nightmare,False,outlink
Nipah virus,False,outlink
Nirmatrelvir,False,category
Nirmatrelvir/ritonavir,False,category
Nobecovirus,False,outlink
Non-invasive ventilation,False,outlink
Non-pharmaceutical intervention (epidemiology),False,outlink
Non-specific symptom,False,outlink
Nonallergic rhinitis,False,outlink
Noninvasive ventilation,False,outlink
Nonspecific interstitial pneumonia,False,outlink
Nonverbal,False,outlink
Noor Hisham Abdullah,False,outlink
Noora (vaccine),False,outlink
Norepinephrine,False,outlink
Normal human body temperature,False,outlink
Normative economics,False,outlink
Norovirus,False,outlink
Northwick Park Hospital,False,outlink
Nose,False,outlink
Nosocomial infection,False,outlink
Novavax COVID-19 vaccine,False,outlink
Novel Coronavirus Expert Meeting,False,outlink
Novel coronavirus,False,outlink
Novel virus,False,outlink
Nucleic acid test,False,outlink
Nucleobase,False,outlink
Nursing home,False,outlink
Nyctacovirus,False,outlink
Nyctalopia,False,outlink
Nyctalus velutinus alphacoronavirus SC-2013,False,outlink
O'nyong'nyong virus,False,outlink
OCLC (identifier),False,outlink
OECD,False,outlink
Obesity,False,outlink
Obligate nasal breathing,False,outlink
Obstructive lung disease,False,outlink
Occupational disease,False,outlink
Occupational lung disease,False,outlink
Odor,False,outlink
Office of Long COVID Research and Practice,False,category
Olfaction,False,outlink
Olfactory,False,outlink
Olfactory bulb,False,outlink
Olfactory fatigue,False,outlink
Olfactory memory,False,outlink
Olfactory nerve,False,outlink
Olfactory receptor neuron,False,outlink
Olfactory system,False,outlink
Olgotrelvir,False,category
Omsk hemorrhagic fever,False,outlink
Oncostatin M,False,outlink
Oncovirus,False,outlink
Open Medicine Foundation,False,category
Open reading frame,False,outlink
Open the States,False,outlink
Open-science,False,outlink
Open-source ventilator,False,outlink
Operation Broadshare,False,outlink
Operation Gloria,False,outlink
Operation Laser,False,outlink
Operation Moonshot,False,outlink
Operation Rescript,False,outlink
Operation Warp Speed,False,outlink
Opioid use disorder,False,outlink
Opportunistic infection,False,outlink
Oral administration,False,outlink
Oral medicine,False,outlink
Orangutan,False,outlink
Organ (anatomy),False,outlink
Organ dysfunction,False,outlink
Organ failure,False,outlink
Organ transplantation,False,outlink
Organizing pneumonia,False,outlink
Origin of SARS-CoV-2,False,outlink
Oriol Mitjà,False,backlink
Oropouche fever,False,outlink
Oropouche virus,False,outlink
Orthomyxoviridae,False,outlink
Orthopnea,False,outlink
Orthornavirae,False,outlink
Oseltamivir,False,outlink
Otitis media,False,outlink
Otolaryngologist,False,outlink
Otorhinolaryngology,False,outlink
Our World in Data,False,outlink
Outcome measure,False,outlink
Outline of the COVID-19 pandemic,False,category
Outpatient department,False,outlink
Overlapping gene,False,outlink
Overseas Filipinos during the COVID-19 pandemic,False,outlink
Oxford English Dictionary,False,outlink
Oxford–AstraZeneca COVID-19 vaccine,False,outlink
Oxygen support,False,outlink
Oxygen therapy,False,outlink
Oxygenation (medical),False,outlink
P681H,False,outlink
PANORAMIC trial,False,outlink
PCR test,False,outlink
PD-L1,False,outlink
PH,False,outlink
PM CARES Fund,False,outlink
PMC (identifier),False,outlink
PMID (identifier),False,outlink
PREPARE,False,backlink
PTN (gene),False,outlink
PTX-COVID19-B,False,outlink
Pacing (activity management),False,outlink
Paediatric multisystem inflammatory syndrome,False,outlink
Paget's disease of bone,False,outlink
Paid sick leave,False,outlink
Pain,False,outlink
Painting for Saints,False,category
Palpitations,False,outlink
Pancreatitis,False,outlink
Pandemic baking,False,outlink
Pandemic fatigue,False,outlink
Pandemic predictions and preparations prior to the COVID-19 pandemic,False,category
Pandemic prevention,False,outlink
Pangolin,False,outlink
Pangolins,False,outlink
Papillomaviridae,False,outlink
Pappataci fever,False,outlink
Paracetamol,False,outlink
Paragonimus westermani,False,outlink
Parainfluenza,False,outlink
Parainfluenza virus,False,outlink
Paralingual,False,outlink
Paramyxoviridae,False,outlink
Paranasal sinus,False,outlink
Paranasal sinuses,False,outlink
Paranoia,False,outlink
Parapneumonic effusion,False,outlink
Parasite,False,outlink
Parasites,False,outlink
Parasitic infections,False,outlink
Parasitic pneumonia,False,outlink
Paraventricular nucleus,False,outlink
Parexel,False,outlink
Parkinson's disease,False,outlink
Parosmia,False,outlink
Passive immunity,False,outlink
Passive ventilation,False,outlink
Pasteur Institute,False,backlink
Patented,False,outlink
PathCheck,False,outlink
Pathogen,False,outlink
Pathogenesis,False,outlink
Pathophysiology,False,outlink
Patient UK,False,outlink
Patient and public involvement,False,outlink
Patient-Centered Outcomes Research Institute,False,outlink
"Patriotic Front (Bulgaria, 2014)",False,category
Pectoriloquy,False,outlink
Pedacovirus,False,outlink
Pediatric multisystem inflammatory syndrome,False,outlink
Pediatrics,False,outlink
PeduliLindungi,False,outlink
PeerJ,False,outlink
Pelvis,False,outlink
Pel–Ebstein fever,False,outlink
Pemivibart,False,category
Penicillin,False,outlink
Penile cancer,False,outlink
Pepe Escobar,False,category
Peplomer,False,outlink
Peptide,False,outlink
Peramivir,False,outlink
Perception,False,outlink
Percussion (medicine),False,outlink
Perfusion,False,outlink
Pericarditis,False,outlink
Peripheral nerve,False,outlink
Peripheral nervous system,False,outlink
Peripheral vision,False,outlink
Peritonsillar abscess,False,outlink
Pernicious anemia,False,outlink
Perrie Edwards,False,outlink
Perspiration,False,outlink
Pertussis,False,outlink
Pertussis vaccine,False,outlink
Peter Bogner (businessman),False,category
Peter Daszak,False,outlink
Pfizer,False,outlink
Pfizer–BioNTech COVID-19 vaccine,False,outlink
Phagocytosis,False,outlink
Phantosmia,False,outlink
Pharmaceutical drug,False,outlink
Pharyngitis,False,outlink
Pharynx,False,outlink
Phase IIb,False,outlink
Phenotype (clinical medicine),False,outlink
Phenotypic plasticity,False,outlink
Philippine government response to the COVID-19 pandemic,False,outlink
Phlegm,False,outlink
Phospholipase,False,outlink
Phylogenetic Assignment of Named Global Outbreak Lineages,False,outlink
Phylogenetic tree,False,outlink
Phylogenetics,False,outlink
Physical activity,False,outlink
Physical examination,False,outlink
Physical therapy,False,outlink
Physical trauma,False,outlink
Pig,False,outlink
Pipistrellus bat coronavirus HKU5,False,outlink
Pipistrellus kuhlii coronavirus 3398,False,outlink
Pisoniviricetes,False,outlink
Pisuviricota,False,outlink
Pitch (music),False,outlink
Pituitary gland,False,outlink
Plague City: SARS in Toronto,False,outlink
Plandemic,False,outlink
Plasma cell,False,outlink
Plasmodium falciparum,False,outlink
Plasmodium knowlesi,False,outlink
Plasmodium malariae,False,outlink
Plasmodium ovale,False,outlink
Plasmodium vivax,False,outlink
Platypnea,False,outlink
Plazi,False,outlink
Pleural cavity,False,outlink
Pleural disease,False,outlink
Pleural effusion,False,outlink
Pleural empyema,False,outlink
Pleural fluid,False,outlink
Pleural friction rub,False,outlink
Pleurisy,False,outlink
Pleuritic,False,outlink
Pneumococcal conjugate vaccine,False,outlink
Pneumococcal infection,False,outlink
Pneumococcal pneumonia,False,outlink
Pneumococcal polysaccharide vaccine,False,outlink
Pneumoconiosis,False,outlink
Pneumocystis jiroveci,False,outlink
Pneumocystis pneumonia,False,outlink
Pneumocyte,False,outlink
Pneumomediastinum,False,outlink
Pneumonia,True,seed
Pneumonia (disambiguation),False,outlink
Pneumonia severity index,False,outlink
Pneumonitis,False,outlink
Pneumothorax,False,outlink
Pogosta disease,False,outlink
Poison,False,outlink
Polio,False,outlink
Poliovirus,False,outlink
Political impact of the COVID-19 pandemic,False,outlink
Political philosophy,False,outlink
Politico,False,outlink
Polydipsia,False,outlink
Polymerase chain reaction,False,outlink
Polyphagia,False,outlink
Polypropylene,False,outlink
Popular Science,False,outlink
Porcine epidemic diarrhea virus,False,outlink
Porphyria,False,outlink
Positive-sense single-stranded RNA virus,False,outlink
Post viral cerebellar ataxia,False,outlink
Post-Ebola syndrome,False,outlink
Post-acute infection syndrome,False,outlink
Post-acute sequelae of COVID-19,True,seed
Post-concussion syndrome,False,outlink
Post-exertional malaise,False,category
Post-intensive care syndrome,False,outlink
Post-nasal drip,False,outlink
Post-perfusion syndrome,False,outlink
Post-polio syndrome,False,outlink
Post-traumatic stress disorder,False,outlink
Post-viral cough,False,outlink
Post-viral fatigue syndrome,False,outlink
Postmortem examination,False,outlink
Postoperative fever,False,outlink
Postural Orthostatic Tachycardia Syndrome,False,outlink
Postural orthostatic tachycardia syndrome,False,outlink
Potamophylax coronavirus,False,category
Povidone-iodine,False,outlink
Powassan encephalitis,False,outlink
Powassan virus,False,outlink
Pox party,False,backlink
Poxviridae,False,outlink
Practical Neurology,False,outlink
Pre-existing condition,False,outlink
Precordial catch syndrome,False,outlink
Premature delivery,False,outlink
Preoptic area,False,outlink
Presenteeism,False,outlink
Presyncope,False,outlink
Prevalence,False,outlink
Primary amoebic meningoencephalitis,False,outlink
Primary care,False,outlink
Primary care physician,False,outlink
Primary ciliary dyskinesia,False,outlink
Primate,False,outlink
Pro-inflammatory cytokine,False,outlink
ProQuest,False,outlink
Problem solving,False,outlink
Procalcitonin,False,outlink
Productive cough,False,outlink
Prognosis,False,outlink
Progressive multifocal leukoencephalopathy,False,outlink
Prolapse,False,outlink
Proline,False,outlink
Proning,False,outlink
Proofreading (biology),False,outlink
Prospection,False,outlink
Prostaglandin E receptor 3,False,outlink
Prostaglandin E2,False,outlink
Prostaglandin E2 synthase,False,outlink
Protease,False,outlink
Protein,False,outlink
Protein Data Bank,False,outlink
Protein S,False,backlink
Protein structure prediction,False,outlink
Protein subunit,False,outlink
Protests against responses to the COVID-19 pandemic,False,outlink
Protests over COVID-19 policies in Italy,False,outlink
Prothrombin,False,outlink
Proton-pump inhibitors,False,outlink
Protracted bacterial bronchitis,False,outlink
Province of Bergamo,False,outlink
Provinces of China,False,outlink
Provincial government response to the COVID-19 pandemic in Ontario,False,outlink
Pseudomonas aeruginosa,False,outlink
Psoriasis,False,outlink
Psoriatic arthritis,False,outlink
Psychoacoustics,False,outlink
Psychological,False,outlink
Psychosis,False,outlink
Psychostimulant,False,outlink
Public Health Emergency of International Concern,False,outlink
Public Health England,False,outlink
Public domain,False,outlink
Public health emergency of international concern,False,outlink
Public health intervention,False,outlink
Public health mitigation of COVID-19,False,outlink
Pulmonary alveolar proteinosis,False,outlink
Pulmonary alveolus,False,outlink
Pulmonary aspiration,False,outlink
Pulmonary consolidation,False,outlink
Pulmonary edema,False,outlink
Pulmonary emboli,False,outlink
Pulmonary embolism,False,outlink
Pulmonary fibrosis,False,outlink
Pulmonary hypertension,False,outlink
Pulmonary talcosis,False,outlink
Pulmonary veins,False,outlink
Pulmonology,False,outlink
Pulse,False,outlink
Pulse oximetry,False,outlink
Pungency,False,outlink
Putham Pudhu Kaalai Vidiyaadhaa,False,category
Puumala orthohantavirus,False,outlink
Pyemia,False,outlink
Pyongyang General Hospital,False,outlink
QazCovid-in,False,outlink
Qigong,False,outlink
Qiu Menghuang,False,outlink
Quarantine,False,outlink
Quartan fever,False,outlink
Quartz (publication),False,outlink
RECOVER Initiative,False,category
RECOVERY Trial,False,outlink
RGB color model,False,outlink
RNA,False,outlink
RNA replication,False,outlink
RNA virus,False,outlink
RaTG13,False,outlink
Rabies,False,outlink
Rabies virus,False,outlink
RacCS203,False,outlink
Radiation therapy,False,outlink
Radiograph,False,outlink
Radiological,False,outlink
Radiotherapy,False,outlink
Ramsay Hunt syndrome type 2,False,outlink
Randomized controlled trial,False,outlink
Raphe,False,outlink
Rapid antigen test,False,outlink
Rapid influenza diagnostic test,False,outlink
Rash,False,backlink
Rat coronavirus,False,outlink
Ravn virus,False,outlink
Razi Cov Pars,False,outlink
Rc-o319,False,outlink
ReCOV,False,outlink
Recall (memory),False,outlink
Receptor (biochemistry),False,outlink
Receptor antagonist,False,outlink
Recombinant DNA,False,outlink
Recreation,False,outlink
Recreational drug use,False,outlink
Rectum,False,outlink
Red eye (medicine),False,outlink
Reflex,False,outlink
Refsum's disease,False,outlink
Regdanvimab,False,category
Rehabilitation after COVID-19,False,category
Reid index,False,outlink
Relapsing polychondritis,False,outlink
Relational frame theory,False,outlink
Relationship between blood group and COVID-19,False,category
Relative humidity,False,outlink
Remdesivir,False,category
Remittent fever,False,outlink
Ren Zhiqiang,False,backlink
Renin–angiotensin system,False,outlink
Reoviridae,False,outlink
ResearchGate,False,outlink
Respirator diplomacy of Taiwan,False,outlink
Respiratory arrest,False,outlink
Respiratory bronchiolitis,False,outlink
Respiratory bronchiolitis interstitial lung disease,False,outlink
Respiratory disease,False,outlink
Respiratory distress,False,outlink
Respiratory droplet,False,outlink
Respiratory droplets,False,outlink
Respiratory failure,False,outlink
Respiratory hypersensitivity,False,outlink
Respiratory illness,False,outlink
Respiratory infection,False,outlink
Respiratory rate,False,outlink
Respiratory sounds,False,outlink
Respiratory symptom,False,outlink
Respiratory syncytial virus,False,outlink
Respiratory system,False,outlink
Respiratory tract infection,False,outlink
Respiratory tract infections,False,outlink
Responses to the COVID-19 pandemic in 2019,False,outlink
Responses to the COVID-19 pandemic in April 2020,False,outlink
Responses to the COVID-19 pandemic in April 2021,False,outlink
Responses to the COVID-19 pandemic in April 2022,False,outlink
Responses to the COVID-19 pandemic in August 2020,False,outlink
Responses to the COVID-19 pandemic in August 2021,False,outlink
Responses to the COVID-19 pandemic in August 2022,False,outlink
Responses to the COVID-19 pandemic in December 2020,False,outlink
Responses to the COVID-19 pandemic in December 2021,False,outlink
Responses to the COVID-19 pandemic in February 2020,False,outlink
Responses to the COVID-19 pandemic in February 2021,False,outlink
Responses to the COVID-19 pandemic in February 2022,False,outlink
Responses to the COVID-19 pandemic in January 2020,False,outlink
Responses to the COVID-19 pandemic in January 2021,False,outlink
Responses to the COVID-19 pandemic in January 2022,False,outlink
Responses to the COVID-19 pandemic in July 2020,False,outlink
Responses to the COVID-19 pandemic in July 2021,False,outlink
Responses to the COVID-19 pandemic in July 2022,False,outlink
Responses to the COVID-19 pandemic in June 2020,False,outlink
Responses to the COVID-19 pandemic in June 2021,False,outlink
Responses to the COVID-19 pandemic in June 2022,False,outlink
Responses to the COVID-19 pandemic in March 2020,False,outlink
Responses to the COVID-19 pandemic in March 2021,False,outlink
Responses to the COVID-19 pandemic in March 2022,False,outlink
Responses to the COVID-19 pandemic in May 2020,False,outlink
Responses to the COVID-19 pandemic in May 2021,False,outlink
Responses to the COVID-19 pandemic in May 2022,False,outlink
Responses to the COVID-19 pandemic in November 2020,False,outlink
Responses to the COVID-19 pandemic in November 2021,False,outlink
Responses to the COVID-19 pandemic in October 2020,False,outlink
Responses to the COVID-19 pandemic in October 2021,False,outlink
Responses to the COVID-19 pandemic in October 2022,False,outlink
Responses to the COVID-19 pandemic in September 2020,False,outlink
Responses to the COVID-19 pandemic in September 2021,False,outlink
Responses to the COVID-19 pandemic in September 2022,False,outlink
Restrictive lung disease,False,outlink
Reticular activating system,False,outlink
Retrograde amnesia,False,outlink
Retropharyngeal abscess,False,outlink
Retrovirus,False,outlink
Reuters,False,outlink
Reverse genetics,False,outlink
Reverse transcription polymerase chain reaction,False,outlink
Reye's syndrome,False,outlink
Rhabdomyolysis,False,outlink
Rhabdoviridae,False,outlink
Rheumatoid arthritis,False,outlink
Rhinacovirus,False,outlink
Rhinitis,False,outlink
Rhinolophus acuminatus,False,outlink
Rhinolophus affinis,False,outlink
Rhinolophus cornutus,False,outlink
Rhinolophus ferrumequinum alphacoronavirus HuB-2013,False,outlink
Rhinolophus malayanus,False,outlink
Rhinolophus pusillus,False,outlink
Rhinolophus shameli,False,outlink
Rhinolophus sinicus,False,outlink
Rhinorrhea,False,outlink
Rhinovirus,False,outlink
Rhonchi,False,outlink
Riboviria,False,outlink
Richard Asher,False,outlink
Richard Horton (editor),False,outlink
Rift Valley fever,False,outlink
Rigors,False,outlink
Risk factor,False,outlink
Rivaroxaban,False,outlink
RmYN02,False,outlink
Roberto Burioni,False,backlink
Rocky mountain spotted fever,False,outlink
Rodent,False,outlink
Roger M. Enoka,False,outlink
Roman mythology,False,outlink
Room temperature,False,outlink
Ross River fever,False,outlink
Ross River virus,False,outlink
Rotaviral gastroenteritis,False,outlink
Rotavirus,False,outlink
Rousettus bat coronavirus GCCDC1,False,outlink
Rousettus bat coronavirus HKU9,False,outlink
Royal College of General Practitioners,False,outlink
RpYN06,False,outlink
Russell's sign,False,outlink
Russian government response to the COVID-19 pandemic,False,outlink
Rwanda,False,outlink
S protein,False,outlink
S-268019,False,outlink
S2CID (identifier),False,outlink
SAE 304 stainless steel,False,outlink
SARS,False,outlink
SARS Wars,False,outlink
SARS conspiracy theory,False,outlink
SARS-CoV,False,outlink
SARS-CoV-1,False,outlink
SARS-CoV-2,True,seed
SARS-CoV-2 Alpha variant,False,outlink
SARS-CoV-2 Beta variant,False,outlink
SARS-CoV-2 Delta variant,False,outlink
SARS-CoV-2 Epsilon variant,False,outlink
SARS-CoV-2 Eta variant,False,outlink
SARS-CoV-2 Gamma variant,False,outlink
SARS-CoV-2 Iota variant,False,outlink
SARS-CoV-2 Kappa variant,False,outlink
SARS-CoV-2 Lambda variant,False,outlink
SARS-CoV-2 Mu variant,False,outlink
SARS-CoV-2 Omicron variant,False,outlink
SARS-CoV-2 Theta variant,False,outlink
SARS-CoV-2 Zeta variant,False,outlink
SARS-CoV-2 lineage B.1.617,False,outlink
SARS-CoV-2 main protease,False,outlink
SARS-CoV-2 variant of concern,False,outlink
SARS-related coronavirus,False,outlink
SARSr-CoV,False,outlink
SCB-2019,False,outlink
SCTV01C,False,outlink
SHC014-CoV,False,outlink
SMART Health Card,False,category
SNOMED CT,False,outlink
SSRN (identifier),False,outlink
STAT1,False,outlink
STX8,False,outlink
Sadyr Japarov,False,category
Saeed Namaki,False,backlink
Safe Hands Challenge,False,outlink
SafeEntry,False,outlink
SafePass,False,outlink
Saint Louis encephalitis,False,outlink
Salbutamol,False,outlink
Saliva,False,outlink
Salivary gland,False,outlink
Saltiness,False,outlink
Sancaktepe Prof. Dr. Feriha Öz Emergency Hospital,False,outlink
Sandfly,False,outlink
Sandfly fever Naples phlebovirus,False,outlink
Sanofi–GSK COVID-19 vaccine,False,outlink
Sanofi–Translate Bio COVID-19 vaccine,False,outlink
Sarah Gilbert,False,backlink
Sarbecovirus,False,outlink
Sarcoidosis,False,outlink
Sarilumab,False,outlink
Scanning electron micrographs,False,outlink
Schizophrenia,False,outlink
Science (journal),False,outlink
Science-Based Medicine,False,outlink
ScienceAlert,False,outlink
ScienceUpFirst,False,outlink
Scientific American,False,outlink
Scientific review,False,outlink
Scotoma,False,outlink
Scotophilus bat coronavirus 512,False,outlink
Scoville scale,False,outlink
Screening (medicine),False,outlink
Seizure,False,outlink
Selective mutism,False,outlink
Selective serotonin reuptake inhibitor,False,outlink
Self-isolation,False,outlink
Sella turcica,False,outlink
Semliki Forest virus,False,outlink
Sense,False,outlink
Sense (molecular biology),False,outlink
Sense of smell,False,outlink
Sensitivity (statistics),False,outlink
Sensitivity and specificity,False,outlink
Sensory processing disorder,False,outlink
Seoul orthohantavirus,False,outlink
Sepsis,False,outlink
Sepsivac,False,category
Septic shock,False,outlink
Sequel wedding,False,category
Sequela,False,outlink
Sequence homology,False,outlink
Serena Ivaldi,False,category
Serine,False,outlink
Serology,False,outlink
Serotonin,False,outlink
Serotonin syndrome,False,outlink
Serum (blood),False,outlink
Serum electrolytes,False,outlink
Set (psychology),False,outlink
Setracovirus,False,outlink
SevenHills Hospital,False,outlink
Severe acute respiratory syndrome,False,outlink
Severe acute respiratory syndrome coronavirus,False,outlink
Severe acute respiratory syndrome coronavirus 1,False,outlink
Severe acute respiratory syndrome coronavirus 2,False,outlink
Severe acute respiratory syndrome–related coronavirus,False,outlink
Severe fever with thrombocytopenia syndrome,False,outlink
Shabir Madhi,False,outlink
Shadowgraph,False,outlink
Shav Vahini Ganga,False,category
Shenzhen,False,outlink
Shi Zhengli,False,backlink
Shincheonji Church of Jesus,False,backlink
Shivering,False,outlink
Shock (circulatory),False,outlink
Shortages related to the COVID-19 pandemic,False,category
Shortness of breath,False,outlink
Sialadenitis,False,outlink
Sickle cell disease,False,outlink
Sickness behavior,False,outlink
Sickness behaviour,False,outlink
Siderosis,False,outlink
Sight,False,outlink
Signs and symptoms,False,outlink
Signs and symptoms of multiple sclerosis,False,outlink
Silent Hill: The Short Message,False,category
Silhouette sign,False,outlink
Silicosis,False,outlink
Simian foamy virus,False,outlink
Simnotrelvir/ritonavir,False,category
Simon Fraser University,False,outlink
Simon Tatham,False,outlink
Sin Nombre orthohantavirus,False,outlink
Sindbis virus,False,outlink
Sinopharm BIBP COVID-19 vaccine,False,outlink
Sinopharm CNBG COVID-19 vaccine,False,outlink
Sinopharm WIBP COVID-19 vaccine,False,outlink
Sinus tachycardia,False,outlink
Sinusitis,False,outlink
Sipavibart,False,category
Sjogren's,False,outlink
Sjögren's syndrome,False,outlink
Skeletal muscle,False,outlink
Skin rashes,False,outlink
Skycovione,False,outlink
Sleep apnea,False,outlink
Sleep deprivation,False,outlink
Sleep disorder,False,outlink
Sleep loss,False,outlink
Sleep-deprived driving,False,outlink
Sleepiness,False,outlink
Small intestine,False,outlink
Smell of freshly cut grass,False,outlink
Smell training,False,outlink
Smoker's cough,False,outlink
Smoking,False,outlink
Smoking cessation,False,outlink
Snakebite,False,outlink
Sneeze,False,outlink
Snoring,False,outlink
Soberana 02,False,outlink
Soberana Plus,False,outlink
Social Outburst (Chile),False,backlink
Social distancing,False,backlink
Social distancing measures related to the COVID-19 pandemic,False,outlink
Social impact of the COVID-19 pandemic,False,category
Social impact of the COVID-19 pandemic in Malaysia,False,outlink
Social impact of the COVID-19 pandemic in New Zealand,False,outlink
Social impact of the COVID-19 pandemic in Russia,False,outlink
Social impact of the COVID-19 pandemic in the Republic of Ireland,False,outlink
Social impact of the COVID-19 pandemic in the United Kingdom,False,outlink
Social impact of the COVID-19 pandemic in the United States,False,outlink
Social perception,False,outlink
Social stigma,False,outlink
Social stigma associated with COVID-19,False,outlink
Sodium hypochlorite,False,outlink
Soft palate,False,outlink
Software for COVID-19 pandemic mitigation,False,outlink
Solidarity trial,False,outlink
Solve ME/CFS Initiative,False,category
Somatic symptom disorder,False,outlink
Somatosensory system,False,outlink
Somnolence,False,outlink
Soracovirus,False,outlink
Sore throat,False,outlink
Sotiris Tsiodras,False,outlink
Sotrovimab,False,category
Source control (respiratory disease),False,outlink
Sourness,False,outlink
South Africa,False,outlink
South Park: Post COVID,False,outlink
Spanish flu,False,outlink
Spatial hearing loss,False,outlink
Specificity (statistics),False,outlink
Speech,False,outlink
Speech perception,False,outlink
Spiders,False,outlink
Spillover event,False,outlink
Spillover infection,False,outlink
Spirometry,False,outlink
Splenic marginal zone lymphoma,False,outlink
Spondyloarthropathy,False,outlink
Springer Nature,False,outlink
Sputnik Light,False,outlink
Sputnik V COVID-19 vaccine,False,outlink
Sputum,False,outlink
Sputum culture,False,outlink
Squawk (sound),False,outlink
Stainless steel,False,outlink
Staphylococcus aureus,False,outlink
Stat (website),False,outlink
Statistics of the COVID-19 pandemic in Argentina,False,outlink
Statistics of the COVID-19 pandemic in Chile,False,outlink
Statistics of the COVID-19 pandemic in India,False,outlink
Statistics of the COVID-19 pandemic in Malaysia,False,outlink
Statistics of the COVID-19 pandemic in Peru,False,outlink
Statistics of the COVID-19 pandemic in Serbia,False,outlink
Statistics of the COVID-19 pandemic in Singapore,False,outlink
Statistics of the COVID-19 pandemic in Thailand,False,outlink
Statistics of the COVID-19 pandemic in mainland China,False,outlink
Status asthmaticus,False,outlink
StaySafe.ph,False,outlink
Steatosis,False,outlink
Stemirna COVID-19 vaccine,False,outlink
Stephen Straus,False,outlink
Stertor,False,outlink
Stethoscope,False,outlink
Steve Kirsch,False,category
Stimulant use disorder,False,outlink
Stomach,False,outlink
Stool test,False,outlink
Storage (memory),False,outlink
Strain (biology),False,outlink
Streptococcal pharyngitis,False,outlink
Streptococcus pneumoniae,False,outlink
Streptococcus pyogenes,False,outlink
Stress (medicine),False,outlink
Stridor,False,outlink
Strikes during the COVID-19 pandemic,False,outlink
Stroke,False,outlink
Strongyloides stercoralis,False,outlink
Stung Treng Province,False,outlink
Su Ih-jen,False,outlink
Subacute,False,outlink
Subacute sclerosing panencephalitis,False,outlink
Subclinical infection,False,outlink
Subconjunctival hemorrhage,False,outlink
Substance abuse,False,outlink
Subunit vaccine,False,outlink
Sudan virus,False,outlink
Suicidal ideation,False,outlink
Sunacovirus,False,outlink
Sung Kim,False,outlink
Sunlight,False,outlink
Superantigens,False,outlink
Superspreader,False,outlink
Superspreading event,False,outlink
Supertaster,False,outlink
Supine position,False,outlink
Supportive care,False,outlink
Surgery,False,outlink
Surgical mask,False,outlink
Surgical masks,False,outlink
Suspension of the 2019–20 NBA season,False,outlink
Sustentacular cell,False,outlink
Sweat,False,outlink
Swedish government response to the COVID-19 pandemic,False,outlink
Sweetness,False,outlink
SwissCovid,False,outlink
Sympathetic nervous system,False,outlink
Symptom,False,outlink
Symptomatic treatment,False,outlink
Symptoms of COVID-19,True,seed
Symptoms of COVID‑19,False,outlink
Syndrome,False,outlink
Synesthesia,False,outlink
Synonym (taxonomy),False,outlink
Syphilis,False,outlink
Systematic review,False,outlink
Systemic inflammation,False,outlink
Systemic inflammatory response syndrome,False,outlink
T cell,False,outlink
T cells,False,outlink
TCN Protocol,False,outlink
TLR6,False,outlink
TMPRSS2,False,outlink
TRIPS Agreement waiver,False,outlink
Tachycardia,False,outlink
Tachypnea,False,outlink
Tactile hallucination,False,outlink
Tahyna virus,False,outlink
Tai chi,False,outlink
Taiwan,False,outlink
Taiwan Centers for Disease Control,False,outlink
Taiwan and the World Health Organization,False,category
Talfirastide,False,category
Tanapox,False,outlink
Taste,False,outlink
Taï Forest virus,False,outlink
Tedros Adhanom,False,outlink
Tedros Adhanom Ghebreyesus,False,backlink
Tegacovirus,False,outlink
Temelimab,False,category
Temperature,False,outlink
Temporal lobe,False,outlink
Tenderness (medicine),False,outlink
Tertian fever,False,outlink
Test to Release,False,outlink
"Test, Trace, Protect",False,outlink
Testosterone,False,outlink
Tete virus,False,outlink
Texas government response to the COVID-19 pandemic,False,outlink
Thai Chana,False,outlink
Thailand virus,False,outlink
Thalamus,False,outlink
The Atlantic,False,outlink
The Economist,False,outlink
The Epoch Times,False,category
The Globe and Mail,False,outlink
The Guardian,False,outlink
The Joe Rogan Experience,False,category
The Lancet,False,outlink
The Light (newspaper),False,category
The New England Journal of Medicine,False,outlink
The New York Times,False,outlink
The Sun (Nigeria),False,outlink
The Times,False,outlink
The Uncensored Library,False,category
The Vine and the Fish,False,category
The Wall Street Journal,False,outlink
The Washington Post,False,outlink
The proximal origin of SARS-CoV-2,False,category
Theory of virulence,False,outlink
Theralizumab,False,outlink
Theresa Tam,False,outlink
Thermogenesis,False,outlink
Thermoregulation,False,outlink
Thermoregulation in humans,False,outlink
Thermostat,False,outlink
This Week in Virology,False,category
Thomas Jefferson University,False,outlink
Thoracentesis,False,outlink
Thorax (journal),False,outlink
Thought,False,outlink
Thought suppression,False,outlink
Thrombocytopenia,False,outlink
Thrombophilia,False,outlink
Thrombosis,False,outlink
Thyroid disease,False,outlink
Thyroid storm,False,outlink
Tic disorder,False,outlink
Tick-borne disease,False,outlink
Tick-borne encephalitis,False,outlink
Tick-borne encephalitis virus,False,outlink
Tilt table test,False,outlink
Tim Spector,False,outlink
Timeline of the COVID-19 pandemic,False,backlink
Timeline of the COVID-19 pandemic in 2019,False,outlink
Timeline of the COVID-19 pandemic in 2023,False,outlink
Timeline of the COVID-19 pandemic in Alberta,False,outlink
Timeline of the COVID-19 pandemic in April 2020,False,backlink
Timeline of the COVID-19 pandemic in April 2021,False,outlink
Timeline of the COVID-19 pandemic in April 2022,False,outlink
Timeline of the COVID-19 pandemic in August 2020,False,outlink
Timeline of the COVID-19 pandemic in August 2021,False,outlink
Timeline of the COVID-19 pandemic in August 2022,False,outlink
Timeline of the COVID-19 pandemic in Australia (2020),False,outlink
Timeline of the COVID-19 pandemic in Australia (2022),False,outlink
Timeline of the COVID-19 pandemic in Australia (January–June 2021),False,outlink
Timeline of the COVID-19 pandemic in Australia (July–December 2021),False,outlink
Timeline of the COVID-19 pandemic in Bangladesh,False,outlink
Timeline of the COVID-19 pandemic in Belarus (2020),False,outlink
Timeline of the COVID-19 pandemic in Belarus (2021),False,outlink
Timeline of the COVID-19 pandemic in Belarus (2022),False,outlink
Timeline of the COVID-19 pandemic in Boston,False,outlink
Timeline of the COVID-19 pandemic in Brazil,False,outlink
Timeline of the COVID-19 pandemic in California,False,outlink
Timeline of the COVID-19 pandemic in Canada,False,outlink
Timeline of the COVID-19 pandemic in Colombia,False,outlink
Timeline of the COVID-19 pandemic in Croatia,False,outlink
Timeline of the COVID-19 pandemic in December 2020,False,outlink
Timeline of the COVID-19 pandemic in December 2021,False,outlink
Timeline of the COVID-19 pandemic in December 2022,False,outlink
Timeline of the COVID-19 pandemic in England (2021),False,outlink
Timeline of the COVID-19 pandemic in England (2022),False,outlink
Timeline of the COVID-19 pandemic in England (January–June 2020),False,outlink
Timeline of the COVID-19 pandemic in England (July–December 2020),False,outlink
Timeline of the COVID-19 pandemic in February 2020,False,backlink
Timeline of the COVID-19 pandemic in February 2021,False,outlink
Timeline of the COVID-19 pandemic in February 2022,False,outlink
Timeline of the COVID-19 pandemic in Ghana (2021),False,outlink
Timeline of the COVID-19 pandemic in Ghana (August–December 2020),False,outlink
Timeline of the COVID-19 pandemic in Ghana (March–July 2020),False,outlink
Timeline of the COVID-19 pandemic in India (2021),False,outlink
Timeline of the COVID-19 pandemic in India (January–May 2020),False,outlink
Timeline of the COVID-19 pandemic in India (June–December 2020),False,outlink
Timeline of the COVID-19 pandemic in Indonesia (2021),False,outlink
Timeline of the COVID-19 pandemic in Italy,False,outlink
Timeline of the COVID-19 pandemic in January 2020,False,backlink
Timeline of the COVID-19 pandemic in January 2021,False,outlink
Timeline of the COVID-19 pandemic in January 2022,False,outlink
Timeline of the COVID-19 pandemic in Japan,False,outlink
Timeline of the COVID-19 pandemic in July 2020,False,outlink
Timeline of the COVID-19 pandemic in July 2021,False,outlink
Timeline of the COVID-19 pandemic in July 2022,False,outlink
Timeline of the COVID-19 pandemic in June 2020,False,outlink
Timeline of the COVID-19 pandemic in June 2021,False,outlink
Timeline of the COVID-19 pandemic in June 2022,False,outlink
Timeline of the COVID-19 pandemic in Kerala,False,outlink
Timeline of the COVID-19 pandemic in Malaysia (2020),False,outlink
Timeline of the COVID-19 pandemic in Malaysia (2021),False,outlink
Timeline of the COVID-19 pandemic in Malaysia (2022),False,outlink
Timeline of the COVID-19 pandemic in Malaysia (2023),False,outlink
Timeline of the COVID-19 pandemic in March 2020,False,backlink
Timeline of the COVID-19 pandemic in March 2021,False,outlink
Timeline of the COVID-19 pandemic in March 2022,False,outlink
Timeline of the COVID-19 pandemic in Maryland,False,outlink
Timeline of the COVID-19 pandemic in Massachusetts,False,outlink
Timeline of the COVID-19 pandemic in May 2020,False,outlink
Timeline of the COVID-19 pandemic in May 2021,False,outlink
Timeline of the COVID-19 pandemic in May 2022,False,outlink
Timeline of the COVID-19 pandemic in Mexico,False,outlink
Timeline of the COVID-19 pandemic in Nevada,False,outlink
Timeline of the COVID-19 pandemic in New York City,False,outlink
Timeline of the COVID-19 pandemic in New Zealand (2020),False,outlink
Timeline of the COVID-19 pandemic in New Zealand (2021),False,outlink
Timeline of the COVID-19 pandemic in New Zealand (2022),False,outlink
Timeline of the COVID-19 pandemic in New Zealand (2023),False,outlink
Timeline of the COVID-19 pandemic in Northern Ireland (2020),False,outlink
Timeline of the COVID-19 pandemic in Northern Ireland (2021),False,outlink
Timeline of the COVID-19 pandemic in Northern Ireland (2022),False,outlink
Timeline of the COVID-19 pandemic in November 2020,False,outlink
Timeline of the COVID-19 pandemic in November 2021,False,outlink
Timeline of the COVID-19 pandemic in November 2022,False,outlink
Timeline of the COVID-19 pandemic in October 2020,False,outlink
Timeline of the COVID-19 pandemic in October 2021,False,outlink
Timeline of the COVID-19 pandemic in October 2022,False,outlink
Timeline of the COVID-19 pandemic in Ontario (2020),False,outlink
Timeline of the COVID-19 pandemic in Ontario (2021),False,outlink
Timeline of the COVID-19 pandemic in Ontario (2022),False,outlink
Timeline of the COVID-19 pandemic in Romania,False,outlink
Timeline of the COVID-19 pandemic in Russia (January–June 2020),False,outlink
Timeline of the COVID-19 pandemic in Russia (July–December 2020),False,outlink
Timeline of the COVID-19 pandemic in Saskatchewan,False,outlink
Timeline of the COVID-19 pandemic in Scotland (2020),False,outlink
Timeline of the COVID-19 pandemic in Scotland (2021),False,outlink
Timeline of the COVID-19 pandemic in Scotland (2022),False,outlink
Timeline of the COVID-19 pandemic in September 2020,False,outlink
Timeline of the COVID-19 pandemic in September 2021,False,outlink
Timeline of the COVID-19 pandemic in September 2022,False,outlink
Timeline of the COVID-19 pandemic in Singapore (2020),False,outlink
Timeline of the COVID-19 pandemic in Singapore (2021),False,outlink
Timeline of the COVID-19 pandemic in Singapore (2022),False,outlink
Timeline of the COVID-19 pandemic in Spain,False,outlink
Timeline of the COVID-19 pandemic in Texas,False,outlink
Timeline of the COVID-19 pandemic in Thailand,False,outlink
Timeline of the COVID-19 pandemic in Trinidad and Tobago,False,outlink
Timeline of the COVID-19 pandemic in Turkey,False,outlink
Timeline of the COVID-19 pandemic in Vietnam,False,outlink
Timeline of the COVID-19 pandemic in Wales (2020),False,outlink
Timeline of the COVID-19 pandemic in Wales (2021),False,outlink
Timeline of the COVID-19 pandemic in the Philippines (2020),False,outlink
Timeline of the COVID-19 pandemic in the Philippines (2021),False,outlink
Timeline of the COVID-19 pandemic in the Philippines (2022),False,outlink
Timeline of the COVID-19 pandemic in the Republic of Ireland (2020),False,outlink
Timeline of the COVID-19 pandemic in the Republic of Ireland (2021),False,outlink
Timeline of the COVID-19 pandemic in the Republic of Ireland (2022),False,outlink
Timeline of the COVID-19 pandemic in the United Kingdom (2023),False,outlink
Timeline of the COVID-19 pandemic in the United Kingdom (January–June 2020),False,outlink
Timeline of the COVID-19 pandemic in the United Kingdom (January–June 2021),False,outlink
Timeline of the COVID-19 pandemic in the United Kingdom (January–June 2022),False,outlink
Timeline of the COVID-19 pandemic in the United Kingdom (July–December 2020),False,outlink
Timeline of the COVID-19 pandemic in the United Kingdom (July–December 2021),False,outlink
Timeline of the COVID-19 pandemic in the United Kingdom (July–December 2022),False,outlink
Timeline of the COVID-19 pandemic in the United States (2020),False,outlink
Timeline of the COVID-19 pandemic in the United States (2021),False,outlink
Timeline of the SARS-CoV-2 Omicron variant,False,outlink
Tipiracil,False,category
Tixagevimab/cilgavimab,False,category
Tobacco smoke,False,outlink
Tobacco smoking,False,outlink
Tocilizumab,False,outlink
Togaviridae,False,outlink
Tongue,False,outlink
Tongue map,False,outlink
Tonsil,False,outlink
Tonsillectomy,False,outlink
Tonsillitis,False,outlink
Tony Holohan,False,outlink
Toscana virus,False,outlink
Touch,False,outlink
Tourette syndrome,False,outlink
TousAntiCovid,False,outlink
Toxoplasma gondii,False,outlink
TraceTogether,False,outlink
Trachea,False,outlink
Tracheitis,False,outlink
Tracheostomy,False,outlink
Tracy Davidson-Celestine,False,backlink
Translation (biology),False,outlink
Transmembrane domain,False,outlink
Transmissible gastroenteritis virus,False,outlink
Transmission (medicine),False,outlink
Transmission electron micrograph,False,outlink
Transmission electron microscopy,False,outlink
Transmission of COVID-19,False,category
Traumatic brain injury,False,outlink
Travel during the COVID-19 pandemic,False,backlink
Treatment and management of COVID-19,False,outlink
Trepopnea,False,outlink
Trimethoprim/sulfamethoxazole,False,outlink
Trixie and Katya Save the World,False,category
Tropical spastic paraparesis,False,outlink
Troponin,False,outlink
Trudie Lang,False,outlink
Tuberculosis,False,outlink
Tumor necrosis factor,False,outlink
Tumor necrosis factor-α,False,outlink
Tumors,False,outlink
Tumour necrosis factor,False,outlink
Turbinate,False,outlink
Turin,False,outlink
Turkovac,False,outlink
Twindemic,False,category
Tylonycteris bat coronavirus HKU4,False,outlink
Tympanic membrane,False,outlink
Type 1 diabetes,False,outlink
Type 2 diabetes,False,outlink
Type I interferon,False,outlink
Type II cell,False,outlink
Typhoid fever,False,outlink
Typhus,False,outlink
"U.S. Deaths Near 100,000, An Incalculable Loss",False,category
U.S. federal government response to the COVID-19 pandemic,False,outlink
U.S. state and local government responses to the COVID-19 pandemic,False,outlink
UB-612,False,outlink
UCSC Genome Browser,False,outlink
UCTD,False,outlink
UK Rapid Test Consortium,False,outlink
UV light,False,outlink
Ultraviolet,False,outlink
Ultraviolet germicidal irradiation,False,outlink
Umami,False,outlink
Umeå University,False,outlink
Undercounting of COVID-19 pandemic deaths by country,False,outlink
Understanding,False,outlink
United Kingdom,False,outlink
United Kingdom responses to the COVID-19 pandemic,False,outlink
United Nations response to the COVID-19 pandemic,False,outlink
United States,False,outlink
United States Department of Agriculture,False,outlink
United States Intelligence Community,False,outlink
United States responses to the COVID-19 pandemic,False,outlink
University College London,False,outlink
University of North Carolina,False,outlink
University of Oxford,False,outlink
University of Pennsylvania Smell Identification Test,False,outlink
University of Southern California,False,outlink
University of Washington,False,outlink
Untitled Anxious Red Drawings,False,category
UpToDate,False,outlink
Upper respiratory tract,False,outlink
Upper respiratory tract infection,False,outlink
Uracil,False,outlink
Urinary tract infections,False,outlink
Urination,False,outlink
Use and development of software for COVID-19 pandemic mitigation,False,outlink
Usual interstitial pneumonia,False,outlink
Usutu virus,False,outlink
Uterus,False,outlink
V-01,False,outlink
V451 vaccine,False,outlink
VBI-2902,False,outlink
VEGFA,False,outlink
Vabiotech COVID-19 vaccine,False,outlink
Vaccination,False,outlink
Vaccine,False,outlink
Vaccine Maitri,False,outlink
Vaccine Taskforce,False,outlink
Vaccine diplomacy,False,outlink
Vaccine passports during the COVID-19 pandemic,False,outlink
Vaginal cancer,False,outlink
Vagus nerve,False,outlink
Vagus nerve stimulation,False,outlink
Valneva COVID-19 vaccine,False,outlink
Valtrace,False,outlink
Vancomycin,False,outlink
Vaping-associated pulmonary injury,False,outlink
Variant of concern,False,outlink
Variants of SARS-CoV-2,False,category
Variants of severe acute respiratory syndrome coronavirus 2,False,outlink
Varicella vaccine,False,outlink
Varicella zoster virus,False,outlink
Vascular permeability,False,outlink
Vasculitis,False,outlink
Vasoconstriction,False,outlink
Vasodilation,False,outlink
Vasodilator,False,outlink
Vaxart COVID-19 vaccine,False,outlink
Venezuelan equine encephalitis virus,False,outlink
Venezuelan hemorrhagic fever,False,outlink
Venous thromboembolism,False,outlink
Ventilation (architecture),False,outlink
Ventilator-associated pneumonia,False,outlink
Ventricular tachycardia,False,outlink
Verbosity,False,outlink
Vertebrate trachea,False,outlink
Vertebrates,False,outlink
Vertigo,False,outlink
Victor Costache,False,outlink
Videotelephony,False,outlink
Vientiane province,False,outlink
Vietnamese government response to the COVID-19 pandemic,False,outlink
Vilobelimab,False,category
Viral culture,False,outlink
Viral disease,False,outlink
Viral encephalitis,False,outlink
Viral entry,False,outlink
Viral envelope,False,outlink
Viral hemorrhagic fever,False,outlink
Viral hepatitis,False,outlink
Viral infection,False,outlink
Viral load,False,outlink
Viral meningitis,False,outlink
Viral pneumonia,False,outlink
Viral replication,False,outlink
Viral shedding,False,outlink
Viral species,False,outlink
Viral vector vaccine,False,outlink
Viremia,False,outlink
Virginia Moore,False,category
Virion,False,outlink
Virological.org,False,category
Virulence factor,False,outlink
Virulent,False,outlink
Virus,False,outlink
Virus Pathogen Database and Analysis Resource,False,outlink
Virus classification,False,outlink
Virus-like particle,False,outlink
Visceral leishmaniasis,False,outlink
Visible (mobile app),False,category
Visual hallucination,False,outlink
Visual perception,False,outlink
Vital sign,False,outlink
Vitamin,False,outlink
Vitamin A,False,outlink
Vitamin B12 deficiency,False,outlink
Vitamin B3,False,outlink
Vitamin C,False,outlink
Vitamins,False,outlink
Vlad Voiculescu,False,backlink
Vocal cord dysfunction,False,outlink
Vocal cord nodule,False,outlink
Vocal cord paresis,False,outlink
Vocal cords,False,outlink
Vocal resonation,False,outlink
Volition (psychology),False,outlink
Vomiting,False,outlink
Vox (website),False,outlink
Vulvar cancer,False,outlink
Víðir Reynisson,False,outlink
W. B. Saunders,False,outlink
W. Ian Lipkin,False,backlink
WDQ (identifier),False,outlink
WHO,False,outlink
WHO-convened Global Study of Origins of SARS-CoV-2,False,category
Walvax COVID-19 vaccine,False,outlink
Wang Chen (physician),False,outlink
Wang Guangfa,False,outlink
Warm-blooded,False,outlink
Wayback Machine,False,outlink
Weakness,False,outlink
Weasel family,False,outlink
West China Hospital COVID-19 vaccine,False,outlink
West Nile fever,False,outlink
West Nile virus,False,outlink
Westermark sign,False,outlink
Western States Pact,False,outlink
Western equine encephalitis virus,False,outlink
Whales,False,outlink
Wheeze,False,outlink
Wheezing,False,outlink
Whispered pectoriloquy,False,outlink
White House COVID-19 Response Team,False,outlink
White House COVID-19 outbreak,False,outlink
White House Coronavirus Task Force,False,outlink
White blood cell,False,outlink
White matter,False,outlink
White pulp,False,outlink
White-eye coronavirus HKU16,False,outlink
Wikidata,False,outlink
Wikipedia and the COVID-19 pandemic,False,outlink
Wikispecies,False,outlink
Wildlife trade and zoonoses,False,outlink
Wiley (publisher),False,outlink
William Osler,False,outlink
William Wordsworth,False,outlink
Work (human activity),False,outlink
Workplace hazard controls for COVID-19,False,outlink
Works Progress Administration,False,outlink
World Bank high-income economy,False,outlink
World Health Organization,False,outlink
World Health Organization's response to the COVID-19 pandemic,False,outlink
World Pneumonia Day,False,outlink
Wuhan,False,outlink
Wuhan Central Hospital,False,outlink
Wuhan Institute of Virology,False,backlink
Wuhan Jinyintan Hospital,False,outlink
X-rays,False,outlink
Xenophobia,False,outlink
Xenophobia and racism related to the COVID-19 pandemic,False,backlink
Xerostomia,False,outlink
Xie Linka,False,outlink
Xishuangbanna,False,outlink
Yaba monkey tumor virus,False,outlink
Yankee Candle,False,backlink
Yellow fever,False,outlink
Yellow fever virus,False,outlink
Yellow vests protests,False,backlink
Yeşilköy Prof. Dr. Murat Dilmener Emergency Hospital,False,outlink
Ying Yong,False,backlink
YouTube,False,outlink
Yuen Kwok-yung,False,backlink
Yunnan,False,outlink
ZC45 and ZXC21,False,outlink
ZF2001,False,outlink
ZIKV,False,outlink
Zaire ebolavirus,False,outlink
Zanamivir,False,outlink
Zeng Guang,False,outlink
Zero-COVID,False,outlink
Zhang Jixian,False,outlink
Zhang Wenhong,False,outlink
Zhang Yongzhen,False,outlink
Zhejiang,False,outlink
Zhong Nanshan,False,backlink
Zhoushan,False,outlink
Ziauddin Ahmed Bablu,False,backlink
Zicam,False,outlink
Zika fever,False,outlink
Zika virus,False,outlink
Zinc,False,outlink
Zinc deficiency,False,outlink
Zinc supplementation,False,outlink
Ziyad Al-Aly,False,category
Zoe Health Study,False,outlink
Zoom (software),False,outlink
Zoom fatigue,False,outlink
Zoom town,False,outlink
Zoonosis,False,outlink
Zweli Mkhize,False,backlink
ZyCoV-D,False,outlink
Þórólfur Guðnason,False,outlink
Łukasz Szumowski,False,outlink
