article,in_degree,out_degree,degree_centrality,pagerank,betweenness
COVID-19 pandemic,285,1501,0.4619762027935851,0.001972660842636928,0.004021970228275606
Doi (identifier),233,0,0.0602690118986032,0.0016031906227798186,0.0
ISSN (identifier),235,0,0.06078634247284014,0.001249666949131941,0.0
COVID-19,286,2123,0.6231246766683911,0.0011986683871106185,0.029716026164830545
PMID (identifier),202,0,0.05225038799793068,0.0011927147659709467,0.0
PMC (identifier),193,0,0.049922400413864455,0.0011177008220024875,0.0
ISBN (identifier),101,0,0.02612519399896534,0.001021158016681175,0.0
Symptoms of COVID-19,241,1499,0.4500775995861355,0.0010182941798259624,0.012630078231404471
S2CID (identifier),137,0,0.03543714433523021,0.0008843509840302803,0.0
Bulgarian National Unification,7,0,0.0018106570098292809,0.0007767866321868192,0.0
Wayback Machine,116,0,0.03000517330574237,0.000753128504411758,0.0
Long COVID,243,1501,0.4511122607346094,0.0007435947945074053,0.0098144683795868
The New York Times,92,0,0.02379720641489912,0.0007209213925997445,0.0
Bibcode (identifier),108,0,0.02793585100879462,0.0007083589365124593,0.0
Attack (political party),6,8,0.0036213140196585617,0.000707373581404043,3.4497628288055197e-06
Conservative Bulgaria,6,6,0.0031039834454216243,0.0006867849121911837,2.5873221216041398e-06
COVID-19 misinformation,245,1425,0.4319710294878427,0.0006852537487124328,0.0006219795644901093
The Guardian,104,0,0.026901189860320744,0.000624551352877498,0.0
The Washington Post,71,0,0.018365235385411276,0.0006167055790779166,0.0
Nationalist Party of Bulgaria,6,3,0.0023279875840662182,0.0006153372083999,0.0
SARS-CoV-2,253,1901,0.5571650284531816,0.0006049047764990618,0.008629979068802732
World Health Organization,174,0,0.04500775995861355,0.0005921869959603356,0.0
Reuters,86,0,0.022245214692188306,0.000544198438851533,0.0
National Institutes of Health,30,0,0.007759958613554061,0.0004991580528660674,0.0
COVID-19 vaccine,243,1438,0.43481634764614585,0.0004945100768286714,0.0011819415615142576
Deployment of COVID-19 vaccines,230,0,0.0594930160372478,0.00048263723875724716,0.0
Clinical trial,45,0,0.011639937920331092,0.0004749710216477266,0.0
YouTube,29,0,0.007501293326435592,0.0004636386251572098,0.0
India,35,0,0.009053285049146403,0.00045272433226646906,0.0
Shortness of breath,8,0,0.0020693222969477496,0.0004488540714820545,0.0
China,75,0,0.01939989653388515,0.00044174996922349575,0.0
United States,47,0,0.012157268494568028,0.0004259133587694409,0.0
COVID-19 lockdowns,232,1363,0.4125711329539576,0.0004250936775511996,2.373252583021762e-05
Monoclonal antibody,239,0,0.06182100362131402,0.0004180153857320285,0.0
COVID-19 pandemic in the United States,229,1381,0.4164511122607346,0.000403276590161405,0.0012404674487481477
BBC,31,0,0.008018623900672529,0.00039972324536959313,0.0
Myalgic encephalomyelitis/chronic fatigue syndrome,9,0,0.0023279875840662182,0.00039949935410083084,0.0
Severe acute respiratory syndrome coronavirus 2,118,0,0.030522503879979304,0.0003978701994525777,0.0
Post-exertional malaise,49,21,0.018106570098292807,0.0003938505648070733,0.00015275203322439852
Pfizer,32,0,0.008277289187790998,0.00038792694048346164,0.0
COVID-19 pandemic in Kentucky,221,0,0.05716502845318158,0.00037715440514086404,0.0
BBC News,59,0,0.015261251939989652,0.00037706231746327654,0.0
Food and Drug Administration,39,0,0.010087946197620278,0.0003747437999669638,0.0
NPR,31,0,0.008018623900672529,0.0003715465145219028,0.0
RECOVERY Trial,231,0,0.05975168132436627,0.00037123722151917975,0.0
Anthony Fauci,229,1365,0.4123124676668391,0.0003710716356804987,0.0001605345832824717
Hdl (identifier),54,0,0.01396792550439731,0.00036774891247325027,0.0
European Union,40,0,0.010346611484738748,0.000366727650693137,0.0
Sotrovimab,234,1349,0.40946714950853597,0.00036415633593771447,0.00043603773791764914
Bamlanivimab,235,34,0.06958096223486808,0.0003611629335856804,3.341887617852818e-05
European Medicines Agency,31,0,0.008018623900672529,0.00036089158211392993,0.0
Casirivimab/imdevimab,234,37,0.07009829280910501,0.00035628392778064874,5.0899235839875354e-05
Tixagevimab/cilgavimab,234,37,0.07009829280910501,0.0003562839277806487,4.849793447583734e-05
COVID-19 pandemic in India,225,0,0.058199689601655454,0.0003542680645087162,0.0
Bamlanivimab/etesevimab,234,28,0.0677703052250388,0.00035375390484736907,3.5885103069328645e-05
Bebtelovimab,234,26,0.06725297465080186,0.00035296104305303395,2.5754126270295934e-05
The Atlantic,18,0,0.0046559751681324365,0.00035250523922,0.0
Wuhan Institute of Virology,231,1354,0.4099844800827729,0.00035229854716652793,0.0002162503210089771
Virus,27,0,0.006983962752198655,0.00035218294058599406,0.0
Regdanvimab,234,23,0.06647697878944646,0.0003515220723651885,2.0586819811461144e-05
Coronavirus spike protein,24,0,0.006207966890843249,0.00035111876527049913,0.0
Hydroxychloroquine,28,0,0.007242628039317123,0.00034782016380530356,0.0
Nirmatrelvir/ritonavir,233,1383,0.4180031039834454,0.0003409987829112214,0.000516464200137959
Molnupiravir,233,1378,0.41670977754785304,0.00034015546374223366,0.0004239709246036831
COVID-19 lab leak theory,233,0,0.0602690118986032,0.00033995295744829206,0.0
Deafness,3,0,0.0007759958613554061,0.0003382928930103201,0.0
2-day CPET,3,13,0.004138644593895499,0.00033637473054529485,2.033514042063454e-06
AdNow,1,3,0.0010346611484738748,0.000334715500216022,0.0
3C-like protease,19,0,0.004914640455250905,0.00033465312030508466,0.0
Mental health during the COVID-19 pandemic,231,0,0.05975168132436627,0.00033411329563047976,0.0
Face masks during the COVID-19 pandemic,232,0,0.06001034661148474,0.0003341013488820578,0.0
The Times,20,0,0.005173305742369374,0.00033252060138738937,0.0
Adenovirus,4,0,0.0010346611484738748,0.00033229652974741444,0.0
COVID-19 testing,233,1398,0.42188308329022245,0.0003322917021085051,0.00022275191934337685
Coronavirus,33,0,0.008535954474909468,0.00033174220893213336,0.0
Protests against responses to the COVID-19 pandemic,231,0,0.05975168132436627,0.00033157315227373387,0.0
Antiviral drug,237,0,0.06130367304707708,0.00033127303775108816,0.0
Social distancing,231,1394,0.42033109156751164,0.0003298793021664968,0.00023477742738981883
Etesevimab,14,0,0.0036213140196585617,0.0003281566289014318,0.0
Xenophobia and racism related to the COVID-19 pandemic,230,1377,0.4156751163993792,0.0003278341585148276,0.00010094258472693714
Wuhan,134,0,0.0346611484738748,0.0003277516003093076,0.0
Yellow vests protests,227,1335,0.4040351784790481,0.00032626542164402135,1.0617016890545428e-05
COVID-19 pandemic in France,223,1341,0.40455250905328505,0.00032508891164854037,6.715111209590878e-05
"Patriotic Front (Bulgaria, 2014)",1,5,0.0015519917227108122,0.000324853454182864,0.0
Bulgarian Patriots,1,4,0.0012933264355923435,0.000324853454182864,0.0
BioRxiv (identifier),13,0,0.003362648732540093,0.0003240619766128044,0.0
Open Medicine Foundation,3,8,0.0028453181583031556,0.0003240472740438169,4.3122035360068996e-07
Infectious disease,17,0,0.004397309881013968,0.00032381601334196685,0.0
Public domain,24,0,0.006207966890843249,0.000322895089017798,0.0
COVID-19 pandemic in the United Kingdom,227,1350,0.40791515778582516,0.0003221675966517846,2.8288060878264846e-05
Nirmatrelvir,232,1360,0.4117951370926022,0.0003210350661850934,0.00038934533060894894
Ensitrelvir,232,1351,0.40946714950853597,0.0003210337309349183,0.00031420091625171035
COVID-19 misinformation by China,229,0,0.05923435075012933,0.000319895681175113,0.0
SARS-CoV-2 Omicron variant,232,0,0.06001034661148474,0.00031964425140409904,0.0
Influenza,39,0,0.010087946197620278,0.00031868587937934953,0.0
Ivermectin during the COVID-19 pandemic,229,1357,0.41024314536989137,0.0003183023995726282,0.00016132264856713715
Jérôme Salomon,227,0,0.05871702017589239,0.00031778957597956565,0.0
Baricitinib,231,47,0.0719089498189343,0.00031770591744877347,0.00047625149791341196
Greg Hunt,226,1328,0.40196585618210035,0.000317586121225698,2.8271544111343e-05
Anxiety,12,0,0.0031039834454216243,0.00031754324266559524,0.0
Investigations into the origin of COVID-19,231,0,0.05975168132436627,0.0003164050619688789,0.0
Antigen,17,0,0.004397309881013968,0.00031614464690733366,0.0
Vilobelimab,10,45,0.014226590791515777,0.0003158968850080536,5.901558553563729e-06
Miracle Mineral Supplement,5,38,0.011122607346094153,0.0003153888755373666,9.347935735387223e-05
The Wall Street Journal,31,0,0.008018623900672529,0.0003153494072675248,0.0
OCLC (identifier),25,0,0.006466632177961717,0.0003142785250127156,0.0
Variants of SARS-CoV-2,232,1502,0.4485256078634247,0.00031368674448542093,0.0016448144733446112
Pemivibart,10,27,0.009570615623383343,0.0003120809961843072,2.049054055914409e-06
Impact of the COVID-19 pandemic on journalism,230,0,0.0594930160372478,0.0003114422112793154,0.0
Sipavibart,10,24,0.008794619762027936,0.0003109068373736259,1.2320581531448283e-07
Centers for Disease Control and Prevention,52,0,0.013450594930160372,0.0003103797087645957,0.0
Pharmaceutical drug,10,0,0.002586652871184687,0.0003095037211007142,0.0
COVID-19 pandemic in Denmark,220,1341,0.40377651319192964,0.0003091447857111143,0.00015703190699917636
Azithromycin,11,0,0.0028453181583031556,0.00030858136531948527,0.0
Anosmia,9,188,0.050957061562338334,0.0003084753942058165,0.0028238458313516197
United Kingdom,42,0,0.010863942058975685,0.000308352401877994,0.0
Hepatitis C,18,0,0.0046559751681324365,0.0003076839916220934,0.0
Solve ME/CFS Initiative,3,5,0.0020693222969477496,0.00030646646702424006,0.0
Chloroquine and hydroxychloroquine during the COVID-19 pandemic,226,1359,0.4099844800827729,0.0003061849507202804,0.00014015234041184874
Pfizer–BioNTech COVID-19 vaccine,230,0,0.0594930160372478,0.00030460142636984887,0.0
Neutral Bulgaria,1,4,0.0012933264355923435,0.0003042647849700046,0.0
Oxford–AstraZeneca COVID-19 vaccine,233,0,0.0602690118986032,0.00030345013609644637,0.0
Hindi,2,0,0.0005173305742369374,0.0003021742882137546,0.0
Politico,17,0,0.004397309881013968,0.0003018335022562181,0.0
Impact of the COVID-19 pandemic on combat sports,229,0,0.05923435075012933,0.00030182743286904905,0.0
Biological nomenclature,1,0,0.0002586652871184687,0.00030142757820642415,0.0
Common name,1,0,0.0002586652871184687,0.00030142757820642415,0.0
COVID-19 pandemic in Yemen,220,0,0.05690636316606311,0.0003007211162386475,0.0
COVID-19 vaccine misinformation and hesitancy,230,1399,0.4213657527159855,0.0003006586273055427,0.0002256204953917528
Zoom (software),228,0,0.058975685463010866,0.0003003450193821308,0.0
Adrenal fatigue,5,0,0.0012933264355923435,0.00029982325141131636,0.0
Vaccine passports during the COVID-19 pandemic,231,0,0.05975168132436627,0.00029953845986446266,0.0
COVID-19 drug development,230,1440,0.4319710294878427,0.0002983452508038015,0.0009809950536721777
Economic impact of the COVID-19 pandemic in India,230,0,0.0594930160372478,0.0002980059852684546,0.0
Emergency use authorization,17,0,0.004397309881013968,0.0002975181133879832,0.0
COVID-19 misinformation by the United States,229,0,0.05923435075012933,0.0002970802543823447,0.0
MRNA vaccine,227,1391,0.41852043455768234,0.00029650567707429,0.00038310547805300746
Viral entry,15,0,0.0038799793067770304,0.00029630328042951835,0.0
COVID-19 vaccination in the United States,229,0,0.05923435075012933,0.0002960082871134722,0.0
Hubei,86,0,0.022245214692188306,0.0002951007550928517,0.0
Respirator diplomacy of Taiwan,227,0,0.05871702017589239,0.0002945009643279196,0.0
Bruce Aylward,227,0,0.05871702017589239,0.0002945009643279196,0.0
Peter Daszak,228,0,0.058975685463010866,0.0002935149990064128,0.0
WHO,13,0,0.003362648732540093,0.00029351055525421546,0.0
Social distancing measures related to the COVID-19 pandemic,230,0,0.0594930160372478,0.00029342168207111203,0.0
COVID-19 pandemic deaths,230,0,0.0594930160372478,0.00029342168207111203,0.0
2022 Wellington protest,227,0,0.05871702017589239,0.00029321959313252416,0.0
Africa Centres for Disease Control and Prevention,227,0,0.05871702017589239,0.00029320772588017034,0.0
Transmission of COVID-19,226,1404,0.42162441800310396,0.00029309990304231525,0.00032138145975716027
NBC News,23,0,0.00594930160372478,0.0002927496929060538,0.0
COVID-19 pandemic in Kyrgyzstan,221,0,0.05716502845318158,0.0002926542919486995,0.0
COVID-19 pandemic in Taiwan,220,1352,0.4066218313502328,0.00029251855812153176,2.858840062494272e-05
Interferon,19,0,0.004914640455250905,0.0002919738425738451,0.0
Pacing (activity management),4,0,0.0010346611484738748,0.00029166289573553966,0.0
COVID-19 apps,229,0,0.05923435075012933,0.00029139283480653625,0.0
COVID-19 pandemic in Madagascar,221,0,0.05716502845318158,0.00029137398725602264,0.0
COVID-19 pandemic in New Zealand,220,1356,0.40765649249870667,0.0002912582783803548,0.0005064514401032719
Attenuated vaccine,228,0,0.058975685463010866,0.00029119694840791066,0.0
Tedros Adhanom Ghebreyesus,227,1344,0.40636316606311434,0.0002908307333104136,5.699436921988512e-05
COVID-19 in pregnancy,229,0,0.05923435075012933,0.00029073145886584974,0.0
White House COVID-19 Response Team,228,0,0.058975685463010866,0.00029065817894081015,0.0
NHS Nightingale Hospital London,230,0,0.0594930160372478,0.000290251023904653,0.0
Sarilumab,228,0,0.058975685463010866,0.0002894526034259312,0.0
Tocilizumab,228,0,0.058975685463010866,0.0002894526034259312,0.0
Zhong Nanshan,226,1356,0.4092084842214175,0.00028942826089682134,0.0003950987033085113
COVID-19 drug repurposing research,230,1444,0.4330056906363166,0.00028934697596446056,0.003313807396731053
Cancer,11,0,0.0028453181583031556,0.00028920592714968906,0.0
Operation Warp Speed,229,0,0.05923435075012933,0.00028904633023783073,0.0
COVID-19 hospitals in the United Kingdom,230,0,0.0594930160372478,0.0002887795867252052,0.0
W. Ian Lipkin,226,1362,0.4107604759441283,0.000288223815644806,0.0002522267953032049
COVID-19 pandemic in Wales,223,0,0.05768235902741852,0.00028816212906805384,0.0
NHS Nightingale Hospital Birmingham,229,0,0.05923435075012933,0.0002877228272963291,0.0
Intravenous,10,0,0.002586652871184687,0.0002876880529596845,0.0
Remdesivir,34,82,0.03000517330574237,0.00028768367116849134,0.00021245833356277962
Protein Data Bank,9,0,0.0023279875840662182,0.0002876292289008665,0.0
National Health Commission,16,0,0.004138644593895499,0.0002876046402178675,0.0
Plandemic,228,0,0.058975685463010866,0.00028758463473855855,0.0
2022 Shanghai COVID-19 outbreak,220,0,0.05690636316606311,0.0002875208217252859,0.0
Department of Health (Hong Kong),227,0,0.05871702017589239,0.00028735490442793334,0.0
European Union response to the COVID-19 pandemic,228,0,0.058975685463010866,0.0002872625311754086,0.0
GISAID,8,27,0.009053285049146403,0.0002872304133447613,3.214842935474227e-05
COVID-19 recession,231,0,0.05975168132436627,0.0002869733676886054,0.0
Moderna COVID-19 vaccine,228,0,0.058975685463010866,0.0002869007059361738,0.0
Fibromyalgia,4,0,0.0010346611484738748,0.0002867708549989305,0.0
SARS-CoV-2 Delta variant,228,0,0.058975685463010866,0.00028667799048611543,0.0
Economic impact of the COVID-19 pandemic in the United Kingdom,231,0,0.05975168132436627,0.0002866199175609475,0.0
MedlinePlus,15,0,0.0038799793067770304,0.00028659084429256813,0.0
Ethanol,6,0,0.0015519917227108122,0.0002865586341535751,0.0
Solidarity trial,228,0,0.058975685463010866,0.0002865375677541298,0.0
COVID-19 vaccination in France,227,0,0.05871702017589239,0.0002865278753096825,0.0
White House COVID-19 outbreak,222,0,0.05742369374030005,0.0002864466635932878,0.0
SARS-CoV-2 Alpha variant,229,0,0.05923435075012933,0.00028628843619757843,0.0
Media coverage of the COVID-19 pandemic,230,0,0.0594930160372478,0.0002860423524641886,0.0
Michael J. Ryan (doctor),227,0,0.05871702017589239,0.0002858331708503517,0.0
Shi Zhengli,226,1347,0.40688049663735126,0.00028565290449777416,5.146536766722838e-05
Christian Drosten,227,0,0.05871702017589239,0.0002855258977241093,0.0
Antiviral,9,0,0.0023279875840662182,0.00028534832967090163,0.0
Face masks during the COVID-19 pandemic in the United States,229,0,0.05923435075012933,0.0002853076965984625,0.0
RECOVER Initiative,2,3,0.0012933264355923435,0.00028529243450262483,0.0
EU Digital COVID Certificate,227,0,0.05871702017589239,0.00028525485953428915,0.0
The Lancet,33,0,0.008535954474909468,0.0002852236329957713,0.0
Diagnosis of exclusion,2,0,0.0005173305742369374,0.00028520422399071617,0.0
NHS Nightingale Hospital North East,229,0,0.05923435075012933,0.0002848285022663453,0.0
Matt Hancock,229,0,0.05923435075012933,0.0002848285022663453,0.0
Captain Tom Moore,229,0,0.05923435075012933,0.0002848285022663453,0.0
Chris Whitty,229,0,0.05923435075012933,0.0002848285022663453,0.0
COVID-19 pandemic in mainland China,224,1369,0.4120538023797206,0.00028473546392856065,0.00019201750241443802
COVID-19 pandemic in Guadeloupe,221,0,0.05716502845318158,0.0002846941366855348,0.0
COVID-19 pandemic in New Caledonia,221,0,0.05716502845318158,0.0002846941366855348,0.0
COVID-19 pandemic in French Polynesia,221,0,0.05716502845318158,0.0002846941366855348,0.0
COVID-19 pandemic in Saint Barthélemy,221,0,0.05716502845318158,0.0002846941366855348,0.0
COVID-19 pandemic in Mayotte,221,0,0.05716502845318158,0.0002846941366855348,0.0
COVID-19 pandemic in Réunion,221,0,0.05716502845318158,0.0002846941366855348,0.0
COVID-19 pandemic in the Collectivity of Saint Martin,221,0,0.05716502845318158,0.0002846941366855348,0.0
COVID-19 pandemic in Martinique,221,0,0.05716502845318158,0.0002846941366855348,0.0
Neil Ferguson (epidemiologist),228,1350,0.4081738230729436,0.0002846492717528613,9.659757839444678e-05
COVID-19 pandemic on Charles de Gaulle,220,0,0.05690636316606311,0.0002844389804730833,0.0
COVID-19 pandemic in French Guiana,220,0,0.05690636316606311,0.0002844389804730833,0.0
COVID-19 pandemic in Wallis and Futuna,220,0,0.05690636316606311,0.0002844389804730833,0.0
COVID-19 pandemic in Saint Pierre and Miquelon,220,0,0.05690636316606311,0.0002844389804730833,0.0
White House Coronavirus Task Force,228,0,0.058975685463010866,0.0002842509371695864,0.0
COVID-19 pandemic in Europe,228,1381,0.4161924469736161,0.0002842062197317283,8.470529719355576e-05
Political impact of the COVID-19 pandemic,230,0,0.0594930160372478,0.00028409172095262365,0.0
British government response to the COVID-19 pandemic,225,0,0.058199689601655454,0.00028401988132250667,0.0
Impact of the COVID-19 pandemic on Philippine sports,228,0,0.058975685463010866,0.00028390606914765874,0.0
COVID-19 misinformation in the Philippines,228,0,0.058975685463010866,0.00028390606914765874,0.0
SARS-CoV-2 Theta variant,228,0,0.058975685463010866,0.0002835839655845088,0.0
COVID-19 Genomics UK Consortium,229,0,0.05923435075012933,0.00028335706508689755,0.0
Impact of the COVID-19 pandemic on education in the United Kingdom,229,0,0.05923435075012933,0.00028335706508689755,0.0
2020 United Kingdom school exam grading controversy,229,0,0.05923435075012933,0.00028335706508689755,0.0
Climate change,6,0,0.0015519917227108122,0.00028302426225541947,0.0
Impact of the COVID-19 pandemic on religion,229,0,0.05923435075012933,0.0002829097066996601,0.0
Impact of the COVID-19 pandemic on education,229,0,0.05923435075012933,0.0002829097066996601,0.0
Impact of the COVID-19 pandemic on science and technology,229,0,0.05923435075012933,0.0002829097066996601,0.0
Financial market impact of the COVID-19 pandemic,229,0,0.05923435075012933,0.0002829097066996601,0.0
Impact of the COVID-19 pandemic on tourism,229,0,0.05923435075012933,0.0002829097066996601,0.0
Impact of the COVID-19 pandemic on the military,229,0,0.05923435075012933,0.0002829097066996601,0.0
Impact of the COVID-19 pandemic on the food industry,229,0,0.05923435075012933,0.0002829097066996601,0.0
Impact of the COVID-19 pandemic on the performing arts,229,0,0.05923435075012933,0.0002829097066996601,0.0
Public health mitigation of COVID-19,229,0,0.05923435075012933,0.0002829097066996601,0.0
Economic impact of the COVID-19 pandemic,229,0,0.05923435075012933,0.0002829097066996601,0.0
Impact of the COVID-19 pandemic on domestic violence,229,0,0.05923435075012933,0.0002829097066996601,0.0
COVID-19 vaccine clinical research,229,0,0.05923435075012933,0.0002829097066996601,0.0
History of COVID-19 vaccine development,229,0,0.05923435075012933,0.0002829097066996601,0.0
COVID-19 pandemic in popular culture,229,0,0.05923435075012933,0.0002829097066996601,0.0
Impact of the COVID-19 pandemic on retail,229,0,0.05923435075012933,0.0002829097066996601,0.0
Impact of the COVID-19 pandemic on sports,229,0,0.05923435075012933,0.0002829097066996601,0.0
Impact of the COVID-19 pandemic on television,229,0,0.05923435075012933,0.0002829097066996601,0.0
Impact of the COVID-19 pandemic on the arts and cultural heritage,229,0,0.05923435075012933,0.0002829097066996601,0.0
Impact of the COVID-19 pandemic on social media,229,0,0.05923435075012933,0.0002829097066996601,0.0
Impact of the COVID-19 pandemic on people with disabilities,229,0,0.05923435075012933,0.0002829097066996601,0.0
Denmark,15,0,0.0038799793067770304,0.0002828896594769408,0.0
Mega Ligtas COVID Centers,227,0,0.05871702017589239,0.00028284930971878263,0.0
COVID-19 vaccination in the Philippines,227,0,0.05871702017589239,0.00028284930971878263,0.0
Defeat COVID-19 Ad Hoc Committee,227,0,0.05871702017589239,0.00028284930971878263,0.0
SafePass,227,0,0.05871702017589239,0.00028284930971878263,0.0
StaySafe.ph,227,0,0.05871702017589239,0.00028284930971878263,0.0
Inter-Agency Task Force for the Management of Emerging Infectious Diseases,227,0,0.05871702017589239,0.00028284930971878263,0.0
Francisco Duque III,227,0,0.05871702017589239,0.00028284930971878263,0.0
COVID-19 pandemic in Scotland,222,0,0.05742369374030005,0.0002827396074297461,0.0
Timeline of the COVID-19 pandemic in the United Kingdom (January–June 2020),222,0,0.05742369374030005,0.0002827396074297461,0.0
First COVID-19 tier regulations in England,222,0,0.05742369374030005,0.0002827396074297461,0.0
COVID-19 pandemic in London,222,0,0.05742369374030005,0.0002827396074297461,0.0
COVID-19 pandemic in England,222,0,0.05742369374030005,0.0002827396074297461,0.0
COVID-19 pandemic in Northern Ireland,222,0,0.05742369374030005,0.0002827396074297461,0.0
Timeline of the COVID-19 pandemic in the United Kingdom (July–December 2020),222,0,0.05742369374030005,0.0002827396074297461,0.0
Impact of the COVID-19 pandemic on long-term care facilities,228,1358,0.41024314536989137,0.00028273274983665534,4.283110770439609e-05
Impact of the COVID-19 pandemic on cinema,228,1357,0.4099844800827729,0.0002827326195144615,2.8652994467879135e-05
Social impact of the COVID-19 pandemic,228,1357,0.4099844800827729,0.0002827326195144615,2.2275219194059533e-05
Impact of the COVID-19 pandemic on prisons,228,1354,0.4092084842214175,0.00028273222739359994,1.3632036020250655e-05
COVID-19 pandemic cases,228,827,0.2728918779099845,0.0002826192448850771,3.2721393453797125e-05
Impact of the COVID-19 pandemic on Indian migrant workers,229,0,0.05923435075012933,0.0002825726544517326,0.0
Covaxin,229,0,0.05923435075012933,0.0002825726544517326,0.0
Social impact of the COVID-19 pandemic in the United Kingdom,225,0,0.058199689601655454,0.0002825484441430589,0.0
COVID-19 pandemic by country and territory,228,1363,0.4115364718054837,0.0002823965581432008,4.702816617883865e-05
Vaccine Taskforce,228,0,0.058975685463010866,0.0002823003056580214,0.0
COVID-19 vaccination in the United Kingdom,228,0,0.058975685463010866,0.0002823003056580214,0.0
"Test, Trace, Protect",228,0,0.058975685463010866,0.0002823003056580214,0.0
Test to Release,228,0,0.058975685463010866,0.0002823003056580214,0.0
Catherine Calderwood,228,0,0.058975685463010866,0.0002823003056580214,0.0
Frank Atherton,228,0,0.058975685463010866,0.0002823003056580214,0.0
Joint Biosecurity Centre,228,0,0.058975685463010866,0.0002823003056580214,0.0
NHS COVID-19,228,0,0.058975685463010866,0.0002823003056580214,0.0
COVID-19 protests in the United Kingdom,228,0,0.058975685463010866,0.0002823003056580214,0.0
NHS Nightingale Hospital North West,228,0,0.058975685463010866,0.0002823003056580214,0.0
Operation Moonshot,228,0,0.058975685463010866,0.0002823003056580214,0.0
PANORAMIC trial,228,0,0.058975685463010866,0.0002823003056580214,0.0
NHS Nightingale Hospital Yorkshire and the Humber,228,0,0.058975685463010866,0.0002823003056580214,0.0
UK Rapid Test Consortium,228,0,0.058975685463010866,0.0002823003056580214,0.0
Independent SAGE,228,0,0.058975685463010866,0.0002823003056580214,0.0
Dragon's Heart Hospital,228,0,0.058975685463010866,0.0002823003056580214,0.0
NHS Louisa Jordan,228,0,0.058975685463010866,0.0002823003056580214,0.0
Imperial College COVID-19 Response Team,228,0,0.058975685463010866,0.0002823003056580214,0.0
Exercise Cygnus,228,0,0.058975685463010866,0.0002823003056580214,0.0
Michael McBride (doctor),228,0,0.058975685463010866,0.0002823003056580214,0.0
Gregor Smith,228,0,0.058975685463010866,0.0002823003056580214,0.0
Gendered impact of the COVID-19 pandemic,228,0,0.058975685463010866,0.000282175050833934,0.0
2021–2023 global supply chain crisis,228,0,0.058975685463010866,0.000282175050833934,0.0
Impact of the COVID-19 pandemic on children,228,0,0.058975685463010866,0.000282175050833934,0.0
Social stigma associated with COVID-19,228,0,0.058975685463010866,0.000282175050833934,0.0
Great Resignation,228,0,0.058975685463010866,0.000282175050833934,0.0
Workplace hazard controls for COVID-19,228,0,0.058975685463010866,0.000282175050833934,0.0
Charitable activities related to the COVID-19 pandemic,228,0,0.058975685463010866,0.000282175050833934,0.0
Treatment and management of COVID-19,228,0,0.058975685463010866,0.000282175050833934,0.0
2020–2023 global chip shortage,228,0,0.058975685463010866,0.000282175050833934,0.0
Cluster 5,229,0,0.05923435075012933,0.00028216368147097437,0.0
COVID-19 pandemic in Michigan,221,0,0.05716502845318158,0.00028216204233298724,0.0
COVID-19 pandemic in Minnesota,221,0,0.05716502845318158,0.00028216204233298724,0.0
COVID-19 pandemic in Virginia,221,0,0.05716502845318158,0.00028216204233298724,0.0
Philippine government response to the COVID-19 pandemic,223,0,0.05768235902741852,0.00028204068877494404,0.0
Fabunan Antiviral Injection,3,48,0.013191929643041903,0.00028201199831164373,0.0
Human rights issues related to the COVID-19 pandemic,227,1365,0.4117951370926022,0.00028199945562157276,4.373892979996379e-05
Shortages related to the COVID-19 pandemic,227,1358,0.4099844800827729,0.00028199855105193736,0.00018645842604079284
COVID-19 pandemic on cruise ships,228,1360,0.4107604759441283,0.00028198745452791393,4.9445888097869596e-05
COVID-19 pandemic in Antarctica,228,0,0.058975685463010866,0.000281852947270784,0.0
COVID-19 pandemic in South America,228,0,0.058975685463010866,0.000281852947270784,0.0
COVID-19 pandemic in Africa,227,1370,0.4130884635281945,0.0002816782001408479,5.573424013847509e-05
COVID-19 pandemic in Asia,227,1368,0.4125711329539576,0.00028167794481955314,2.890375357267048e-05
Impact of the COVID-19 pandemic on hospitals,227,1363,0.4112778065183652,0.0002816773032401846,5.263054401114811e-05
COVID-19 pandemic in North America,227,1359,0.41024314536989137,0.0002816767865796962,1.6473065018396435e-05
COVID-19 pandemic in Oceania,227,1356,0.40946714950853597,0.0002816763970852249,1.0923011761513432e-05
COVID-19 pandemic in Germany,221,1353,0.40713916192446975,0.0002816035877062208,2.247033841043669e-05
National responses to the COVID-19 pandemic,228,0,0.058975685463010866,0.0002815158950228565,0.0
United Kingdom responses to the COVID-19 pandemic,224,0,0.05794102431453699,0.0002814916847141828,0.0
COVID-19 pandemic in Russia,221,766,0.2553026383859286,0.00028146815818433975,2.7329349419964204e-05
COVID-19 pandemic in Brazil,221,1352,0.40688049663735126,0.00028143702976837895,3.6817180477741215e-05
COVID-19 pandemic in Hong Kong,220,1343,0.40429384376616656,0.00028129011564201594,2.8819408483743304e-05
Canada,26,0,0.006725297465080186,0.00028123519008004053,0.0
Strikes during the COVID-19 pandemic,229,0,0.05923435075012933,0.0002811709492432719,0.0
Economic impact of the COVID-19 pandemic in the United States,229,0,0.05923435075012933,0.0002811709492432719,0.0
Impact of the COVID-19 pandemic on the Walt Disney Company,229,0,0.05923435075012933,0.0002811709492432719,0.0
Impact of the COVID-19 pandemic on television in the United States,229,0,0.05923435075012933,0.0002811709492432719,0.0
Impact of the COVID-19 pandemic on the LGBT community,227,0,0.05871702017589239,0.0002811182914050578,0.0
Travel during the COVID-19 pandemic,227,1368,0.4125711329539576,0.0002809323866952223,3.186691318638713e-05
COVID-19 pandemic in the Philippines,220,1363,0.40946714950853597,0.0002808830200230411,0.00010911155476403589
Hugo López-Gatell Ramírez,227,0,0.05871702017589239,0.0002808256865780043,0.0
Broad-spectrum antiviral drug,227,0,0.05871702017589239,0.0002808256865780043,0.0
Multiple sclerosis,5,0,0.0012933264355923435,0.0002808039934941178,0.0
ZyCoV-D,227,0,0.05871702017589239,0.00028078123915713037,0.0
HGC019,227,0,0.05871702017589239,0.00028078123915713037,0.0
Harsh Vardhan (Delhi politician),227,0,0.05871702017589239,0.00028078123915713037,0.0
Corbevax,227,0,0.05871702017589239,0.00028078123915713037,0.0
COVID-19 vaccination in India,227,0,0.05871702017589239,0.00028078123915713037,0.0
PM CARES Fund,227,0,0.05871702017589239,0.00028078123915713037,0.0
Aarogya Setu,227,0,0.05871702017589239,0.00028078123915713037,0.0
National Expert Group on Vaccine Administration for COVID-19,227,0,0.05871702017589239,0.00028078123915713037,0.0
Timeline of the COVID-19 pandemic in the Philippines (2020),220,0,0.05690636316606311,0.0002807604148821835,0.0
COVID-19 pandemic in Eastern Visayas,220,0,0.05690636316606311,0.0002807604148821835,0.0
COVID-19 community quarantines in the Philippines,220,0,0.05690636316606311,0.0002807604148821835,0.0
COVID-19 pandemic in the Ilocos Region,220,0,0.05690636316606311,0.0002807604148821835,0.0
COVID-19 pandemic in the Davao Region,220,0,0.05690636316606311,0.0002807604148821835,0.0
COVID-19 pandemic in the Cordillera Administrative Region,220,0,0.05690636316606311,0.0002807604148821835,0.0
COVID-19 pandemic in the Bicol Region,220,0,0.05690636316606311,0.0002807604148821835,0.0
COVID-19 pandemic in Zamboanga Peninsula,220,0,0.05690636316606311,0.0002807604148821835,0.0
COVID-19 pandemic in Western Visayas,220,0,0.05690636316606311,0.0002807604148821835,0.0
Timeline of the COVID-19 pandemic in the Philippines (2021),220,0,0.05690636316606311,0.0002807604148821835,0.0
COVID-19 pandemic in Cagayan Valley,220,0,0.05690636316606311,0.0002807604148821835,0.0
COVID-19 pandemic in Central Visayas,220,0,0.05690636316606311,0.0002807604148821835,0.0
Overseas Filipinos during the COVID-19 pandemic,220,0,0.05690636316606311,0.0002807604148821835,0.0
COVID-19 pandemic in Caraga,220,0,0.05690636316606311,0.0002807604148821835,0.0
COVID-19 pandemic in Central Luzon,220,0,0.05690636316606311,0.0002807604148821835,0.0
Evacuations by the Philippines related to the COVID-19 pandemic,220,0,0.05690636316606311,0.0002807604148821835,0.0
Enhanced community quarantine in Luzon,220,0,0.05690636316606311,0.0002807604148821835,0.0
COVID-19 pandemic in Calabarzon,220,0,0.05690636316606311,0.0002807604148821835,0.0
COVID-19 pandemic in Soccsksargen,220,0,0.05690636316606311,0.0002807604148821835,0.0
COVID-19 pandemic in Metro Manila,220,0,0.05690636316606311,0.0002807604148821835,0.0
Timeline of the COVID-19 pandemic in the Philippines (2022),220,0,0.05690636316606311,0.0002807604148821835,0.0
COVID-19 pandemic in Northern Mindanao,220,0,0.05690636316606311,0.0002807604148821835,0.0
COVID-19 pandemic in Mimaropa,220,0,0.05690636316606311,0.0002807604148821835,0.0
COVID-19 pandemic in Bangsamoro,220,0,0.05690636316606311,0.0002807604148821835,0.0
RNA virus,17,0,0.004397309881013968,0.0002804972973152098,0.0
COVID-19 pandemic in Anguilla,222,0,0.05742369374030005,0.0002804665670338737,0.0
COVID-19 pandemic in Jersey,222,0,0.05742369374030005,0.0002804665670338737,0.0
COVID-19 pandemic in Gibraltar,222,0,0.05742369374030005,0.0002804665670338737,0.0
COVID-19 pandemic in Bermuda,222,0,0.05742369374030005,0.0002804665670338737,0.0
COVID-19 pandemic in Montserrat,222,0,0.05742369374030005,0.0002804665670338737,0.0
COVID-19 pandemic in the Isle of Man,222,0,0.05742369374030005,0.0002804665670338737,0.0
COVID-19 pandemic in the Cayman Islands,222,0,0.05742369374030005,0.0002804665670338737,0.0
COVID-19 pandemic in Akrotiri and Dhekelia,222,0,0.05742369374030005,0.0002804665670338737,0.0
COVID-19 pandemic in the British Virgin Islands,222,0,0.05742369374030005,0.0002804665670338737,0.0
COVID-19 pandemic in the Turks and Caicos Islands,222,0,0.05742369374030005,0.0002804665670338737,0.0
Impact of the COVID-19 pandemic on the meat industry in the United States,228,0,0.058975685463010866,0.0002804362933775458,0.0
Impact of the COVID-19 pandemic on education in the United States,228,0,0.058975685463010866,0.0002804362933775458,0.0
Impact of the COVID-19 pandemic on foster care in the United States,228,0,0.058975685463010866,0.0002804362933775458,0.0
Impact of the COVID-19 pandemic on the restaurant industry in the United States,228,0,0.058975685463010866,0.0002804362933775458,0.0
Impact of the COVID-19 pandemic on Native American tribes and tribal communities,228,0,0.058975685463010866,0.0002804362933775458,0.0
Impact of the COVID-19 pandemic on abortion in the United States,228,0,0.058975685463010866,0.0002804362933775458,0.0
COVID-19 Advisory Board,228,0,0.058975685463010866,0.0002804362933775458,0.0
COVID-19 pandemic in U.S. immigration detention,228,0,0.058975685463010866,0.0002804362933775458,0.0
Gizmodo,3,0,0.0007759958613554061,0.00028029853516660976,0.0
COVID-19 pandemic in Guernsey,221,1344,0.4048111743404035,0.0002802892943980883,0.00014652024126532087
Operation Rescript,221,0,0.05716502845318158,0.00028021141082142223,0.0
Timeline of the COVID-19 pandemic in Wales (2021),221,0,0.05716502845318158,0.00028021141082142223,0.0
Timeline of the COVID-19 pandemic in England (January–June 2020),221,0,0.05716502845318158,0.00028021141082142223,0.0
COVID-19 local lockdown regulations in England,221,0,0.05716502845318158,0.00028021141082142223,0.0
Timeline of the COVID-19 pandemic in England (2022),221,0,0.05716502845318158,0.00028021141082142223,0.0
History of the COVID-19 pandemic in the United Kingdom,221,0,0.05716502845318158,0.00028021141082142223,0.0
Timeline of the COVID-19 pandemic in England (2021),221,0,0.05716502845318158,0.00028021141082142223,0.0
COVID-19 pandemic in the British Overseas Territories,221,0,0.05716502845318158,0.00028021141082142223,0.0
COVID-19 pandemic in the Crown Dependencies,221,0,0.05716502845318158,0.00028021141082142223,0.0
Timeline of the COVID-19 pandemic in England (July–December 2020),221,0,0.05716502845318158,0.00028021141082142223,0.0
Controversies regarding COVID-19 contracts in the United Kingdom,221,0,0.05716502845318158,0.00028021141082142223,0.0
COVID-19 pandemic in the Falkland Islands,221,0,0.05716502845318158,0.00028021141082142223,0.0
COVID-19 pandemic in the British Indian Ocean Territory,221,0,0.05716502845318158,0.00028021141082142223,0.0
COVID-19 pandemic in the Pitcairn Islands,221,0,0.05716502845318158,0.00028021141082142223,0.0
Timeline of the COVID-19 pandemic in Wales (2020),221,0,0.05716502845318158,0.00028021141082142223,0.0
Operation Broadshare,221,0,0.05716502845318158,0.00028021141082142223,0.0
Timeline of the COVID-19 pandemic in the United Kingdom (July–December 2021),221,0,0.05716502845318158,0.00028021141082142223,0.0
Timeline of the COVID-19 pandemic in the United Kingdom (January–June 2022),221,0,0.05716502845318158,0.00028021141082142223,0.0
Timeline of the COVID-19 pandemic in Northern Ireland (2022),221,0,0.05716502845318158,0.00028021141082142223,0.0
Timeline of the COVID-19 pandemic in Scotland (2020),221,0,0.05716502845318158,0.00028021141082142223,0.0
Timeline of the COVID-19 pandemic in the United Kingdom (July–December 2022),221,0,0.05716502845318158,0.00028021141082142223,0.0
Timeline of the COVID-19 pandemic in Northern Ireland (2021),221,0,0.05716502845318158,0.00028021141082142223,0.0
Timeline of the COVID-19 pandemic in the United Kingdom (2023),221,0,0.05716502845318158,0.00028021141082142223,0.0
"COVID-19 pandemic in Saint Helena, Ascension and Tristan da Cunha",221,0,0.05716502845318158,0.00028021141082142223,0.0
Timeline of the COVID-19 pandemic in Northern Ireland (2020),221,0,0.05716502845318158,0.00028021141082142223,0.0
Timeline of the COVID-19 pandemic in the United Kingdom (January–June 2021),221,0,0.05716502845318158,0.00028021141082142223,0.0
Timeline of the COVID-19 pandemic in Scotland (2021),221,0,0.05716502845318158,0.00028021141082142223,0.0
Timeline of the COVID-19 pandemic in Scotland (2022),221,0,0.05716502845318158,0.00028021141082142223,0.0
Hepatitis D,15,0,0.0038799793067770304,0.0002801402238879715,0.0
COVID-19 vaccine hesitancy in the United States,228,0,0.058975685463010866,0.00028011418981439574,0.0
Amantadine,14,0,0.0036213140196585617,0.00028004298357173706,0.0
Oseltamivir,15,0,0.0038799793067770304,0.00028002384428629253,0.0
Indian government response to the COVID-19 pandemic,223,0,0.05768235902741852,0.0002799726182132918,0.0
Zanamivir,14,0,0.0036213140196585617,0.00027984681927623967,0.0
Peramivir,14,0,0.0036213140196585617,0.00027984681927623967,0.0
Baloxavir marboxil,14,0,0.0036213140196585617,0.00027984681927623967,0.0
Undercounting of COVID-19 pandemic deaths by country,228,0,0.058975685463010866,0.00027963548486265044,0.0
Impact of the COVID-19 pandemic on ice hockey,228,0,0.058975685463010866,0.00027963548486265044,0.0
Impact of the COVID-19 pandemic on baseball,228,0,0.058975685463010866,0.00027963548486265044,0.0
Impact of the COVID-19 pandemic on association football,228,0,0.058975685463010866,0.00027963548486265044,0.0
Impact of the COVID-19 pandemic on basketball,228,0,0.058975685463010866,0.00027963548486265044,0.0
COVID-19 pandemic on naval ships,228,0,0.058975685463010866,0.00027963548486265044,0.0
Impact of the COVID-19 pandemic on Gaelic games,228,0,0.058975685463010866,0.00027963548486265044,0.0
Impact of the COVID-19 pandemic on Hajj,228,0,0.058975685463010866,0.00027963548486265044,0.0
Impact of the COVID-19 pandemic on American sports broadcasting,228,0,0.058975685463010866,0.00027963548486265044,0.0
Impact of the COVID-19 pandemic on crime,228,0,0.058975685463010866,0.00027963548486265044,0.0
COVID-19 pandemic death rates by country,228,0,0.058975685463010866,0.00027963548486265044,0.0
Impact of the COVID-19 pandemic on cricket,228,0,0.058975685463010866,0.00027963548486265044,0.0
COVID-19 vaccine card,228,0,0.058975685463010866,0.00027963548486265044,0.0
Impact of the COVID-19 pandemic on disc golf,228,0,0.058975685463010866,0.00027963548486265044,0.0
Economic impact of the COVID-19 pandemic in Canada,228,0,0.058975685463010866,0.00027963548486265044,0.0
Economic impact of the COVID-19 pandemic in Russia,228,0,0.058975685463010866,0.00027963548486265044,0.0
Economic impact of the COVID-19 pandemic in New Zealand,228,0,0.058975685463010866,0.00027963548486265044,0.0
Economic impact of the COVID-19 pandemic in Malaysia,228,0,0.058975685463010866,0.00027963548486265044,0.0
Economic impact of the COVID-19 pandemic in the Republic of Ireland,228,0,0.058975685463010866,0.00027963548486265044,0.0
Impact of the COVID-19 pandemic on the fashion industry,228,0,0.058975685463010866,0.00027963548486265044,0.0
Impact of the COVID-19 pandemic on international relations,228,0,0.058975685463010866,0.00027963548486265044,0.0
Janssen COVID-19 vaccine,228,0,0.058975685463010866,0.00027963548486265044,0.0
Impact of the COVID-19 pandemic on gridiron football,228,0,0.058975685463010866,0.00027963548486265044,0.0
Zero-COVID,228,0,0.058975685463010866,0.00027963548486265044,0.0
Impact of the COVID-19 pandemic on other health issues,228,0,0.058975685463010866,0.00027963548486265044,0.0
Impact of the COVID-19 pandemic on female education,228,0,0.058975685463010866,0.00027963548486265044,0.0
Impact of the COVID-19 pandemic on the Catholic Church,228,0,0.058975685463010866,0.00027963548486265044,0.0
Impact of the COVID-19 pandemic on rugby league,228,0,0.058975685463010866,0.00027963548486265044,0.0
Impact of the COVID-19 pandemic on the cannabis industry,228,0,0.058975685463010866,0.00027963548486265044,0.0
Impact of the COVID-19 pandemic on motorsport,228,0,0.058975685463010866,0.00027963548486265044,0.0
Social impact of the COVID-19 pandemic in the United States,224,0,0.05794102431453699,0.00027962767243370714,0.0
Impact of the COVID-19 pandemic on the environment,227,1382,0.4161924469736161,0.0002794636285022589,9.948752977631527e-05
COVID-19 pandemic and animals,227,1373,0.4138644593895499,0.00027946250267472825,0.00014267571391443333
COVID-19 misinformation by governments,227,1366,0.4120538023797206,0.0002794616167809581,4.139676607576645e-05
Food security during the COVID-19 pandemic,227,1359,0.41024314536989137,0.0002794607217666226,2.3882986368342374e-05
Timeline of the COVID-19 pandemic,227,1343,0.40610450077599586,0.00027945864100634637,7.7873914746861e-06
COVID-19 vaccination mandates in the United States,227,0,0.05871702017589239,0.00027937953394866963,0.0
Hospital ships designated for the COVID-19 pandemic,227,0,0.05871702017589239,0.00027937953394866963,0.0
Great American Economic Revival Industry Groups,227,0,0.05871702017589239,0.00027937953394866963,0.0
Kizzmekia Corbett,227,0,0.05871702017589239,0.00027937953394866963,0.0
2020 stock market crash,227,0,0.05871702017589239,0.00027937953394866963,0.0
Jeff Zients,227,0,0.05871702017589239,0.00027937953394866963,0.0
Open the States,227,0,0.05871702017589239,0.00027937953394866963,0.0
Moncef Slaoui,227,0,0.05871702017589239,0.00027937953394866963,0.0
COVID-19 protests in the United States,227,0,0.05871702017589239,0.00027937953394866963,0.0
Crimson Contagion,227,0,0.05871702017589239,0.00027937953394866963,0.0
Lufotrelvir,12,1350,0.35230212105535436,0.00027921317055794954,0.00022734621492382612
Wikipedia and the COVID-19 pandemic,227,0,0.05871702017589239,0.00027890082899692433,0.0
COVID-19 rapid antigen test,227,0,0.05871702017589239,0.00027890082899692433,0.0
COVID-19 Immunity Task Force,227,0,0.05871702017589239,0.00027890082899692433,0.0
Impact of the COVID-19 pandemic on education in the Republic of Ireland,227,0,0.05871702017589239,0.00027890082899692433,0.0
Impact of the COVID-19 pandemic on healthcare workers,227,0,0.05871702017589239,0.00027890082899692433,0.0
COVID-19 scams,227,14,0.06233833419555095,0.00027890082899692433,6.169414215732717e-06
COVID-19 Response Acceleration Task Force,227,0,0.05871702017589239,0.00027890082899692433,0.0
Bio-secure bubble,227,0,0.05871702017589239,0.00027890082899692433,0.0
COVID-19 Pandemic Unemployment Payment,227,0,0.05871702017589239,0.00027890082899692433,0.0
Corona-chan,227,0,0.05871702017589239,0.00027890082899692433,0.0
Pandemic baking,227,0,0.05871702017589239,0.00027890082899692433,0.0
Suspension of the 2019–20 NBA season,227,0,0.05871702017589239,0.00027890082899692433,0.0
Impact of the COVID-19 pandemic on ICU capacity,227,0,0.05871702017589239,0.00027890082899692433,0.0
Impact of the COVID-19 pandemic on commercial air transport,227,0,0.05871702017589239,0.00027890082899692433,0.0
Impact of the COVID-19 pandemic on education in Ghana,227,0,0.05871702017589239,0.00027890082899692433,0.0
Impact of the COVID-19 pandemic on politics in the Republic of Ireland,227,0,0.05871702017589239,0.00027890082899692433,0.0
Impact of the COVID-19 pandemic on the meat industry in Canada,227,0,0.05871702017589239,0.00027890082899692433,0.0
Impact of the COVID-19 pandemic on human rights in Argentina,227,0,0.05871702017589239,0.00027890082899692433,0.0
Impact of the COVID-19 pandemic on politics in Malaysia,227,0,0.05871702017589239,0.00027890082899692433,0.0
Impact of the COVID-19 pandemic on politics in Russia,227,0,0.05871702017589239,0.00027890082899692433,0.0
COVAX-19,227,0,0.05871702017589239,0.00027890082899692433,0.0
Impact of the COVID-19 pandemic on public transport,227,0,0.05871702017589239,0.00027890082899692433,0.0
Impact of the COVID-19 pandemic on sports in the Republic of Ireland,227,0,0.05871702017589239,0.00027890082899692433,0.0
Ageusia,6,109,0.0297465080186239,0.00027880272238154757,0.0013025835021897593
Endemic COVID-19,226,1361,0.4105018106570098,0.0002787267786322953,7.949059667831736e-05
COVID-19 misinformation in Canada,226,1341,0.40532850491464045,0.00027872418442815737,5.8145079826927e-05
17A,226,1322,0.40041386445938953,0.0002787216472759684,1.8083624856785189e-07
Timeline of the COVID-19 pandemic in Kerala,220,0,0.05690636316606311,0.0002786923443205312,0.0
COVID-19 pandemic in Uttarakhand,220,0,0.05690636316606311,0.0002786923443205312,0.0
COVID-19 pandemic in Uttar Pradesh,220,0,0.05690636316606311,0.0002786923443205312,0.0
COVID-19 pandemic in Telangana,220,0,0.05690636316606311,0.0002786923443205312,0.0
COVID-19 pandemic in Sikkim,220,0,0.05690636316606311,0.0002786923443205312,0.0
Statistics of the COVID-19 pandemic in India,220,0,0.05690636316606311,0.0002786923443205312,0.0
Timeline of the COVID-19 pandemic in India (June–December 2020),220,0,0.05690636316606311,0.0002786923443205312,0.0
Timeline of the COVID-19 pandemic in India (January–May 2020),220,0,0.05690636316606311,0.0002786923443205312,0.0
Timeline of the COVID-19 pandemic in India (2021),220,0,0.05690636316606311,0.0002786923443205312,0.0
COVID-19 pandemic in Tamil Nadu,220,0,0.05690636316606311,0.0002786923443205312,0.0
COVID-19 pandemic in the Andaman and Nicobar Islands,220,0,0.05690636316606311,0.0002786923443205312,0.0
COVID-19 pandemic in West Bengal,220,0,0.05690636316606311,0.0002786923443205312,0.0
COVID-19 pandemic in Puducherry,220,0,0.05690636316606311,0.0002786923443205312,0.0
COVID-19 pandemic in Andhra Pradesh,220,0,0.05690636316606311,0.0002786923443205312,0.0
COVID-19 pandemic in Arunachal Pradesh,220,0,0.05690636316606311,0.0002786923443205312,0.0
COVID-19 pandemic in Assam,220,0,0.05690636316606311,0.0002786923443205312,0.0
"COVID-19 pandemic in Punjab, India",220,0,0.05690636316606311,0.0002786923443205312,0.0
COVID-19 lockdown in India,220,0,0.05690636316606311,0.0002786923443205312,0.0
COVID-19 pandemic in Rajasthan,220,0,0.05690636316606311,0.0002786923443205312,0.0
COVID-19 pandemic in Tripura,220,0,0.05690636316606311,0.0002786923443205312,0.0
2020 Tablighi Jamaat COVID-19 hotspot in Delhi,220,0,0.05690636316606311,0.0002786923443205312,0.0
COVID-19 pandemic in Lakshadweep,220,0,0.05690636316606311,0.0002786923443205312,0.0
COVID-19 pandemic in Karnataka,220,0,0.05690636316606311,0.0002786923443205312,0.0
COVID-19 pandemic in Odisha,220,0,0.05690636316606311,0.0002786923443205312,0.0
COVID-19 pandemic in Mizoram,220,0,0.05690636316606311,0.0002786923443205312,0.0
COVID-19 pandemic in Meghalaya,220,0,0.05690636316606311,0.0002786923443205312,0.0
COVID-19 pandemic in Nagaland,220,0,0.05690636316606311,0.0002786923443205312,0.0
Indian state government responses to the COVID-19 pandemic,220,0,0.05690636316606311,0.0002786923443205312,0.0
COVID-19 pandemic in Madhya Pradesh,220,0,0.05690636316606311,0.0002786923443205312,0.0
COVID-19 pandemic in Maharashtra,220,0,0.05690636316606311,0.0002786923443205312,0.0
COVID-19 pandemic in Manipur,220,0,0.05690636316606311,0.0002786923443205312,0.0
COVID-19 pandemic in Jharkhand,220,0,0.05690636316606311,0.0002786923443205312,0.0
COVID-19 pandemic in Ladakh,220,0,0.05690636316606311,0.0002786923443205312,0.0
COVID-19 pandemic in Haryana,220,0,0.05690636316606311,0.0002786923443205312,0.0
COVID-19 pandemic in Jammu and Kashmir,220,0,0.05690636316606311,0.0002786923443205312,0.0
COVID-19 pandemic in Himachal Pradesh,220,0,0.05690636316606311,0.0002786923443205312,0.0
COVID-19 pandemic in Bihar,220,0,0.05690636316606311,0.0002786923443205312,0.0
COVID-19 pandemic in Goa,220,0,0.05690636316606311,0.0002786923443205312,0.0
COVID-19 pandemic in Gujarat,220,0,0.05690636316606311,0.0002786923443205312,0.0
COVID-19 pandemic in Dadra and Nagar Haveli and Daman and Diu,220,0,0.05690636316606311,0.0002786923443205312,0.0
COVID-19 pandemic in Chandigarh,220,0,0.05690636316606311,0.0002786923443205312,0.0
COVID-19 pandemic in Chhattisgarh,220,0,0.05690636316606311,0.0002786923443205312,0.0
COVID-19 pandemic in Delhi,220,0,0.05690636316606311,0.0002786923443205312,0.0
Vaccine Maitri,220,0,0.05690636316606311,0.0002786923443205312,0.0
COVID-19 pandemic in South Africa,221,1344,0.4048111743404035,0.00027865276568514935,2.8886831441795693e-05
Impact of the COVID-19 pandemic on the video game industry,227,0,0.05871702017589239,0.00027857872543377433,0.0
Timeline of the COVID-19 pandemic in October 2022,227,0,0.05871702017589239,0.00027857872543377433,0.0
Timeline of the COVID-19 pandemic in September 2020,227,0,0.05871702017589239,0.00027857872543377433,0.0
Timeline of the COVID-19 pandemic in September 2021,227,0,0.05871702017589239,0.00027857872543377433,0.0
Convidecia,227,0,0.05871702017589239,0.00027857872543377433,0.0
Responses to the COVID-19 pandemic in July 2021,227,0,0.05871702017589239,0.00027857872543377433,0.0
Responses to the COVID-19 pandemic in April 2021,227,0,0.05871702017589239,0.00027857872543377433,0.0
CoronaVac,227,0,0.05871702017589239,0.00027857872543377433,0.0
Responses to the COVID-19 pandemic in April 2022,227,0,0.05871702017589239,0.00027857872543377433,0.0
Responses to the COVID-19 pandemic in August 2020,227,0,0.05871702017589239,0.00027857872543377433,0.0
Responses to the COVID-19 pandemic in August 2021,227,0,0.05871702017589239,0.00027857872543377433,0.0
Responses to the COVID-19 pandemic in August 2022,227,0,0.05871702017589239,0.00027857872543377433,0.0
Responses to the COVID-19 pandemic in December 2020,227,0,0.05871702017589239,0.00027857872543377433,0.0
Responses to the COVID-19 pandemic in December 2021,227,0,0.05871702017589239,0.00027857872543377433,0.0
Responses to the COVID-19 pandemic in February 2020,227,0,0.05871702017589239,0.00027857872543377433,0.0
Responses to the COVID-19 pandemic in February 2021,227,0,0.05871702017589239,0.00027857872543377433,0.0
Coronavirus breathalyzer,227,0,0.05871702017589239,0.00027857872543377433,0.0
Responses to the COVID-19 pandemic in February 2022,227,0,0.05871702017589239,0.00027857872543377433,0.0
International aid related to the COVID-19 pandemic,227,0,0.05871702017589239,0.00027857872543377433,0.0
Responses to the COVID-19 pandemic in January 2020,227,0,0.05871702017589239,0.00027857872543377433,0.0
Responses to the COVID-19 pandemic in July 2022,227,0,0.05871702017589239,0.00027857872543377433,0.0
Responses to the COVID-19 pandemic in June 2020,227,0,0.05871702017589239,0.00027857872543377433,0.0
Responses to the COVID-19 pandemic in June 2021,227,0,0.05871702017589239,0.00027857872543377433,0.0
Responses to the COVID-19 pandemic in June 2022,227,0,0.05871702017589239,0.00027857872543377433,0.0
SARS-CoV-2 Epsilon variant,227,0,0.05871702017589239,0.00027857872543377433,0.0
SARS-CoV-2 Eta variant,227,0,0.05871702017589239,0.00027857872543377433,0.0
SARS-CoV-2 Gamma variant,227,0,0.05871702017589239,0.00027857872543377433,0.0
SARS-CoV-2 Iota variant,227,0,0.05871702017589239,0.00027857872543377433,0.0
SARS-CoV-2 Kappa variant,227,0,0.05871702017589239,0.00027857872543377433,0.0
Responses to the COVID-19 pandemic in April 2020,227,0,0.05871702017589239,0.00027857872543377433,0.0
SARS-CoV-2 Lambda variant,227,0,0.05871702017589239,0.00027857872543377433,0.0
SARS-CoV-2 Mu variant,227,0,0.05871702017589239,0.00027857872543377433,0.0
SARS-CoV-2 Zeta variant,227,0,0.05871702017589239,0.00027857872543377433,0.0
SARS-CoV-2 lineage B.1.617,227,0,0.05871702017589239,0.00027857872543377433,0.0
Responses to the COVID-19 pandemic in May 2021,227,0,0.05871702017589239,0.00027857872543377433,0.0
Responses to the COVID-19 pandemic in May 2022,227,0,0.05871702017589239,0.00027857872543377433,0.0
Responses to the COVID-19 pandemic in November 2020,227,0,0.05871702017589239,0.00027857872543377433,0.0
Responses to the COVID-19 pandemic in November 2021,227,0,0.05871702017589239,0.00027857872543377433,0.0
Responses to the COVID-19 pandemic in October 2020,227,0,0.05871702017589239,0.00027857872543377433,0.0
Responses to the COVID-19 pandemic in October 2021,227,0,0.05871702017589239,0.00027857872543377433,0.0
Novavax COVID-19 vaccine,227,0,0.05871702017589239,0.00027857872543377433,0.0
Responses to the COVID-19 pandemic in October 2022,227,0,0.05871702017589239,0.00027857872543377433,0.0
Responses to the COVID-19 pandemic in September 2020,227,0,0.05871702017589239,0.00027857872543377433,0.0
Responses to the COVID-19 pandemic in September 2021,227,0,0.05871702017589239,0.00027857872543377433,0.0
Responses to the COVID-19 pandemic in September 2022,227,0,0.05871702017589239,0.00027857872543377433,0.0
SARS-CoV-2 variant of concern,227,0,0.05871702017589239,0.00027857872543377433,0.0
Responses to the COVID-19 pandemic in March 2020,227,0,0.05871702017589239,0.00027857872543377433,0.0
Sinopharm BIBP COVID-19 vaccine,227,0,0.05871702017589239,0.00027857872543377433,0.0
Responses to the COVID-19 pandemic in March 2021,227,0,0.05871702017589239,0.00027857872543377433,0.0
MVC COVID-19 vaccine,227,0,0.05871702017589239,0.00027857872543377433,0.0
SARS-CoV-2 Beta variant,227,0,0.05871702017589239,0.00027857872543377433,0.0
Responses to the COVID-19 pandemic in March 2022,227,0,0.05871702017589239,0.00027857872543377433,0.0
Responses to the COVID-19 pandemic in May 2020,227,0,0.05871702017589239,0.00027857872543377433,0.0
Impact of the COVID-19 pandemic on the music industry,227,0,0.05871702017589239,0.00027857872543377433,0.0
Responses to the COVID-19 pandemic in January 2021,227,0,0.05871702017589239,0.00027857872543377433,0.0
Responses to the COVID-19 pandemic in January 2022,227,0,0.05871702017589239,0.00027857872543377433,0.0
Responses to the COVID-19 pandemic in July 2020,227,0,0.05871702017589239,0.00027857872543377433,0.0
Sputnik V COVID-19 vaccine,227,0,0.05871702017589239,0.00027857872543377433,0.0
Timeline of the COVID-19 pandemic in 2019,227,0,0.05871702017589239,0.00027857872543377433,0.0
Timeline of the COVID-19 pandemic in 2023,227,0,0.05871702017589239,0.00027857872543377433,0.0
Timeline of the COVID-19 pandemic in April 2021,227,0,0.05871702017589239,0.00027857872543377433,0.0
Timeline of the COVID-19 pandemic in April 2022,227,0,0.05871702017589239,0.00027857872543377433,0.0
Timeline of the COVID-19 pandemic in August 2020,227,0,0.05871702017589239,0.00027857872543377433,0.0
Timeline of the COVID-19 pandemic in August 2021,227,0,0.05871702017589239,0.00027857872543377433,0.0
Timeline of the COVID-19 pandemic in August 2022,227,0,0.05871702017589239,0.00027857872543377433,0.0
Timeline of the COVID-19 pandemic in February 2021,227,0,0.05871702017589239,0.00027857872543377433,0.0
Timeline of the COVID-19 pandemic in February 2022,227,0,0.05871702017589239,0.00027857872543377433,0.0
Timeline of the COVID-19 pandemic in January 2021,227,0,0.05871702017589239,0.00027857872543377433,0.0
Timeline of the COVID-19 pandemic in December 2020,227,0,0.05871702017589239,0.00027857872543377433,0.0
Timeline of the COVID-19 pandemic in December 2021,227,0,0.05871702017589239,0.00027857872543377433,0.0
Timeline of the COVID-19 pandemic in December 2022,227,0,0.05871702017589239,0.00027857872543377433,0.0
Timeline of the COVID-19 pandemic in January 2022,227,0,0.05871702017589239,0.00027857872543377433,0.0
Timeline of the COVID-19 pandemic in July 2020,227,0,0.05871702017589239,0.00027857872543377433,0.0
Timeline of the COVID-19 pandemic in July 2021,227,0,0.05871702017589239,0.00027857872543377433,0.0
Timeline of the COVID-19 pandemic in July 2022,227,0,0.05871702017589239,0.00027857872543377433,0.0
Timeline of the COVID-19 pandemic in June 2020,227,0,0.05871702017589239,0.00027857872543377433,0.0
Timeline of the COVID-19 pandemic in June 2021,227,0,0.05871702017589239,0.00027857872543377433,0.0
Timeline of the COVID-19 pandemic in June 2022,227,0,0.05871702017589239,0.00027857872543377433,0.0
Timeline of the COVID-19 pandemic in March 2021,227,0,0.05871702017589239,0.00027857872543377433,0.0
Timeline of the COVID-19 pandemic in March 2022,227,0,0.05871702017589239,0.00027857872543377433,0.0
Timeline of the COVID-19 pandemic in May 2020,227,0,0.05871702017589239,0.00027857872543377433,0.0
Timeline of the COVID-19 pandemic in May 2021,227,0,0.05871702017589239,0.00027857872543377433,0.0
Timeline of the COVID-19 pandemic in May 2022,227,0,0.05871702017589239,0.00027857872543377433,0.0
Timeline of the COVID-19 pandemic in September 2022,227,0,0.05871702017589239,0.00027857872543377433,0.0
Embolic and thrombotic events after COVID-19 vaccination,227,0,0.05871702017589239,0.00027857872543377433,0.0
Timeline of the COVID-19 pandemic in November 2020,227,0,0.05871702017589239,0.00027857872543377433,0.0
Timeline of the COVID-19 pandemic in November 2021,227,0,0.05871702017589239,0.00027857872543377433,0.0
Timeline of the COVID-19 pandemic in November 2022,227,0,0.05871702017589239,0.00027857872543377433,0.0
Timeline of the COVID-19 pandemic in October 2020,227,0,0.05871702017589239,0.00027857872543377433,0.0
Timeline of the COVID-19 pandemic in October 2021,227,0,0.05871702017589239,0.00027857872543377433,0.0
COVID-19 pandemic in Spain,221,769,0.256078634247284,0.0002785738331543559,5.761233319672886e-05
U.S. federal government response to the COVID-19 pandemic,223,0,0.05768235902741852,0.00027857091300483104,0.0
United States responses to the COVID-19 pandemic,223,0,0.05768235902741852,0.00027857091300483104,0.0
National Health Service,15,0,0.0038799793067770304,0.0002785182978054102,0.0
COVID-19 pandemic in Kerala,219,1334,0.40170719089498186,0.0002785148815096976,4.071315413364777e-05
COVID-19 pandemic in Hubei,220,1361,0.408949818934299,0.00027840729874460294,0.00019474278733869524
Timeline of the COVID-19 pandemic in January 2020,226,1376,0.41438178996378683,0.0002784067779753123,9.43238657574345e-05
Social impact of the COVID-19 pandemic in Russia,224,0,0.05794102431453699,0.00027840455921185965,0.0
Evacuations related to the COVID-19 pandemic,226,1358,0.4097258147956544,0.000278404500257319,0.00014797972039545793
Timeline of the COVID-19 pandemic in February 2020,226,1357,0.40946714950853597,0.0002784043719467816,2.6226633338685654e-05
Glossary of the COVID-19 pandemic,226,1357,0.40946714950853597,0.0002784043719467816,0.00011780261421520915
Timeline of the COVID-19 pandemic in April 2020,226,1353,0.4084324883600621,0.0002784038568091267,1.5724437681828728e-05
Impact of the COVID-19 pandemic,226,1337,0.40429384376616656,0.0002784017654543661,6.466941702878233e-05
Social impact of the COVID-19 pandemic in Malaysia,224,0,0.05794102431453699,0.00027839000619637707,0.0
Timeline of the COVID-19 pandemic in March 2020,226,927,0.2982410760475944,0.0002783235692213228,1.7718486065255284e-05
SARS,227,0,0.05871702017589239,0.00027830190481449563,0.0
Social impact of the COVID-19 pandemic in the Republic of Ireland,223,0,0.05768235902741852,0.00027809220805308574,0.0
Social impact of the COVID-19 pandemic in New Zealand,223,0,0.05768235902741852,0.00027809220805308574,0.0
Protease,6,0,0.0015519917227108122,0.00027784925958853257,0.0
AKS-452,226,0,0.05845835488877393,0.0002778440695680482,0.0
ARCT-021,226,0,0.05845835488877393,0.0002778440695680482,0.0
ARCT-154,226,0,0.05845835488877393,0.0002778440695680482,0.0
2021 Abkhazia unrest,226,0,0.05845835488877393,0.0002778440695680482,0.0
2021 Brazilian protests,226,0,0.05845835488877393,0.0002778440695680482,0.0
2021 Colombian protests,226,0,0.05845835488877393,0.0002778440695680482,0.0
National Public Health Emergency Team (2020),226,0,0.05845835488877393,0.0002778440695680482,0.0
Nguyễn Thanh Long,226,0,0.05845835488877393,0.0002778440695680482,0.0
Noor Hisham Abdullah,226,0,0.05845835488877393,0.0002778440695680482,0.0
Noora (vaccine),226,0,0.05845835488877393,0.0002778440695680482,0.0
Minhai COVID-19 vaccine,226,0,0.05845835488877393,0.0002778440695680482,0.0
Moldovan–Romanian collaboration during the COVID-19 pandemic,226,0,0.05845835488877393,0.0002778440695680482,0.0
MySejahtera,226,0,0.05845835488877393,0.0002778440695680482,0.0
NDV-HXP-S,226,0,0.05845835488877393,0.0002778440695680482,0.0
NZ COVID Tracer,226,0,0.05845835488877393,0.0002778440695680482,0.0
NZ Pass Verifier,226,0,0.05845835488877393,0.0002778440695680482,0.0
Nanocovax,226,0,0.05845835488877393,0.0002778440695680482,0.0
National COVID-19 Commission Advisory Board,226,0,0.05845835488877393,0.0002778440695680482,0.0
National Cabinet (Australia),226,0,0.05845835488877393,0.0002778440695680482,0.0
National Institute for Communicable Diseases,226,0,0.05845835488877393,0.0002778440695680482,0.0
2022 Beijing Sitong Bridge protest,226,0,0.05845835488877393,0.0002778440695680482,0.0
2022 Brussels protests,226,0,0.05845835488877393,0.0002778440695680482,0.0
Azra Ghani,226,0,0.05845835488877393,0.0002778440695680482,0.0
Bangavax,226,0,0.05845835488877393,0.0002778440695680482,0.0
BlueTrace,226,0,0.05845835488877393,0.0002778440695680482,0.0
Brett Crozier,226,0,0.05845835488877393,0.0002778440695680482,0.0
BriLife,226,0,0.05845835488877393,0.0002778440695680482,0.0
COH04S1,226,0,0.05845835488877393,0.0002778440695680482,0.0
COVI-VAC (U.S. COVID-19 vaccine),226,0,0.05845835488877393,0.0002778440695680482,0.0
Pyongyang General Hospital,226,0,0.05845835488877393,0.0002778440695680482,0.0
QazCovid-in,226,0,0.05845835488877393,0.0002778440695680482,0.0
Qiu Menghuang,226,0,0.05845835488877393,0.0002778440695680482,0.0
Razi Cov Pars,226,0,0.05845835488877393,0.0002778440695680482,0.0
ReCOV,226,0,0.05845835488877393,0.0002778440695680482,0.0
Responses to the COVID-19 pandemic in 2019,226,0,0.05845835488877393,0.0002778440695680482,0.0
2022 COVID-19 protests in China,226,0,0.05845835488877393,0.0002778440695680482,0.0
Liu Wen (doctor),226,0,0.05845835488877393,0.0002778440695680482,0.0
MERS,226,0,0.05845835488877393,0.0002778440695680482,0.0
MRNA-1283,226,0,0.05845835488877393,0.0002778440695680482,0.0
Ma Xiaowei,226,0,0.05845835488877393,0.0002778440695680482,0.0
Maria Van Kerkhove,226,0,0.05845835488877393,0.0002778440695680482,0.0
Matt Keeling,226,0,0.05845835488877393,0.0002778440695680482,0.0
MigVax-101,226,0,0.05845835488877393,0.0002778440695680482,0.0
Mike Tildesley,226,0,0.05845835488877393,0.0002778440695680482,0.0
2021 French labor protests,226,0,0.05845835488877393,0.0002778440695680482,0.0
2021 Greek protests,226,0,0.05845835488877393,0.0002778440695680482,0.0
2021 Idar-Oberstein shooting,226,0,0.05845835488877393,0.0002778440695680482,0.0
2021 Mongolian protests,226,0,0.05845835488877393,0.0002778440695680482,0.0
2021 Myanmar coup d'état,226,0,0.05845835488877393,0.0002778440695680482,0.0
2021 Paraguayan protests,226,0,0.05845835488877393,0.0002778440695680482,0.0
2021 Tunisian protests,226,0,0.05845835488877393,0.0002778440695680482,0.0
2021–2022 inflation surge,226,0,0.05845835488877393,0.0002778440695680482,0.0
2019–2022 Chilean protests,226,0,0.05845835488877393,0.0002778440695680482,0.0
202-CoV,226,0,0.05845835488877393,0.0002778440695680482,0.0
2020 Azerbaijani protests,226,0,0.05845835488877393,0.0002778440695680482,0.0
2020 Brazilian protests,226,0,0.05845835488877393,0.0002778440695680482,0.0
2020 Russia–Saudi Arabia oil price war,226,0,0.05845835488877393,0.0002778440695680482,0.0
LeaveHomeSafe,226,0,0.05845835488877393,0.0002778440695680482,0.0
Li Zehua,226,0,0.05845835488877393,0.0002778440695680482,0.0
International reactions to the COVID-19 pandemic in Italy,226,0,0.05845835488877393,0.0002778440695680482,0.0
Jaap van Dissel,226,0,0.05845835488877393,0.0002778440695680482,0.0
Joseph Ashitey Hammond,226,0,0.05845835488877393,0.0002778440695680482,0.0
KD-414,226,0,0.05845835488877393,0.0002778440695680482,0.0
Kandakadu Treatment and Rehabilitation Centre,226,0,0.05845835488877393,0.0002778440695680482,0.0
Katalin Karikó,226,0,0.05845835488877393,0.0002778440695680482,0.0
Kemayoran Athletes Village,226,0,0.05845835488877393,0.0002778440695680482,0.0
Kentaro Iwata,226,0,0.05845835488877393,0.0002778440695680482,0.0
Koronavilkku,226,0,0.05845835488877393,0.0002778440695680482,0.0
LYB001,226,0,0.05845835488877393,0.0002778440695680482,0.0
2021 Cuban protests,226,0,0.05845835488877393,0.0002778440695680482,0.0
2021 Dutch curfew riots,226,0,0.05845835488877393,0.0002778440695680482,0.0
2020–2021 protests against Benjamin Netanyahu,226,0,0.05845835488877393,0.0002778440695680482,0.0
2020–2022 Serbian protests,226,0,0.05845835488877393,0.0002778440695680482,0.0
IndoVac,226,0,0.05845835488877393,0.0002778440695680482,0.0
Inovio COVID-19 vaccine,226,0,0.05845835488877393,0.0002778440695680482,0.0
S-268019,226,0,0.05845835488877393,0.0002778440695680482,0.0
Inactivated vaccine,226,0,0.05845835488877393,0.0002778440695680482,0.0
Indian migrant workers during the COVID-19 pandemic,226,0,0.05845835488877393,0.0002778440695680482,0.0
2020–2021 Belarusian protests,226,0,0.05845835488877393,0.0002778440695680482,0.0
2020–2021 Bulgarian protests,226,0,0.05845835488877393,0.0002778440695680482,0.0
Impact of the COVID-19 pandemic on pregnant women,226,0,0.05845835488877393,0.0002778440695680482,0.0
Safe Hands Challenge,226,0,0.05845835488877393,0.0002778440695680482,0.0
Sancaktepe Prof. Dr. Feriha Öz Emergency Hospital,226,0,0.05845835488877393,0.0002778440695680482,0.0
Sanofi–GSK COVID-19 vaccine,226,0,0.05845835488877393,0.0002778440695680482,0.0
Sanofi–Translate Bio COVID-19 vaccine,226,0,0.05845835488877393,0.0002778440695680482,0.0
ScienceUpFirst,226,0,0.05845835488877393,0.0002778440695680482,0.0
Shabir Madhi,226,0,0.05845835488877393,0.0002778440695680482,0.0
Sinopharm CNBG COVID-19 vaccine,226,0,0.05845835488877393,0.0002778440695680482,0.0
Sinopharm WIBP COVID-19 vaccine,226,0,0.05845835488877393,0.0002778440695680482,0.0
Skycovione,226,0,0.05845835488877393,0.0002778440695680482,0.0
Soberana 02,226,0,0.05845835488877393,0.0002778440695680482,0.0
"Impact of the COVID-19 pandemic on neurological, psychological and other mental health outcomes",226,0,0.05845835488877393,0.0002778440695680482,0.0
Soberana Plus,226,0,0.05845835488877393,0.0002778440695680482,0.0
SCB-2019,226,0,0.05845835488877393,0.0002778440695680482,0.0
SCTV01C,226,0,0.05845835488877393,0.0002778440695680482,0.0
Central Epidemic Command Center,226,0,0.05845835488877393,0.0002778440695680482,0.0
COVID-19 Supply Council,226,0,0.05845835488877393,0.0002778440695680482,0.0
COVID-19 and cancer,226,0,0.05845835488877393,0.0002778440695680482,0.0
Vaccine diplomacy,226,0,0.05845835488877393,0.0002778440695680482,0.0
Valneva COVID-19 vaccine,226,0,0.05845835488877393,0.0002778440695680482,0.0
Valtrace,226,0,0.05845835488877393,0.0002778440695680482,0.0
Vaxart COVID-19 vaccine,226,0,0.05845835488877393,0.0002778440695680482,0.0
Victor Costache,226,0,0.05845835488877393,0.0002778440695680482,0.0
Viral vector vaccine,226,0,0.05845835488877393,0.0002778440695680482,0.0
Virus-like particle,226,0,0.05845835488877393,0.0002778440695680482,0.0
Víðir Reynisson,226,0,0.05845835488877393,0.0002778440695680482,0.0
DNA vaccine,226,0,0.05845835488877393,0.0002778440695680482,0.0
V451 vaccine,226,0,0.05845835488877393,0.0002778440695680482,0.0
VBI-2902,226,0,0.05845835488877393,0.0002778440695680482,0.0
SafeEntry,226,0,0.05845835488877393,0.0002778440695680482,0.0
Immuni,226,0,0.05845835488877393,0.0002778440695680482,0.0
ImmunityBio COVID-19 vaccine,226,0,0.05845835488877393,0.0002778440695680482,0.0
Impact of the COVID-19 pandemic on African communities,226,0,0.05845835488877393,0.0002778440695680482,0.0
Software for COVID-19 pandemic mitigation,226,0,0.05845835488877393,0.0002778440695680482,0.0
Sotiris Tsiodras,226,0,0.05845835488877393,0.0002778440695680482,0.0
Sputnik Light,226,0,0.05845835488877393,0.0002778440695680482,0.0
Vabiotech COVID-19 vaccine,226,0,0.05845835488877393,0.0002778440695680482,0.0
Stemirna COVID-19 vaccine,226,0,0.05845835488877393,0.0002778440695680482,0.0
Su Ih-jen,226,0,0.05845835488877393,0.0002778440695680482,0.0
Subunit vaccine,226,0,0.05845835488877393,0.0002778440695680482,0.0
Superspreading event,226,0,0.05845835488877393,0.0002778440695680482,0.0
SwissCovid,226,0,0.05845835488877393,0.0002778440695680482,0.0
Thai Chana,226,0,0.05845835488877393,0.0002778440695680482,0.0
Theresa Tam,226,0,0.05845835488877393,0.0002778440695680482,0.0
Convoy to Canberra,226,0,0.05845835488877393,0.0002778440695680482,0.0
Corona-Warn-App,226,0,0.05845835488877393,0.0002778440695680482,0.0
Corona Rintawan,226,0,0.05845835488877393,0.0002778440695680482,0.0
COVID-19 vaccination in Ukraine,226,0,0.05845835488877393,0.0002778440695680482,0.0
COVID-19 vaccination in Peru,226,0,0.05845835488877393,0.0002778440695680482,0.0
COVID-19 vaccination in Spain,226,0,0.05845835488877393,0.0002778440695680482,0.0
Wuhan Jinyintan Hospital,226,0,0.05845835488877393,0.0002778440695680482,0.0
Homeschooling during the COVID-19 pandemic,226,0,0.05845835488877393,0.0002778440695680482,0.0
Hospital El Salvador,226,0,0.05845835488877393,0.0002778440695680482,0.0
INCOVACC,226,0,0.05845835488877393,0.0002778440695680482,0.0
INNA-051,226,0,0.05845835488877393,0.0002778440695680482,0.0
IVX-411,226,0,0.05845835488877393,0.0002778440695680482,0.0
Xie Linka,226,0,0.05845835488877393,0.0002778440695680482,0.0
Yeşilköy Prof. Dr. Murat Dilmener Emergency Hospital,226,0,0.05845835488877393,0.0002778440695680482,0.0
Coronavirus Scientific Advisory Board,226,0,0.05845835488877393,0.0002778440695680482,0.0
George F. Gao,226,0,0.05845835488877393,0.0002778440695680482,0.0
Ghana Infectious Disease Centre,226,0,0.05845835488877393,0.0002778440695680482,0.0
Green recovery,226,0,0.05845835488877393,0.0002778440695680482,0.0
Hamad Hasan,226,0,0.05845835488877393,0.0002778440695680482,0.0
Health Code,226,0,0.05845835488877393,0.0002778440695680482,0.0
Healthy Together,226,0,0.05845835488877393,0.0002778440695680482,0.0
Henrique Gouveia e Melo,226,0,0.05845835488877393,0.0002778440695680482,0.0
TCN Protocol,226,0,0.05845835488877393,0.0002778440695680482,0.0
Taiwan Centers for Disease Control,226,0,0.05845835488877393,0.0002778440695680482,0.0
ZF2001,226,0,0.05845835488877393,0.0002778440695680482,0.0
Fahrettin Koca,226,0,0.05845835488877393,0.0002778440695680482,0.0
Fang Bin,226,0,0.05845835488877393,0.0002778440695680482,0.0
Fang Fang,226,0,0.05845835488877393,0.0002778440695680482,0.0
Fangcang hospital,226,0,0.05845835488877393,0.0002778440695680482,0.0
Flattening the curve,226,0,0.05845835488877393,0.0002778440695680482,0.0
France convoy protest,226,0,0.05845835488877393,0.0002778440695680482,0.0
Francesco Paolo Figliuolo,226,0,0.05845835488877393,0.0002778440695680482,0.0
GACH,226,0,0.05845835488877393,0.0002778440695680482,0.0
GRAd-COV2,226,0,0.05845835488877393,0.0002778440695680482,0.0
GX-19,226,0,0.05845835488877393,0.0002778440695680482,0.0
Garran Surge Centre,226,0,0.05845835488877393,0.0002778440695680482,0.0
Corsi–Rosenthal Box,226,0,0.05845835488877393,0.0002778440695680482,0.0
COVID-19 vaccination in Sri Lanka,226,0,0.05845835488877393,0.0002778440695680482,0.0
COVID-19 vaccination in Sweden,226,0,0.05845835488877393,0.0002778440695680482,0.0
FAKHRAVAC,226,0,0.05845835488877393,0.0002778440695680482,0.0
Fabrizio Curcio,226,0,0.05845835488877393,0.0002778440695680482,0.0
COVID-19 vaccination in Switzerland,226,0,0.05845835488877393,0.0002778440695680482,0.0
COVID-19 vaccination in Taiwan,226,0,0.05845835488877393,0.0002778440695680482,0.0
COVID-19 vaccination in Thailand,226,0,0.05845835488877393,0.0002778440695680482,0.0
COVID-19 vaccination in Turkey,226,0,0.05845835488877393,0.0002778440695680482,0.0
Carmen Deseda,226,0,0.05845835488877393,0.0002778440695680482,0.0
Covid Watch,226,0,0.05845835488877393,0.0002778440695680482,0.0
Crisis Preparedness and Response Centre,226,0,0.05845835488877393,0.0002778440695680482,0.0
CureVac COVID-19 vaccine,226,0,0.05845835488877393,0.0002778440695680482,0.0
Cutaneous manifestations of COVID-19,226,0,0.05845835488877393,0.0002778440695680482,0.0
2021–2023 global energy crisis,226,0,0.05845835488877393,0.0002778440695680482,0.0
PTX-COVID19-B,226,0,0.05845835488877393,0.0002778440695680482,0.0
PathCheck,226,0,0.05845835488877393,0.0002778440695680482,0.0
PeduliLindungi,226,0,0.05845835488877393,0.0002778440695680482,0.0
Protests over COVID-19 policies in Italy,226,0,0.05845835488877393,0.0002778440695680482,0.0
Zeng Guang,226,0,0.05845835488877393,0.0002778440695680482,0.0
Zhang Jixian,226,0,0.05845835488877393,0.0002778440695680482,0.0
Zhang Wenhong,226,0,0.05845835488877393,0.0002778440695680482,0.0
Zhang Yongzhen,226,0,0.05845835488877393,0.0002778440695680482,0.0
Zoe Health Study,226,0,0.05845835488877393,0.0002778440695680482,0.0
Zoom town,226,0,0.05845835488877393,0.0002778440695680482,0.0
Þórólfur Guðnason,226,0,0.05845835488877393,0.0002778440695680482,0.0
Łukasz Szumowski,226,0,0.05845835488877393,0.0002778440695680482,0.0
Walvax COVID-19 vaccine,226,0,0.05845835488877393,0.0002778440695680482,0.0
Wang Chen (physician),226,0,0.05845835488877393,0.0002778440695680482,0.0
Wang Guangfa,226,0,0.05845835488877393,0.0002778440695680482,0.0
EpiVacCorona,226,0,0.05845835488877393,0.0002778440695680482,0.0
EuCorVac-19,226,0,0.05845835488877393,0.0002778440695680482,0.0
Exposure Notification,226,0,0.05845835488877393,0.0002778440695680482,0.0
COVID-19 vaccination in Africa,226,0,0.05845835488877393,0.0002778440695680482,0.0
COVID-19 vaccination in Albania,226,0,0.05845835488877393,0.0002778440695680482,0.0
DelNS1-2019-nCoV-RBD-OPT,226,0,0.05845835488877393,0.0002778440695680482,0.0
Doni Monardo,226,0,0.05845835488877393,0.0002778440695680482,0.0
Doomscrolling,226,0,0.05845835488877393,0.0002778440695680482,0.0
Drew Weissman,226,0,0.05845835488877393,0.0002778440695680482,0.0
West China Hospital COVID-19 vaccine,226,0,0.05845835488877393,0.0002778440695680482,0.0
Awang Bulgiba Awang Mahmud,226,0,0.05845835488877393,0.0002778440695680482,0.0
Novel Coronavirus Expert Meeting,226,0,0.05845835488877393,0.0002778440695680482,0.0
AbC-19 rapid antibody test,226,0,0.05845835488877393,0.0002778440695680482,0.0
Abdala (vaccine),226,0,0.05845835488877393,0.0002778440695680482,0.0
AdCLD-CoV19,226,0,0.05845835488877393,0.0002778440695680482,0.0
Ai Fen,226,0,0.05845835488877393,0.0002778440695680482,0.0
Air purifier,226,0,0.05845835488877393,0.0002778440695680482,0.0
Ala Nemerenco,226,0,0.05845835488877393,0.0002778440695680482,0.0
COVID-19 vaccination in Brazil,226,0,0.05845835488877393,0.0002778440695680482,0.0
COVID-19 vaccination in Bulgaria,226,0,0.05845835488877393,0.0002778440695680482,0.0
COVID-19 vaccination in Burkina Faso,226,0,0.05845835488877393,0.0002778440695680482,0.0
COVID-19 vaccination in Burundi,226,0,0.05845835488877393,0.0002778440695680482,0.0
COVID-19 vaccination in Cameroon,226,0,0.05845835488877393,0.0002778440695680482,0.0
COVID-19 vaccination in Canada,226,0,0.05845835488877393,0.0002778440695680482,0.0
COVID-19 vaccination in Cape Verde,226,0,0.05845835488877393,0.0002778440695680482,0.0
COVID-19 vaccination in Chad,226,0,0.05845835488877393,0.0002778440695680482,0.0
COVID-19 protests in Australia,226,0,0.05845835488877393,0.0002778440695680482,0.0
COVID-19 protests in Canada,226,0,0.05845835488877393,0.0002778440695680482,0.0
COVID-19 protests in Germany,226,0,0.05845835488877393,0.0002778440695680482,0.0
COVID-19 protests in Israel,226,0,0.05845835488877393,0.0002778440695680482,0.0
COVID-19 protests in New Zealand,226,0,0.05845835488877393,0.0002778440695680482,0.0
COVID-19 protests in the Netherlands,226,0,0.05845835488877393,0.0002778440695680482,0.0
COVID-19 surveillance,226,0,0.05845835488877393,0.0002778440695680482,0.0
COVID-19 vaccination in Argentina,226,0,0.05845835488877393,0.0002778440695680482,0.0
COVID-19 vaccination in Australia,226,0,0.05845835488877393,0.0002778440695680482,0.0
COVID-19 vaccination in Bangladesh,226,0,0.05845835488877393,0.0002778440695680482,0.0
Timeline of the SARS-CoV-2 Omicron variant,226,0,0.05845835488877393,0.0002778440695680482,0.0
Tony Holohan,226,0,0.05845835488877393,0.0002778440695680482,0.0
TousAntiCovid,226,0,0.05845835488877393,0.0002778440695680482,0.0
TraceTogether,226,0,0.05845835488877393,0.0002778440695680482,0.0
Trudie Lang,226,0,0.05845835488877393,0.0002778440695680482,0.0
Turkovac,226,0,0.05845835488877393,0.0002778440695680482,0.0
Ali Pilli,226,0,0.05845835488877393,0.0002778440695680482,0.0
Allison McGeer,226,0,0.05845835488877393,0.0002778440695680482,0.0
UB-612,226,0,0.05845835488877393,0.0002778440695680482,0.0
COVID-19 vaccination in Bhutan,226,0,0.05845835488877393,0.0002778440695680482,0.0
COVID-19 vaccination in Bosnia and Herzegovina,226,0,0.05845835488877393,0.0002778440695680482,0.0
COVID-19 vaccination in Botswana,226,0,0.05845835488877393,0.0002778440695680482,0.0
COVID-19 vaccination in Colombia,226,0,0.05845835488877393,0.0002778440695680482,0.0
COVID-19 vaccination in Croatia,226,0,0.05845835488877393,0.0002778440695680482,0.0
COVID-19 vaccination in Denmark,226,0,0.05845835488877393,0.0002778440695680482,0.0
COVID-19 vaccination in Djibouti,226,0,0.05845835488877393,0.0002778440695680482,0.0
COVID-19 vaccination in Egypt,226,0,0.05845835488877393,0.0002778440695680482,0.0
COVID-19 vaccination in Equatorial Guinea,226,0,0.05845835488877393,0.0002778440695680482,0.0
COVID-19 vaccination in Eswatini,226,0,0.05845835488877393,0.0002778440695680482,0.0
COVID-19 vaccination in Fiji,226,0,0.05845835488877393,0.0002778440695680482,0.0
COVID-19 vaccination in Germany,226,0,0.05845835488877393,0.0002778440695680482,0.0
COVID-19 vaccination in Ghana,226,0,0.05845835488877393,0.0002778440695680482,0.0
COVID-19 vaccination in Greece,226,0,0.05845835488877393,0.0002778440695680482,0.0
COVID-19 vaccination in Haiti,226,0,0.05845835488877393,0.0002778440695680482,0.0
COVID-19 vaccination in Hungary,226,0,0.05845835488877393,0.0002778440695680482,0.0
COVID-19 vaccination in Iceland,226,0,0.05845835488877393,0.0002778440695680482,0.0
COVID-19 vaccination in Algeria,226,0,0.05845835488877393,0.0002778440695680482,0.0
COVID-19 vaccination in Angola,226,0,0.05845835488877393,0.0002778440695680482,0.0
COVID-19 vaccination in Indonesia,226,0,0.05845835488877393,0.0002778440695680482,0.0
COVID-19 vaccination in Iran,226,0,0.05845835488877393,0.0002778440695680482,0.0
COVID-19 vaccination in Israel,226,0,0.05845835488877393,0.0002778440695680482,0.0
COVID-19 vaccination in Italy,226,0,0.05845835488877393,0.0002778440695680482,0.0
COVID-19 vaccination in Japan,226,0,0.05845835488877393,0.0002778440695680482,0.0
COVID-19 vaccination in Kazakhstan,226,0,0.05845835488877393,0.0002778440695680482,0.0
COVID-19 vaccination in Malaysia,226,0,0.05845835488877393,0.0002778440695680482,0.0
COVID-19 vaccination in Mexico,226,0,0.05845835488877393,0.0002778440695680482,0.0
COVID-19 vaccination in Moldova,226,0,0.05845835488877393,0.0002778440695680482,0.0
COVID-19 vaccination in Morocco,226,0,0.05845835488877393,0.0002778440695680482,0.0
COVID-19 vaccination in Nepal,226,0,0.05845835488877393,0.0002778440695680482,0.0
COVID-19 vaccination in New Zealand,226,0,0.05845835488877393,0.0002778440695680482,0.0
COVID-19 vaccination in Nigeria,226,0,0.05845835488877393,0.0002778440695680482,0.0
COVID-19 vaccination in Norway,226,0,0.05845835488877393,0.0002778440695680482,0.0
COVID-19 vaccination in Ontario,226,0,0.05845835488877393,0.0002778440695680482,0.0
COVID-19 vaccination in South Korea,226,0,0.05845835488877393,0.0002778440695680482,0.0
Alma Möller,226,0,0.05845835488877393,0.0002778440695680482,0.0
Anders Tegnell,226,0,0.05845835488877393,0.0002778440695680482,0.0
Anti-mask sentiment,226,0,0.05845835488877393,0.0002778440695680482,0.0
Artist Relief,226,0,0.05845835488877393,0.0002778440695680482,0.0
Ashley Bloomfield,226,0,0.05845835488877393,0.0002778440695680482,0.0
2021–2022 social unrest in the French West Indies,226,0,0.05845835488877393,0.0002778440695680482,0.0
2022 Colombian protests,226,0,0.05845835488877393,0.0002778440695680482,0.0
2023 Chinese healthcare reform protests,226,0,0.05845835488877393,0.0002778440695680482,0.0
COVID-19 Contact-Confirming Application,226,0,0.05845835488877393,0.0002778440695680482,0.0
Decentralized Privacy-Preserving Proximity Tracing,226,0,0.05845835488877393,0.0002778440695680482,0.0
Chuang Yin-ching,226,0,0.05845835488877393,0.0002778440695680482,0.0
CoVLP,226,0,0.05845835488877393,0.0002778440695680482,0.0
Carla Vizzotti,226,0,0.05845835488877393,0.0002778440695680482,0.0
Coronavirus Australia,226,0,0.05845835488877393,0.0002778440695680482,0.0
ABNCoV2,226,0,0.05845835488877393,0.0002778440695680482,0.0
Daniel Salinas,226,0,0.05845835488877393,0.0002778440695680482,0.0
Deaths of anti-vaccine advocates from COVID-19,226,0,0.05845835488877393,0.0002778440695680482,0.0
COVID-19 vaccination in Zimbabwe,226,0,0.05845835488877393,0.0002778440695680482,0.0
COVID-19 vaccination in mainland China,226,0,0.05845835488877393,0.0002778440695680482,0.0
COVID-19 vaccination in the Comoros,226,0,0.05845835488877393,0.0002778440695680482,0.0
COVID-19 vaccination in the Democratic Republic of the Congo,226,0,0.05845835488877393,0.0002778440695680482,0.0
COVID-19 vaccination in the Republic of Ireland,226,0,0.05845835488877393,0.0002778440695680482,0.0
COVID-19 vaccination in the United Arab Emirates,226,0,0.05845835488877393,0.0002778440695680482,0.0
COVIDSafe,226,0,0.05845835488877393,0.0002778440695680482,0.0
COVID-19 vaccination in Portugal,226,0,0.05845835488877393,0.0002778440695680482,0.0
COVID-19 vaccination in Quebec,226,0,0.05845835488877393,0.0002778440695680482,0.0
COVID-19 vaccination in Romania,226,0,0.05845835488877393,0.0002778440695680482,0.0
AG0302-COVID‑19,226,0,0.05845835488877393,0.0002778440695680482,0.0
Dabie Mountain Regional Medical Centre,226,0,0.05845835488877393,0.0002778440695680482,0.0
CoviVac (Russia COVID-19 vaccine),226,0,0.05845835488877393,0.0002778440695680482,0.0
COVID-19 vaccination in Senegal,226,0,0.05845835488877393,0.0002778440695680482,0.0
COVID-19 vaccination in Singapore,226,0,0.05845835488877393,0.0002778440695680482,0.0
COVID-19 vaccination in South Africa,226,0,0.05845835488877393,0.0002778440695680482,0.0
V-01,226,0,0.05845835488877393,0.0002778440695680482,0.0
Chang Shan-chwen,226,0,0.05845835488877393,0.0002778440695680482,0.0
Chen Wei (medical scientist),226,0,0.05845835488877393,0.0002778440695680482,0.0
Chinese Academy of Medical Sciences COVID-19 vaccine,226,0,0.05845835488877393,0.0002778440695680482,0.0
COVID-19 vaccination in Vietnam,226,0,0.05845835488877393,0.0002778440695680482,0.0
COVID Alert,226,0,0.05845835488877393,0.0002778440695680482,0.0
COVID Tracker Ireland,226,0,0.05845835488877393,0.0002778440695680482,0.0
COVIran Barekat,226,0,0.05845835488877393,0.0002778440695680482,0.0
Camilla Rothe,226,0,0.05845835488877393,0.0002778440695680482,0.0
Canada convoy protest,226,0,0.05845835488877393,0.0002778440695680482,0.0
CareFIJI,226,0,0.05845835488877393,0.0002778440695680482,0.0
COVID-19 vaccination in Russia,226,0,0.05845835488877393,0.0002778440695680482,0.0
Disease X,225,1406,0.42188308329022245,0.0002776762302702363,0.0006370202980967352
Pandemic predictions and preparations prior to the COVID-19 pandemic,225,1364,0.4110191412312468,0.0002776710653780491,9.597556202804963e-05
Sarah Gilbert,225,1355,0.40869115364718056,0.00027766991698449303,0.00022367519741556385
Great Barrington Declaration,225,1352,0.40791515778582516,0.00027766953079113617,5.763003801368219e-05
Li Wenliang,225,1344,0.40584583548887737,0.00027766849251862496,4.9149899756971714e-05
Yuen Kwok-yung,225,1339,0.40455250905328505,0.00027766783730205733,4.7572291697361684e-05
Li Keqiang,225,1338,0.40429384376616656,0.00027766770567147427,3.1245490280565464e-05
Roberto Burioni,225,1338,0.40429384376616656,0.00027766770567147427,5.669549832614046e-05
Rehabilitation after COVID-19,225,1337,0.4040351784790481,0.0002776675738441104,6.272389180122266e-05
COVID-19 datasets,225,1337,0.4040351784790481,0.0002776675738441104,7.071800855184507e-05
Andrea Crisanti (scientist),225,1334,0.40325918261769267,0.00027766717717691154,1.8906844819016784e-05
Graça Freitas,225,1333,0.40300051733057424,0.00027766704455799536,4.770497375522968e-05
Twindemic,225,1332,0.40274185204345575,0.00027766691174007713,3.6270644719173946e-05
Guan Yi,225,1332,0.40274185204345575,0.00027766691174007713,2.129887788477902e-05
Dale Fisher,225,1330,0.40222452146921883,0.00027766664550544026,3.3980980628373273e-06
Anthropause,225,1330,0.40222452146921883,0.00027766664550544026,3.0818533105341076e-05
Oriol Mitjà,225,1330,0.40222452146921883,0.00027766664550544026,1.7317818688919812e-05
Jeong Eun-kyeong,225,1329,0.40196585618210035,0.0002776665120878211,8.294390613070654e-06
Anutin Charnvirakul,225,1329,0.40196585618210035,0.000277666512087821,5.383316071451112e-06
Li Lanjuan,225,1327,0.4014485256078634,0.0002776662446497194,1.697379592983683e-05
Chen Qiushi,225,1327,0.4014485256078634,0.0002776662446497194,1.0164954729175335e-05
Huoshenshan Hospital,225,1327,0.4014485256078634,0.0002776662446497194,1.1709836766563385e-05
Collapse of Xinjia Express Hotel,225,1326,0.40118986032074494,0.0002776661106283283,5.371573602607149e-06
Korea Disease Control and Prevention Agency,225,1326,0.40118986032074494,0.0002776661106283283,7.20103990122328e-06
Lawrence Wong,225,1326,0.40118986032074494,0.0002776661106283283,3.322737797806794e-06
Central Hospital of Wuhan,225,1325,0.40093119503362645,0.00027766597640476896,3.631869826650474e-06
Zweli Mkhize,225,1325,0.40093119503362645,0.0002776659764047689,1.8497246131305378e-06
John Todd (British biologist),225,1324,0.400672529746508,0.00027766584197858344,1.1503712708949442e-05
PREPARE,225,1324,0.400672529746508,0.00027766584197858344,7.637149240119364e-07
Leishenshan Hospital,225,1324,0.400672529746508,0.00027766584197858344,4.1814579511602807e-07
Ren Zhiqiang,225,1323,0.40041386445938953,0.00027766570734931266,1.4321007680567023e-06
Fernando Simón,225,1323,0.40041386445938953,0.00027766570734931266,1.4082527853209406e-06
Chen Shih-chung,225,1322,0.40015519917227105,0.0002776655725164961,1.2072903702431119e-06
Saeed Namaki,225,1322,0.40015519917227105,0.0002776655725164961,4.610894390972013e-06
Malaysia Agro Exposition Park Serdang,225,1321,0.3998965338851526,0.00027766543747967165,0.0
Vlad Voiculescu,225,1321,0.3998965338851526,0.00027766543747967165,0.0
COVID-19 pandemic in Puerto Rico,221,0,0.05716502845318158,0.000277545795324522,0.0
COVID-19 pandemic in the United States Virgin Islands,221,0,0.05716502845318158,0.000277545795324522,0.0
COVID-19 pandemic in Guam,221,0,0.05716502845318158,0.000277545795324522,0.0
COVID-19 pandemic in the Northern Mariana Islands,221,0,0.05716502845318158,0.000277545795324522,0.0
Viral replication,4,0,0.0010346611484738748,0.000277496367068497,0.0
Russian government response to the COVID-19 pandemic,223,0,0.05768235902741852,0.0002773477997829835,0.0
Timeline of the COVID-19 pandemic in Massachusetts,220,0,0.05690636316606311,0.00027729063911207053,0.0
Eastern States Multi-state Council,220,0,0.05690636316606311,0.00027729063911207053,0.0
COVID-19 pandemic on Grand Princess,220,0,0.05690636316606311,0.00027729063911207053,0.0
Timeline of the COVID-19 pandemic in Texas,220,0,0.05690636316606311,0.00027729063911207053,0.0
COVID-19 pandemic on USS Theodore Roosevelt,220,0,0.05690636316606311,0.00027729063911207053,0.0
COVID-19 pandemic in the Guantanamo Bay Naval Base,220,0,0.05690636316606311,0.00027729063911207053,0.0
COVID-19 pandemic in West Virginia,220,0,0.05690636316606311,0.00027729063911207053,0.0
"COVID-19 pandemic in Washington, D.C.",220,0,0.05690636316606311,0.00027729063911207053,0.0
COVID-19 pandemic in the Navajo Nation,220,0,0.05690636316606311,0.00027729063911207053,0.0
Texas government response to the COVID-19 pandemic,220,0,0.05690636316606311,0.00027729063911207053,0.0
Western States Pact,220,0,0.05690636316606311,0.00027729063911207053,0.0
COVID-19 pandemic in Vermont,220,0,0.05690636316606311,0.00027729063911207053,0.0
Timeline of the COVID-19 pandemic in Boston,220,0,0.05690636316606311,0.00027729063911207053,0.0
COVID-19 pandemic in Texas,220,0,0.05690636316606311,0.00027729063911207053,0.0
COVID-19 pandemic in Tennessee,220,0,0.05690636316606311,0.00027729063911207053,0.0
COVID-19 pandemic in Utah,220,0,0.05690636316606311,0.00027729063911207053,0.0
Timeline of the COVID-19 pandemic in California,220,0,0.05690636316606311,0.00027729063911207053,0.0
COVID-19 pandemic in Wisconsin,220,0,0.05690636316606311,0.00027729063911207053,0.0
COVID-19 pandemic in Wyoming,220,0,0.05690636316606311,0.00027729063911207053,0.0
U.S. state and local government responses to the COVID-19 pandemic,220,0,0.05690636316606311,0.00027729063911207053,0.0
Timeline of the COVID-19 pandemic in Maryland,220,0,0.05690636316606311,0.00027729063911207053,0.0
Timeline of the COVID-19 pandemic in the United States (2020),220,0,0.05690636316606311,0.00027729063911207053,0.0
Timeline of the COVID-19 pandemic in the United States (2021),220,0,0.05690636316606311,0.00027729063911207053,0.0
Timeline of the COVID-19 pandemic in New York City,220,0,0.05690636316606311,0.00027729063911207053,0.0
COVID-19 pandemic in South Carolina,220,0,0.05690636316606311,0.00027729063911207053,0.0
COVID-19 pandemic in Arkansas,220,0,0.05690636316606311,0.00027729063911207053,0.0
COVID-19 pandemic in Arizona,220,0,0.05690636316606311,0.00027729063911207053,0.0
COVID-19 pandemic in Connecticut,220,0,0.05690636316606311,0.00027729063911207053,0.0
COVID-19 pandemic in Boston,220,0,0.05690636316606311,0.00027729063911207053,0.0
COVID-19 pandemic in Colorado,220,0,0.05690636316606311,0.00027729063911207053,0.0
COVID-19 pandemic in Florida,220,0,0.05690636316606311,0.00027729063911207053,0.0
COVID-19 pandemic in Delaware,220,0,0.05690636316606311,0.00027729063911207053,0.0
"COVID-19 pandemic in Columbus, Ohio",220,0,0.05690636316606311,0.00027729063911207053,0.0
New York state government response to the COVID-19 pandemic,220,0,0.05690636316606311,0.00027729063911207053,0.0
COVID-19 pandemic in Georgia (U.S. state),220,0,0.05690636316606311,0.00027729063911207053,0.0
2021 hospital crisis in the U.S. from COVID-19,220,0,0.05690636316606311,0.00027729063911207053,0.0
COVID-19 pandemic in South Dakota,220,0,0.05690636316606311,0.00027729063911207053,0.0
COVID-19 pandemic in Alaska,220,0,0.05690636316606311,0.00027729063911207053,0.0
COVID-19 pandemic in Alabama,220,0,0.05690636316606311,0.00027729063911207053,0.0
"COVID-19 pandemic in Austin, Texas",220,0,0.05690636316606311,0.00027729063911207053,0.0
COVID-19 pandemic in American Samoa,220,0,0.05690636316606311,0.00027729063911207053,0.0
Midwest Governors Regional Pact,220,0,0.05690636316606311,0.00027729063911207053,0.0
COVID-19 pandemic in Hawaii,220,0,0.05690636316606311,0.00027729063911207053,0.0
COVID-19 pandemic in Idaho,220,0,0.05690636316606311,0.00027729063911207053,0.0
COVID-19 pandemic in Illinois,220,0,0.05690636316606311,0.00027729063911207053,0.0
COVID-19 pandemic in Indiana,220,0,0.05690636316606311,0.00027729063911207053,0.0
COVID-19 pandemic in Iowa,220,0,0.05690636316606311,0.00027729063911207053,0.0
COVID-19 pandemic in Nevada,220,0,0.05690636316606311,0.00027729063911207053,0.0
COVID-19 pandemic in Kansas,220,0,0.05690636316606311,0.00027729063911207053,0.0
COVID-19 pandemic in Montana,220,0,0.05690636316606311,0.00027729063911207053,0.0
COVID-19 pandemic in Missouri,220,0,0.05690636316606311,0.00027729063911207053,0.0
COVID-19 pandemic in Maryland,220,0,0.05690636316606311,0.00027729063911207053,0.0
COVID-19 pandemic in Maine,220,0,0.05690636316606311,0.00027729063911207053,0.0
COVID-19 pandemic in Louisiana,220,0,0.05690636316606311,0.00027729063911207053,0.0
COVID-19 pandemic in Oklahoma,220,0,0.05690636316606311,0.00027729063911207053,0.0
COVID-19 pandemic in Ohio,220,0,0.05690636316606311,0.00027729063911207053,0.0
COVID-19 pandemic in Rhode Island,220,0,0.05690636316606311,0.00027729063911207053,0.0
COVID-19 pandemic in New Hampshire,220,0,0.05690636316606311,0.00027729063911207053,0.0
COVID-19 pandemic in New Jersey,220,0,0.05690636316606311,0.00027729063911207053,0.0
COVID-19 pandemic in New Mexico,220,0,0.05690636316606311,0.00027729063911207053,0.0
COVID-19 pandemic in New York City,220,0,0.05690636316606311,0.00027729063911207053,0.0
COVID-19 pandemic in Massachusetts,220,0,0.05690636316606311,0.00027729063911207053,0.0
COVID-19 pandemic in Mississippi,220,0,0.05690636316606311,0.00027729063911207053,0.0
COVID-19 pandemic in North Dakota,220,0,0.05690636316606311,0.00027729063911207053,0.0
COVID-19 pandemic in Oregon,220,0,0.05690636316606311,0.00027729063911207053,0.0
COVID-19 pandemic in Pennsylvania,220,0,0.05690636316606311,0.00027729063911207053,0.0
COVID-19 pandemic in Philadelphia,220,0,0.05690636316606311,0.00027729063911207053,0.0
"COVID-19 pandemic in Portland, Oregon",220,0,0.05690636316606311,0.00027729063911207053,0.0
COVID-19 pandemic in North Carolina,220,0,0.05690636316606311,0.00027729063911207053,0.0
COVID-19 pandemic in Nebraska,220,0,0.05690636316606311,0.00027729063911207053,0.0
Communication of the Trump administration during the COVID-19 pandemic,220,0,0.05690636316606311,0.00027729063911207053,0.0
California government response to the COVID-19 pandemic,220,0,0.05690636316606311,0.00027729063911207053,0.0
COVID-19 pandemic in the San Francisco Bay Area,220,0,0.05690636316606311,0.00027729063911207053,0.0
COVID-19 pandemic in New York (state),219,1351,0.40610450077599586,0.0002771162975407173,0.00018477042815448166
COVID-19 pandemic in Washington (state),219,1344,0.40429384376616656,0.0002771153900792575,5.216665383749445e-05
COVID-19 pandemic in California,219,1343,0.4040351784790481,0.00027711525967016366,5.816791434577487e-05
Ghanaian government response to the COVID-19 pandemic,222,0,0.05742369374030005,0.00027703544862420963,0.0
Dutch government response to the COVID-19 pandemic,222,0,0.05742369374030005,0.00027703544862420963,0.0
New Zealand government response to the COVID-19 pandemic,222,0,0.05742369374030005,0.00027703544862420963,0.0
National responses to the COVID-19 pandemic in Africa,222,0,0.05742369374030005,0.00027703544862420963,0.0
Swedish government response to the COVID-19 pandemic,222,0,0.05742369374030005,0.00027703544862420963,0.0
Vietnamese government response to the COVID-19 pandemic,222,0,0.05742369374030005,0.00027703544862420963,0.0
German government response to the COVID-19 pandemic,222,0,0.05742369374030005,0.00027703544862420963,0.0
Nigerian government response to the COVID-19 pandemic,222,0,0.05742369374030005,0.00027703544862420963,0.0
COVID-19 alert levels in New Zealand,220,0,0.05690636316606311,0.0002768119341603252,0.0
Rheumatoid arthritis,12,0,0.0031039834454216243,0.0002766806802542667,0.0
COVID-19 pandemic in Italy,221,1357,0.4081738230729436,0.0002764998259084225,8.969651937717225e-05
COVID-19 pandemic in Japan,221,1356,0.40791515778582516,0.0002764949051890627,9.097381931192101e-05
COVID-19 pandemic in South Korea,221,1343,0.40455250905328505,0.0002764808211328369,0.00015029296494910356
HIV,16,0,0.004138644593895499,0.0002764563536633308,0.0
Favipiravir,19,54,0.018882565959648216,0.00027638657069569165,4.911023386600488e-05
COVID-19 pandemic in Indonesia,221,757,0.2529746508018624,0.00027630812908719185,2.8419657565729173e-05
COVID-19 pandemic in Turkey,221,0,0.05716502845318158,0.00027630079275848353,0.0
COVID-19 pandemic in Nicaragua,221,0,0.05716502845318158,0.00027630079275848353,0.0
COVID-19 pandemic in Argentina,220,1372,0.4117951370926022,0.00027612974162858234,0.00025331165686519075
COVID-19 pandemic in the Czech Republic,220,1350,0.40610450077599586,0.00027612695586211073,5.0166347864999176e-05
COVID-19 pandemic in Albania,220,1346,0.40506983962752197,0.0002761264395813565,6.075433123262091e-05
COVID-19 pandemic in Poland,220,1339,0.40325918261769267,0.0002761255286724315,4.357789199766018e-05
COVID-19 pandemic in Chile,220,1338,0.40300051733057424,0.0002761253977650174,1.0020855290039105e-05
COVID-19 pandemic in Portugal,220,1336,0.40248318675633726,0.000276125135362651,4.296323620172215e-06
COVID-19 pandemic in Mongolia,220,1334,0.40196585618210035,0.0002761248721739661,2.3003579102029673e-06
COVID-19 pandemic in Hungary,220,1331,0.40118986032074494,0.0002761244759088425,9.51445495757584e-06
Timeline of the COVID-19 pandemic in Russia (January–June 2020),220,0,0.05690636316606311,0.00027606752589022293,0.0
COVID-19 pandemic in Sevastopol,220,0,0.05690636316606311,0.00027606752589022293,0.0
Timeline of the COVID-19 pandemic in Russia (July–December 2020),220,0,0.05690636316606311,0.00027606752589022293,0.0
COVID-19 pandemic on Diamond Princess,220,0,0.05690636316606311,0.00027606752589022293,0.0
COVID-19 pandemic in Crimea,220,0,0.05690636316606311,0.00027606752589022293,0.0
Indonesia large-scale social restrictions,220,0,0.05690636316606311,0.0002760653882497005,0.0
Community Activities Restrictions Enforcement,220,0,0.05690636316606311,0.0002760653882497005,0.0
Timeline of the COVID-19 pandemic in Indonesia (2021),220,0,0.05690636316606311,0.0002760653882497005,0.0
COVID-19 pandemic in Asturias,220,0,0.05690636316606311,0.00027606307912557583,0.0
COVID-19 pandemic in the Canary Islands,220,0,0.05690636316606311,0.00027606307912557583,0.0
COVID-19 pandemic in the Community of Madrid,220,0,0.05690636316606311,0.00027606307912557583,0.0
COVID-19 pandemic in Melilla,220,0,0.05690636316606311,0.00027606307912557583,0.0
COVID-19 pandemic in Ceuta,220,0,0.05690636316606311,0.00027606307912557583,0.0
Timeline of the COVID-19 pandemic in Spain,220,0,0.05690636316606311,0.00027606307912557583,0.0
COVID-19 pandemic in Southeast Asia,220,0,0.05690636316606311,0.0002760529728747404,0.0
COVID-19 pandemic in Johor,220,0,0.05690636316606311,0.0002760529728747404,0.0
COVID-19 pandemic in Kuala Lumpur,220,0,0.05690636316606311,0.0002760529728747404,0.0
Timeline of the COVID-19 pandemic in Malaysia (2023),220,0,0.05690636316606311,0.0002760529728747404,0.0
Timeline of the COVID-19 pandemic in Malaysia (2022),220,0,0.05690636316606311,0.0002760529728747404,0.0
Timeline of the COVID-19 pandemic in Malaysia (2021),220,0,0.05690636316606311,0.0002760529728747404,0.0
Timeline of the COVID-19 pandemic in Malaysia (2020),220,0,0.05690636316606311,0.0002760529728747404,0.0
Statistics of the COVID-19 pandemic in Malaysia,220,0,0.05690636316606311,0.0002760529728747404,0.0
Malaysian movement control order,220,0,0.05690636316606311,0.0002760529728747404,0.0
COVID-19 pandemic in Sabah,220,0,0.05690636316606311,0.0002760529728747404,0.0
Aid and relief efforts during the COVID-19 pandemic in Malaysia,220,0,0.05690636316606311,0.0002760529728747404,0.0
COVID-19 pandemic in Selangor,220,0,0.05690636316606311,0.0002760529728747404,0.0
COVID-19 pandemic in Sarawak,220,0,0.05690636316606311,0.0002760529728747404,0.0
2020 Tablighi Jamaat COVID-19 hotspot in Malaysia,220,0,0.05690636316606311,0.0002760529728747404,0.0
COVID-19 pandemic in Turkmenistan,220,0,0.05690636316606311,0.000276045636546032,0.0
COVID-19 pandemic in Tajikistan,220,0,0.05690636316606311,0.000276045636546032,0.0
COVID-19 pandemic in Tuvalu,220,0,0.05690636316606311,0.000276045636546032,0.0
COVID-19 pandemic in North Korea,220,0,0.05690636316606311,0.000276045636546032,0.0
COVID-19 pandemic in Papua New Guinea,220,0,0.05690636316606311,0.0002760103309439005,0.0
COVID-19 pandemic in the Republic of the Congo,220,0,0.05690636316606311,0.0002760103309439005,0.0
COVID-19 pandemic in Zambia,220,0,0.05690636316606311,0.0002760103309439005,0.0
COVID-19 pandemic in Niger,220,0,0.05690636316606311,0.0002760103309439005,0.0
COVID-19 pandemic in Peru,220,0,0.05690636316606311,0.0002760103309439005,0.0
COVID-19 pandemic in Paraguay,220,0,0.05690636316606311,0.0002760103309439005,0.0
COVID-19 pandemic in Sint Eustatius,220,0,0.05690636316606311,0.0002760103309439005,0.0
COVID-19 pandemic in the Democratic Republic of the Congo,220,0,0.05690636316606311,0.0002760103309439005,0.0
COVID-19 pandemic in Tunisia,220,0,0.05690636316606311,0.0002760103309439005,0.0
COVID-19 pandemic in Zimbabwe,220,0,0.05690636316606311,0.0002760103309439005,0.0
COVID-19 pandemic in Northern Cyprus,220,0,0.05690636316606311,0.0002760103309439005,0.0
COVID-19 pandemic in Saint Kitts and Nevis,220,0,0.05690636316606311,0.0002760103309439005,0.0
COVID-19 pandemic in Liberia,220,0,0.05690636316606311,0.0002760103309439005,0.0
COVID-19 pandemic in Libya,220,0,0.05690636316606311,0.0002760103309439005,0.0
COVID-19 pandemic in Rwanda,220,0,0.05690636316606311,0.0002760103309439005,0.0
COVID-19 pandemic in Tanzania,220,0,0.05690636316606311,0.0002760103309439005,0.0
COVID-19 pandemic in Saint Lucia,220,0,0.05690636316606311,0.0002760103309439005,0.0
COVID-19 pandemic in Saint Vincent and the Grenadines,220,0,0.05690636316606311,0.0002760103309439005,0.0
COVID-19 pandemic in Suriname,220,0,0.05690636316606311,0.0002760103309439005,0.0
COVID-19 pandemic in Venezuela,220,0,0.05690636316606311,0.0002760103309439005,0.0
COVID-19 pandemic in Mauritania,220,0,0.05690636316606311,0.0002760103309439005,0.0
COVID-19 pandemic in Uruguay,220,0,0.05690636316606311,0.0002760103309439005,0.0
COVID-19 pandemic in Uganda,220,0,0.05690636316606311,0.0002760103309439005,0.0
COVID-19 pandemic in Djibouti,220,0,0.05690636316606311,0.0002760103309439005,0.0
COVID-19 pandemic in Panama,220,0,0.05690636316606311,0.0002760103309439005,0.0
COVID-19 pandemic in Haiti,220,0,0.05690636316606311,0.0002760103309439005,0.0
COVID-19 pandemic in Greenland,220,0,0.05690636316606311,0.0002760103309439005,0.0
COVID-19 pandemic in Grenada,220,0,0.05690636316606311,0.0002760103309439005,0.0
COVID-19 pandemic in Guatemala,220,0,0.05690636316606311,0.0002760103309439005,0.0
COVID-19 pandemic in Guinea,220,0,0.05690636316606311,0.0002760103309439005,0.0
COVID-19 pandemic in Guinea-Bissau,220,0,0.05690636316606311,0.0002760103309439005,0.0
COVID-19 pandemic in Gabon,220,0,0.05690636316606311,0.0002760103309439005,0.0
COVID-19 pandemic in Ghana,220,0,0.05690636316606311,0.0002760103309439005,0.0
COVID-19 pandemic in Kazakhstan,220,0,0.05690636316606311,0.0002760103309439005,0.0
COVID-19 pandemic in Jordan,220,0,0.05690636316606311,0.0002760103309439005,0.0
COVID-19 pandemic in Mali,220,0,0.05690636316606311,0.0002760103309439005,0.0
COVID-19 pandemic in Kenya,220,0,0.05690636316606311,0.0002760103309439005,0.0
COVID-19 pandemic in Laos,220,0,0.05690636316606311,0.0002760103309439005,0.0
COVID-19 pandemic in Ivory Coast,220,0,0.05690636316606311,0.0002760103309439005,0.0
COVID-19 pandemic in Kosovo,220,0,0.05690636316606311,0.0002760103309439005,0.0
COVID-19 pandemic in Uzbekistan,220,0,0.05690636316606311,0.0002760103309439005,0.0
COVID-19 pandemic in Mauritius,220,0,0.05690636316606311,0.0002760103309439005,0.0
COVID-19 pandemic in Montenegro,220,0,0.05690636316606311,0.0002760103309439005,0.0
COVID-19 pandemic in Mozambique,220,0,0.05690636316606311,0.0002760103309439005,0.0
COVID-19 pandemic in Myanmar,220,0,0.05690636316606311,0.0002760103309439005,0.0
COVID-19 pandemic in Namibia,220,0,0.05690636316606311,0.0002760103309439005,0.0
COVID-19 pandemic in Trinidad and Tobago,220,0,0.05690636316606311,0.0002760103309439005,0.0
COVID-19 pandemic in Sudan,220,0,0.05690636316606311,0.0002760103309439005,0.0
COVID-19 pandemic in Somaliland,220,0,0.05690636316606311,0.0002760103309439005,0.0
COVID-19 pandemic in Transnistria,220,0,0.05690636316606311,0.0002760103309439005,0.0
COVID-19 pandemic in Dominica,220,0,0.05690636316606311,0.0002760103309439005,0.0
COVID-19 pandemic in Eritrea,220,0,0.05690636316606311,0.0002760103309439005,0.0
COVID-19 pandemic in Eswatini,220,0,0.05690636316606311,0.0002760103309439005,0.0
COVID-19 pandemic in Equatorial Guinea,220,0,0.05690636316606311,0.0002760103309439005,0.0
COVID-19 pandemic in El Salvador,220,0,0.05690636316606311,0.0002760103309439005,0.0
COVID-19 pandemic in Antigua and Barbuda,220,0,0.05690636316606311,0.0002760103309439005,0.0
COVID-19 pandemic in Sint Maarten,220,0,0.05690636316606311,0.0002760103309439005,0.0
COVID-19 pandemic in Somalia,220,0,0.05690636316606311,0.0002760103309439005,0.0
COVID-19 pandemic in Botswana,220,0,0.05690636316606311,0.0002760103309439005,0.0
COVID-19 pandemic in Syria,220,0,0.05690636316606311,0.0002760103309439005,0.0
COVID-19 pandemic in Senegal,220,0,0.05690636316606311,0.0002760103309439005,0.0
COVID-19 pandemic in Seychelles,220,0,0.05690636316606311,0.0002760103309439005,0.0
COVID-19 pandemic in Sierra Leone,220,0,0.05690636316606311,0.0002760103309439005,0.0
COVID-19 pandemic in Fiji,220,0,0.05690636316606311,0.0002760103309439005,0.0
COVID-19 pandemic in Ethiopia,220,0,0.05690636316606311,0.0002760103309439005,0.0
COVID-19 pandemic in Jamaica,220,0,0.05690636316606311,0.0002760103309439005,0.0
COVID-19 pandemic in Honduras,220,0,0.05690636316606311,0.0002760103309439005,0.0
COVID-19 pandemic in Belize,220,0,0.05690636316606311,0.0002760103309439005,0.0
COVID-19 pandemic in Benin,220,0,0.05690636316606311,0.0002760103309439005,0.0
COVID-19 pandemic in Curaçao,220,0,0.05690636316606311,0.0002760103309439005,0.0
COVID-19 pandemic in Aruba,220,0,0.05690636316606311,0.0002760103309439005,0.0
COVID-19 pandemic in Chad,220,0,0.05690636316606311,0.0002760103309439005,0.0
COVID-19 pandemic in Barbados,220,0,0.05690636316606311,0.0002760103309439005,0.0
COVID-19 pandemic in Bangladesh,220,0,0.05690636316606311,0.0002760103309439005,0.0
COVID-19 pandemic in Angola,220,0,0.05690636316606311,0.0002760103309439005,0.0
COVID-19 pandemic in Burundi,220,0,0.05690636316606311,0.0002760103309439005,0.0
COVID-19 pandemic in Cape Verde,220,0,0.05690636316606311,0.0002760103309439005,0.0
COVID-19 pandemic in Burkina Faso,220,0,0.05690636316606311,0.0002760103309439005,0.0
COVID-19 pandemic in Bolivia,220,0,0.05690636316606311,0.0002760103309439005,0.0
COVID-19 pandemic in Cuba,220,0,0.05690636316606311,0.0002760103309439005,0.0
COVID-19 pandemic in Bhutan,220,0,0.05690636316606311,0.0002760103309439005,0.0
COVID-19 pandemic in the State of Palestine,220,0,0.05690636316606311,0.0002760103309439005,0.0
COVID-19 pandemic in Åland,220,0,0.05690636316606311,0.0002760103309439005,0.0
COVID-19 pandemic in the Gambia,220,0,0.05690636316606311,0.0002760103309439005,0.0
COVID-19 pandemic in the Faroe Islands,220,0,0.05690636316606311,0.0002760103309439005,0.0
COVID-19 pandemic in the Bahamas,220,0,0.05690636316606311,0.0002760103309439005,0.0
COVID-19 pandemic in the Central African Republic,220,0,0.05690636316606311,0.0002760103309439005,0.0
COVID-19 pandemic in Singapore,219,1346,0.4048111743404035,0.0002758911821751813,1.8733276220160915e-05
COVID-19 pandemic in Ecuador,219,1334,0.40170719089498186,0.00027588730822940093,2.2565649599553305e-06
COVID-19 pandemic in Vietnam,219,1381,0.4138644593895499,0.0002758831867186576,0.00014683709639771018
COVID-19 pandemic in Australia,219,1359,0.4081738230729436,0.00027587310778802904,8.716472705969571e-05
COVID-19 pandemic in Belarus,219,1354,0.40688049663735126,0.00027587247107539205,0.000201732376367849
COVID-19 pandemic in Egypt,219,1349,0.40558717020175894,0.0002758718296458064,1.8548284688914162e-05
COVID-19 pandemic in Thailand,219,1345,0.40455250905328505,0.000275871313070606,1.3719680208667151e-05
COVID-19 pandemic in Romania,219,1342,0.40377651319192964,0.00027587092361959097,2.7642597335487325e-05
COVID-19 pandemic in Algeria,219,1341,0.40351784790481116,0.00027587079341560383,5.956729193496668e-06
COVID-19 pandemic in Greece,219,1337,0.40248318675633726,0.0002758702706531749,1.634362652976807e-05
COVID-19 pandemic in the United Arab Emirates,219,1335,0.40196585618210035,0.0002758700080979522,3.4248793125252544e-06
COVID-19 pandemic in Serbia,219,1342,0.40377651319192964,0.0002758356404012707,1.6392316154644932e-05
COVID-19 pandemic in Armenia,219,1342,0.40377651319192964,0.0002758356404012707,0.00013806090112589506
COVID-19 pandemic in Bulgaria,219,1341,0.40351784790481116,0.00027583551021396693,3.2228161203855146e-05
COVID-19 pandemic in Saudi Arabia,219,1341,0.40351784790481116,0.00027583551021396693,1.1376710611734518e-05
COVID-19 pandemic in Moldova,219,1338,0.40274185204345575,0.0002758351184851891,4.809772441935471e-05
COVID-19 pandemic in Ukraine,219,1337,0.40248318675633726,0.00027583498751852065,1.2330668400268183e-05
COVID-19 pandemic in Togo,219,1337,0.40248318675633726,0.00027583498751852065,2.7456629916402853e-06
COVID-19 pandemic in Cameroon,219,1337,0.40248318675633726,0.00027583498751852065,4.91267298959917e-06
COVID-19 pandemic in Morocco,219,1337,0.40248318675633726,0.00027583498751852065,5.616253189786266e-06
COVID-19 pandemic in Bosnia and Herzegovina,219,1337,0.40248318675633726,0.00027583498751852065,3.423662763632584e-06
COVID-19 pandemic in Brunei,219,1336,0.40222452146921883,0.0002758348563559175,5.587372879047541e-06
COVID-19 pandemic in Slovakia,219,1336,0.40222452146921883,0.0002758348563559175,8.835363043099046e-06
COVID-19 pandemic in Slovenia,219,1335,0.40196585618210035,0.0002758347249969397,6.256435604756369e-06
COVID-19 pandemic in Colombia,219,1335,0.40196585618210035,0.0002758347249969397,3.0105005394127246e-06
COVID-19 pandemic in Andorra,219,1335,0.40196585618210035,0.0002758347249969397,3.6747484539805555e-06
COVID-19 pandemic in Latvia,219,1334,0.40170719089498186,0.0002758345934411458,2.3003579102029673e-06
COVID-19 pandemic in Malta,219,1334,0.40170719089498186,0.0002758345934411458,3.4671719520436327e-06
COVID-19 pandemic in Cyprus,219,1334,0.40170719089498186,0.0002758345934411458,4.5198770724068125e-06
COVID-19 pandemic in Costa Rica,219,1333,0.4014485256078634,0.0002758344616880932,4.4310084882348305e-06
COVID-19 pandemic in Vatican City,219,1333,0.4014485256078634,0.0002758344616880932,3.954880194301015e-06
COVID-19 pandemic in the Dominican Republic,219,1333,0.4014485256078634,0.0002758344616880932,3.3031450656265516e-06
COVID-19 pandemic in Liechtenstein,219,1331,0.40093119503362645,0.0002758341975884346,2.012698642561097e-06
Timeline of the COVID-19 pandemic in Romania,219,0,0.05664769787894464,0.00027575517473144907,0.0
Timeline of the COVID-19 pandemic in Saskatchewan,219,0,0.05664769787894464,0.00027575517473144907,0.0
Federal aid during the COVID-19 pandemic in Canada,219,0,0.05664769787894464,0.00027575517473144907,0.0
Timeline of the COVID-19 pandemic in New Zealand (2020),219,0,0.05664769787894464,0.00027575517473144907,0.0
Timeline of the COVID-19 pandemic in Singapore (2020),219,0,0.05664769787894464,0.00027575517473144907,0.0
Timeline of the COVID-19 pandemic in Singapore (2021),219,0,0.05664769787894464,0.00027575517473144907,0.0
Timeline of the COVID-19 pandemic in Nevada,219,0,0.05664769787894464,0.00027575517473144907,0.0
COVID-19 pandemic in the Regional Municipality of Peel,219,0,0.05664769787894464,0.00027575517473144907,0.0
COVID-19 pandemic in the Regional Municipality of York,219,0,0.05664769787894464,0.00027575517473144907,0.0
COVID-19 pandemic in the Cocos (Keeling) Islands,219,0,0.05664769787894464,0.00027575517473144907,0.0
COVID-19 pandemic in the Autonomous Region of Bougainville,219,0,0.05664769787894464,0.00027575517473144907,0.0
COVID-19 pandemic in the Australian Capital Territory,219,0,0.05664769787894464,0.00027575517473144907,0.0
COVID-19 pandemic in the Marshall Islands,219,0,0.05664769787894464,0.00027575517473144907,0.0
COVID-19 pandemic in the Kurdistan Region,219,0,0.05664769787894464,0.00027575517473144907,0.0
COVID-19 pandemic in Sichuan,219,0,0.05664769787894464,0.00027575517473144907,0.0
COVID-19 pandemic in Timor-Leste,219,0,0.05664769787894464,0.00027575517473144907,0.0
COVID-19 pandemic in Puntland,219,0,0.05664769787894464,0.00027575517473144907,0.0
COVID-19 pandemic in Kiribati,219,0,0.05664769787894464,0.00027575517473144907,0.0
Operation Gloria,219,0,0.05664769787894464,0.00027575517473144907,0.0
2020 Tablighi Jamaat COVID-19 hotspot in Pakistan,219,0,0.05664769787894464,0.00027575517473144907,0.0
COVID-19 pandemic in Abkhazia,219,0,0.05664769787894464,0.00027575517473144907,0.0
COVID-19 pandemic in Cusco,219,0,0.05664769787894464,0.00027575517473144907,0.0
COVID-19 pandemic in Bonaire,219,0,0.05664769787894464,0.00027575517473144907,0.0
COVID-19 pandemic in Alberta,219,0,0.05664769787894464,0.00027575517473144907,0.0
COVID-19 pandemic in Afghanistan,219,0,0.05664769787894464,0.00027575517473144907,0.0
COVID-19 managed isolation in New Zealand,219,0,0.05664769787894464,0.00027575517473144907,0.0
COVID-19 pandemic in Beijing,219,0,0.05664769787894464,0.00027575517473144907,0.0
COVID-19 pandemic in São Tomé and Príncipe,219,0,0.05664769787894464,0.00027575517473144907,0.0
COVID-19 pandemic in São Paulo (state),219,0,0.05664769787894464,0.00027575517473144907,0.0
COVID-19 pandemic in British Columbia,219,0,0.05664769787894464,0.00027575517473144907,0.0
COVID-19 cases at the 2020 Summer Olympics and 2020 Summer Paralympics,219,0,0.05664769787894464,0.00027575517473144907,0.0
COVID-19 cases at the 2022 Winter Olympics and 2022 Winter Paralympics,219,0,0.05664769787894464,0.00027575517473144907,0.0
Atlantic Bubble,219,0,0.05664769787894464,0.00027575517473144907,0.0
Boroughs of Montreal during the COVID-19 pandemic,219,0,0.05664769787894464,0.00027575517473144907,0.0
COVID-19 pandemic in Croatia,219,0,0.05664769787894464,0.00027575517473144907,0.0
COVID-19 pandemic in the Solomon Islands,219,0,0.05664769787894464,0.00027575517473144907,0.0
COVID-19 pandemic in the Cook Islands,219,0,0.05664769787894464,0.00027575517473144907,0.0
COVID-19 Protection Framework,219,0,0.05664769787894464,0.00027575517473144907,0.0
COVID-19 pandemic in the Federated States of Micronesia,219,0,0.05664769787894464,0.00027575517473144907,0.0
Timeline of the COVID-19 pandemic in Brazil,219,0,0.05664769787894464,0.00027575517473144907,0.0
COVID-19 pandemic in Shanghai,219,0,0.05664769787894464,0.00027575517473144907,0.0
COVID-19 pandemic in Easter Island,219,0,0.05664769787894464,0.00027575517473144907,0.0
Operation Laser,219,0,0.05664769787894464,0.00027575517473144907,0.0
COVID-19 pandemic in Inner Mongolia,219,0,0.05664769787894464,0.00027575517473144907,0.0
Provincial government response to the COVID-19 pandemic in Ontario,219,0,0.05664769787894464,0.00027575517473144907,0.0
COVID-19 pandemic in Christmas Island,219,0,0.05664769787894464,0.00027575517473144907,0.0
COVID-19 pandemic in Gagauzia,219,0,0.05664769787894464,0.00027575517473144907,0.0
COVID-19 pandemic in Guyana,219,0,0.05664769787894464,0.00027575517473144907,0.0
COVID-19 pandemic in Palau,219,0,0.05664769787894464,0.00027575517473144907,0.0
Statistics of the COVID-19 pandemic in Chile,219,0,0.05664769787894464,0.00027575517473144907,0.0
Statistics of the COVID-19 pandemic in Peru,219,0,0.05664769787894464,0.00027575517473144907,0.0
Statistics of the COVID-19 pandemic in Argentina,219,0,0.05664769787894464,0.00027575517473144907,0.0
COVID-19 pandemic in South Sudan,219,0,0.05664769787894464,0.00027575517473144907,0.0
COVID-19 pandemic in South Ossetia,219,0,0.05664769787894464,0.00027575517473144907,0.0
COVID-19 pandemic in South Australia,219,0,0.05664769787894464,0.00027575517473144907,0.0
COVID-19 pandemic in South Asia,219,0,0.05664769787894464,0.00027575517473144907,0.0
COVID-19 pandemic in Toronto,219,0,0.05664769787894464,0.00027575517473144907,0.0
COVID-19 pandemic in Malaysia,219,787,0.2602172788411795,0.00027575517473144907,4.142423097781462e-05
Statistics of the COVID-19 pandemic in Singapore,219,0,0.05664769787894464,0.00027575517473144907,0.0
Statistics of the COVID-19 pandemic in Thailand,219,0,0.05664769787894464,0.00027575517473144907,0.0
Statistics of the COVID-19 pandemic in Serbia,219,0,0.05664769787894464,0.00027575517473144907,0.0
Statistics of the COVID-19 pandemic in mainland China,219,0,0.05664769787894464,0.00027575517473144907,0.0
COVID-19 pandemic in Manitoba,219,0,0.05664769787894464,0.00027575517473144907,0.0
COVID-19 pandemic in Lesotho,219,0,0.05664769787894464,0.00027575517473144907,0.0
COVID-19 pandemic in Heilongjiang,219,0,0.05664769787894464,0.00027575517473144907,0.0
COVID-19 pandemic in Henan,219,0,0.05664769787894464,0.00027575517473144907,0.0
COVID-19 pandemic in Montreal,219,0,0.05664769787894464,0.00027575517473144907,0.0
COVID-19 pandemic in Norfolk Island,219,0,0.05664769787894464,0.00027575517473144907,0.0
COVID-19 pandemic in North Macedonia,219,744,0.24909467149508535,0.00027575517473144907,1.8109908822572363e-05
COVID-19 pandemic in Maldives,219,0,0.05664769787894464,0.00027575517473144907,0.0
Timeline of the COVID-19 pandemic in Alberta,219,0,0.05664769787894464,0.00027575517473144907,0.0
Timeline of the COVID-19 pandemic in Australia (2020),219,0,0.05664769787894464,0.00027575517473144907,0.0
Timeline of the COVID-19 pandemic in Australia (2022),219,0,0.05664769787894464,0.00027575517473144907,0.0
COVID-19 pandemic in Saskatchewan,219,0,0.05664769787894464,0.00027575517473144907,0.0
COVID-19 pandemic in Sweden,219,0,0.05664769787894464,0.00027575517473144907,0.0
COVID-19 pandemic in Svalbard,219,0,0.05664769787894464,0.00027575517473144907,0.0
COVID-19 pandemic in Samoa,219,0,0.05664769787894464,0.00027575517473144907,0.0
2020–21 Singapore circuit breaker measures,219,0,0.05664769787894464,0.00027575517473144907,0.0
COVID-19 pandemic in Ottawa,219,0,0.05664769787894464,0.00027575517473144907,0.0
COVID-19 pandemic in North Rhine-Westphalia,219,0,0.05664769787894464,0.00027575517473144907,0.0
COVID-19 pandemic in Malawi,219,0,0.05664769787894464,0.00027575517473144907,0.0
Timeline of the COVID-19 pandemic in Australia (July–December 2021),219,0,0.05664769787894464,0.00027575517473144907,0.0
Timeline of the COVID-19 pandemic in Australia (January–June 2021),219,0,0.05664769787894464,0.00027575517473144907,0.0
COVID-19 pandemic in Ontario,219,0,0.05664769787894464,0.00027575517473144907,0.0
COVID-19 pandemic in Queensland,219,0,0.05664769787894464,0.00027575517473144907,0.0
COVID-19 pandemic in Saba,219,0,0.05664769787894464,0.00027575517473144907,0.0
COVID-19 pandemic in the Comoros,219,0,0.05664769787894464,0.00027575517473144907,0.0
COVID-19 pandemic in Tokelau,219,0,0.05664769787894464,0.00027575517473144907,0.0
COVID-19 pandemic in Tokyo,219,0,0.05664769787894464,0.00027575517473144907,0.0
COVID-19 pandemic in Liaoning,219,0,0.05664769787894464,0.00027575517473144907,0.0
COVID-19 pandemic in Vanuatu,219,0,0.05664769787894464,0.00027575517473144907,0.0
COVID-19 pandemic in Victoria,219,0,0.05664769787894464,0.00027575517473144907,0.0
COVID-19 pandemic in Tasmania,219,0,0.05664769787894464,0.00027575517473144907,0.0
COVID-19 pandemic in Quebec,219,0,0.05664769787894464,0.00027575517473144907,0.0
COVID-19 pandemic in Tibet,219,0,0.05664769787894464,0.00027575517473144907,0.0
Timeline of the COVID-19 pandemic in Ghana (March–July 2020),219,0,0.05664769787894464,0.00027575517473144907,0.0
Timeline of the COVID-19 pandemic in Ghana (2021),219,0,0.05664769787894464,0.00027575517473144907,0.0
Timeline of the COVID-19 pandemic in Ghana (August–December 2020),219,0,0.05664769787894464,0.00027575517473144907,0.0
Timeline of the COVID-19 pandemic in Colombia,219,0,0.05664769787894464,0.00027575517473144907,0.0
Timeline of the COVID-19 pandemic in Canada,219,0,0.05664769787894464,0.00027575517473144907,0.0
Timeline of the COVID-19 pandemic in the Republic of Ireland (2022),219,0,0.05664769787894464,0.00027575517473144907,0.0
Timeline of the COVID-19 pandemic in Croatia,219,0,0.05664769787894464,0.00027575517473144907,0.0
Timeline of the COVID-19 pandemic in Belarus (2022),219,0,0.05664769787894464,0.00027575517473144907,0.0
Timeline of the COVID-19 pandemic in Belarus (2021),219,0,0.05664769787894464,0.00027575517473144907,0.0
Timeline of the COVID-19 pandemic in Belarus (2020),219,0,0.05664769787894464,0.00027575517473144907,0.0
Timeline of the COVID-19 pandemic in Bangladesh,219,0,0.05664769787894464,0.00027575517473144907,0.0
Timeline of the COVID-19 pandemic in Mexico,219,0,0.05664769787894464,0.00027575517473144907,0.0
Timeline of the COVID-19 pandemic in Singapore (2022),219,0,0.05664769787894464,0.00027575517473144907,0.0
COVID-19 pandemic in New South Wales,219,0,0.05664769787894464,0.00027575517473144907,0.0
COVID-19 pandemic in New Brunswick,219,0,0.05664769787894464,0.00027575517473144907,0.0
COVID-19 pandemic in Nepal,219,0,0.05664769787894464,0.00027575517473144907,0.0
COVID-19 pandemic in Nauru,219,0,0.05664769787894464,0.00027575517473144907,0.0
COVID-19 pandemic in Nunavut,219,0,0.05664769787894464,0.00027575517473144907,0.0
COVID-19 pandemic in Nova Scotia,219,0,0.05664769787894464,0.00027575517473144907,0.0
COVID-19 pandemic in Tonga,219,0,0.05664769787894464,0.00027575517473144907,0.0
COVID-19 pandemic in Yukon,219,0,0.05664769787894464,0.00027575517473144907,0.0
COVID-19 pandemic in Xinjiang,219,0,0.05664769787894464,0.00027575517473144907,0.0
COVID-19 pandemic in Western Sahara,219,0,0.05664769787894464,0.00027575517473144907,0.0
COVID-19 pandemic in Western Australia,219,0,0.05664769787894464,0.00027575517473144907,0.0
COVID-19 pandemic in Normandy,219,0,0.05664769787894464,0.00027575517473144907,0.0
COVID-19 pandemic in Niue,219,0,0.05664769787894464,0.00027575517473144907,0.0
COVID-19 pandemic in Newfoundland and Labrador,219,0,0.05664769787894464,0.00027575517473144907,0.0
COVID-19 pandemic in Prince Edward Island,219,0,0.05664769787894464,0.00027575517473144907,0.0
COVID-19 pandemic in the Northwest Territories,219,0,0.05664769787894464,0.00027575517473144907,0.0
COVID-19 vaccination programme in Saudi Arabia,219,0,0.05664769787894464,0.00027575517473144907,0.0
Timeline of the COVID-19 pandemic in Japan,219,0,0.05664769787894464,0.00027575517473144907,0.0
Timeline of the COVID-19 pandemic in Italy,219,0,0.05664769787894464,0.00027575517473144907,0.0
COVID-19 pandemic in the Republic of Artsakh,219,0,0.05664769787894464,0.00027575517473144907,0.0
Timeline of the COVID-19 pandemic in Ontario (2022),219,0,0.05664769787894464,0.00027575517473144907,0.0
Timeline of the COVID-19 pandemic in Ontario (2021),219,0,0.05664769787894464,0.00027575517473144907,0.0
Timeline of the COVID-19 pandemic in Ontario (2020),219,0,0.05664769787894464,0.00027575517473144907,0.0
Timeline of the COVID-19 pandemic in New Zealand (2023),219,0,0.05664769787894464,0.00027575517473144907,0.0
Timeline of the COVID-19 pandemic in New Zealand (2022),219,0,0.05664769787894464,0.00027575517473144907,0.0
Timeline of the COVID-19 pandemic in the Republic of Ireland (2021),219,0,0.05664769787894464,0.00027575517473144907,0.0
Timeline of the COVID-19 pandemic in the Republic of Ireland (2020),219,0,0.05664769787894464,0.00027575517473144907,0.0
Timeline of the COVID-19 pandemic in Vietnam,219,0,0.05664769787894464,0.00027575517473144907,0.0
Timeline of the COVID-19 pandemic in Turkey,219,0,0.05664769787894464,0.00027575517473144907,0.0
Timeline of the COVID-19 pandemic in Trinidad and Tobago,219,0,0.05664769787894464,0.00027575517473144907,0.0
Timeline of the COVID-19 pandemic in Thailand,219,0,0.05664769787894464,0.00027575517473144907,0.0
Timeline of the COVID-19 pandemic in New Zealand (2021),219,0,0.05664769787894464,0.00027575517473144907,0.0
COVID-19 pandemic in the Sahrawi Arab Democratic Republic,219,0,0.05664769787894464,0.00027575517473144907,0.0
COVID-19 pandemic in the Northern Territory,219,0,0.05664769787894464,0.00027575517473144907,0.0
COVID-19 pandemic in Mexico,218,1361,0.4084324883600621,0.0002755830788012133,7.374027751211762e-05
COVID-19 pandemic in Iran,218,1355,0.40688049663735126,0.0002755823172250021,2.0656812623184323e-05
COVID-19 pandemic in Belgium,218,1351,0.40584583548887737,0.0002755818057517771,2.9100244971816215e-05
COVID-19 pandemic in Pakistan,218,1347,0.4048111743404035,0.0002755812912427427,3.009979678180755e-05
COVID-19 lockdown in China,218,1346,0.40455250905328505,0.0002755811621379692,2.0779072279029833e-05
COVID-19 pandemic in Cambodia,218,1345,0.40429384376616656,0.0002755810328413381,1.2197511853454199e-05
COVID-19 pandemic in Austria,218,1343,0.40377651319192964,0.0002755807736707902,3.9783637524706605e-05
COVID-19 pandemic in Finland,218,1343,0.40377651319192964,0.0002755807736707902,0.00014124660410598446
COVID-19 pandemic in Azerbaijan,218,1342,0.40351784790481116,0.00027558064379601356,0.000159232541273077
COVID-19 pandemic in Sri Lanka,218,1341,0.40325918261769267,0.00027558051372765985,1.3692309873516744e-05
COVID-19 pandemic in Nigeria,218,1341,0.40325918261769267,0.00027558051372765985,1.5343003828910657e-05
COVID-19 pandemic in Israel,218,1341,0.40325918261769267,0.00027558051372765985,9.494110552612315e-06
COVID-19 pandemic in Lebanon,218,1340,0.40300051733057424,0.00027558038346529585,5.451318610498793e-06
COVID-19 pandemic in Switzerland,218,1340,0.40300051733057424,0.00027558038346529585,0.00014152370234752677
COVID-19 pandemic in Iceland,218,1340,0.40300051733057424,0.00027558038346529585,4.019118761053947e-06
COVID-19 pandemic in Bahrain,218,1339,0.40274185204345575,0.0002755802530084872,3.881588041809904e-05
COVID-19 pandemic in Oman,218,1338,0.40248318675633726,0.0002755801223567983,7.275481282314749e-06
COVID-19 pandemic in Lithuania,218,1337,0.40222452146921883,0.000275579991509792,6.517219429551673e-06
COVID-19 pandemic in the Republic of Ireland,218,1337,0.40222452146921883,0.000275579991509792,2.2791960047486512e-05
COVID-19 pandemic in the Netherlands,218,1336,0.40196585618210035,0.00027557986046703,7.463944679450038e-06
COVID-19 pandemic in Kuwait,218,1336,0.40196585618210035,0.00027557986046703,3.1451632719060058e-06
COVID-19 pandemic in Norway,218,1334,0.4014485256078634,0.0002755795977924794,2.0553320056230897e-06
COVID-19 pandemic in Luxembourg,218,1334,0.4014485256078634,0.0002755795977924794,2.89315731323635e-06
COVID-19 lockdowns in Italy,218,1334,0.4014485256078634,0.0002755795977924794,1.8157593796141407e-05
COVID-19 pandemic in Estonia,218,1332,0.40093119503362645,0.00027557933432961344,1.9580181823052125e-06
COVID-19 pandemic in Monaco,218,1332,0.40093119503362645,0.00027557933432961344,2.102792634588268e-06
COVID-19 pandemic in Iraq,218,1331,0.400672529746508,0.00027557920230145247,2.5879452542744168e-05
COVID-19 pandemic in Macau,218,1330,0.40041386445938953,0.0002755790700748782,2.930859379598648e-06
COVID-19 pandemic in Qatar,218,1329,0.40015519917227105,0.0002755789376494431,2.2254009418378895e-06
COVID-19 pandemic in San Marino,218,1328,0.3998965338851526,0.0002755788050246983,1.1272799027754577e-06
COVID-19 pandemic in Georgia (country),218,1328,0.3998965338851526,0.0002755788050246983,1.4229460509476238e-06
Heart rate variability,2,0,0.0005173305742369374,0.00027545124014069066,0.0
Disinformation,11,0,0.0028453181583031556,0.00027481076952506076,0.0
Infection,17,0,0.004397309881013968,0.00027403782964324704,0.0
Deuremidevir,13,31,0.011381272633212623,0.0002730241412560975,1.8875551675890354e-06
Danoprevir,12,35,0.012157268494568028,0.0002727641286490586,7.445266044263678e-07
New England Journal of Medicine,8,0,0.0020693222969477496,0.0002726958432100279,0.0
Wikidata,3,0,0.0007759958613554061,0.0002725709818429531,0.0
Sepsis,7,0,0.0018106570098292809,0.0002725466273344331,0.0
Ibuzatrelvir,12,33,0.011639937920331092,0.0002723727047587928,2.3060831180578598e-05
Simnotrelvir/ritonavir,12,32,0.011381272633212623,0.0002721591196166657,9.870154760193569e-07
Atilotrelvir,12,30,0.010863942058975685,0.00027169040924882666,1.7248814144027598e-07
The Economist,21,0,0.005431971029487843,0.0002716133085141358,0.0
Google Books,3,0,0.0007759958613554061,0.0002715937097448719,0.0
Amino acid,6,0,0.0015519917227108122,0.0002701551343807879,0.0
Medication,11,0,0.0028453181583031556,0.0002696456769457755,0.0
Nature (journal),20,0,0.005173305742369374,0.00026941390854452285,0.0
Cytokines,3,0,0.0007759958613554061,0.0002693742712898546,0.0
Cognitive impairment,5,0,0.0012933264355923435,0.00026910363402664805,0.0
MedRxiv (identifier),18,0,0.0046559751681324365,0.00026891132555295367,0.0
Misinformation,12,0,0.0031039834454216243,0.0002681842973314525,0.0
Index case,101,0,0.02612519399896534,0.00026811499426652134,0.0
Milan,20,0,0.005173305742369374,0.000267327493094206,0.0
Vox (website),12,0,0.0031039834454216243,0.00026678955222962956,0.0
Fibrin,4,0,0.0010346611484738748,0.0002666584669951941,0.0
Cardiovascular disease,6,0,0.0015519917227108122,0.00026639934221424816,0.0
Brazil,16,0,0.004138644593895499,0.00026629567782351866,0.0
Signs and symptoms,12,0,0.0031039834454216243,0.00026618705192887155,0.0
Malaria,19,0,0.004914640455250905,0.0002659343714188628,0.0
Public health emergency of international concern,11,0,0.0028453181583031556,0.000265645162687814,0.0
Coagulation,4,0,0.0010346611484738748,0.0002655881270922031,0.0
Antibody,11,0,0.0028453181583031556,0.0002654588203168022,0.0
Arginine,4,0,0.0010346611484738748,0.00026544667065659484,0.0
Arthropod,4,0,0.0010346611484738748,0.0002651092250347401,0.0
Impact of the COVID-19 pandemic on the African diaspora,46,0,0.01189860320744956,0.00026498480533416265,0.0
Zoonosis,10,0,0.002586652871184687,0.0002640432185765699,0.0
Deep clean (COVID-19),2,0,0.0005173305742369374,0.0002639467046700228,0.0
Alzheimer's disease,5,0,0.0012933264355923435,0.000263224298321027,0.0
TMPRSS2,5,0,0.0012933264355923435,0.0002631518818105785,0.0
Enzyme,5,0,0.0012933264355923435,0.0002630416972683015,0.0
Severe acute respiratory syndrome,69,0,0.01784790481117434,0.0002624964323754942,0.0
Missouri v. China,1,9,0.002586652871184687,0.0002624710329909247,0.0
Protein,5,0,0.0012933264355923435,0.00026243541242032976,0.0
Spillover infection,7,0,0.0018106570098292809,0.0002624119242308399,0.0
Orthomyxoviridae,5,0,0.0012933264355923435,0.0002621831083412062,0.0
National Institute for Health and Care Excellence,7,0,0.0018106570098292809,0.00026201894633010525,0.0
Heart failure,6,0,0.0015519917227108122,0.0002619611983474932,0.0
Extracorporeal membrane oxygenation,20,0,0.005173305742369374,0.0002615087418972998,0.0
Health professional,7,0,0.0018106570098292809,0.0002612910767509254,0.0
Vaccine,14,0,0.0036213140196585617,0.00026106200491402215,0.0
The New England Journal of Medicine,15,0,0.0038799793067770304,0.000260698179534586,0.0
Origin of SARS-CoV-2,48,0,0.012415933781686497,0.0002605538256470118,0.0
Immune system,11,0,0.0028453181583031556,0.00026039014452460126,0.0
Science (journal),21,0,0.005431971029487843,0.00026013458518827536,0.0
Plazi,2,0,0.0005173305742369374,0.00026008801108935394,0.0
Encyclopedia of Life,2,0,0.0005173305742369374,0.00026008801108935394,0.0
Respiratory syncytial virus,7,0,0.0018106570098292809,0.00025991789353908845,0.0
COVID-19 litigation involving China,1,8,0.0023279875840662182,0.00025966640450934413,0.0
Biology,5,0,0.0012933264355923435,0.0002589081002465447,0.0
Endoscopy,2,0,0.0005173305742369374,0.00025844218439126046,0.0
Thrombosis,7,0,0.0018106570098292809,0.00025843683641990016,0.0
2002–2004 SARS outbreak,30,0,0.007759958613554061,0.00025810228396439244,0.0
SSRN (identifier),9,0,0.0023279875840662182,0.0002580107555550615,0.0
SARS-CoV-1,8,0,0.0020693222969477496,0.00025772555600564185,0.0
Taiwan,22,0,0.005690636316606311,0.00025731364941541577,0.0
Cancer-related fatigue,2,0,0.0005173305742369374,0.00025725384749406097,0.0
Inflammation,11,0,0.0028453181583031556,0.0002567077979562182,0.0
Science-Based Medicine,9,0,0.0023279875840662182,0.00025669046840502615,0.0
Hemolysis,3,0,0.0007759958613554061,0.00025568607169079515,0.0
Intensive care unit,27,0,0.006983962752198655,0.0002555467198836558,0.0
Autism spectrum,2,0,0.0005173305742369374,0.0002554784869349319,0.0
Menopause,2,0,0.0005173305742369374,0.0002552598164905468,0.0
Endogenous retrovirus,2,0,0.0005173305742369374,0.00025524509418207807,0.0
Nasal spray,3,0,0.0007759958613554061,0.0002551805057302935,0.0
Autoimmune disease,5,0,0.0012933264355923435,0.00025507133566350724,0.0
Stroke,6,0,0.0015519917227108122,0.0002550303237350321,0.0
Mental health,7,0,0.0018106570098292809,0.0002549151395233618,0.0
Bat virome,6,0,0.0015519917227108122,0.0002548129660416191,0.0
Insomnia,5,0,0.0012933264355923435,0.0002547272221005322,0.0
Case fatality rate,79,0,0.020434557682359026,0.0002546629931696927,0.0
Richard Horton (editor),8,0,0.0020693222969477496,0.00025437203963539116,0.0
ACE2,5,0,0.0012933264355923435,0.00025411459410614536,0.0
World Health Organization's response to the COVID-19 pandemic,47,0,0.012157268494568028,0.0002541123228841788,0.0
Vaccination,12,0,0.0031039834454216243,0.0002538205942680703,0.0
Fluvoxamine,3,0,0.0007759958613554061,0.0002536740556944475,0.0
Yellow fever,4,0,0.0010346611484738748,0.00025360946228746717,0.0
Nausea,8,0,0.0020693222969477496,0.00025341031815011224,0.0
Oral administration,9,0,0.0023279875840662182,0.00025331935982128356,0.0
Hypotension,7,0,0.0018106570098292809,0.000253311048072716,0.0
Heather Heying,2,13,0.0038799793067770304,0.0002532224552566738,0.0
Nursing home,8,0,0.0020693222969477496,0.000253058553917781,0.0
Serotonin,3,0,0.0007759958613554061,0.0002528601077036891,0.0
Cause (medicine),5,0,0.0012933264355923435,0.0002527488394991074,0.0
Mumps,3,0,0.0007759958613554061,0.00025224693505020656,0.0
Epinephrine,4,0,0.0010346611484738748,0.00025223758711202386,0.0
Tedros Adhanom,10,0,0.002586652871184687,0.00025213315651534217,0.0
Post-traumatic stress disorder,4,0,0.0010346611484738748,0.0002521092218084674,0.0
Moderna,15,0,0.0038799793067770304,0.0002520523789151734,0.0
Corticosteroid,9,0,0.0023279875840662182,0.0002520232066867373,0.0
Medicines and Healthcare products Regulatory Agency,10,0,0.002586652871184687,0.0002519978739643095,0.0
Aptamer,2,0,0.0005173305742369374,0.0002519457054850879,0.0
Cognitive deficit,3,0,0.0007759958613554061,0.00025170430300732214,0.0
Physical therapy,4,0,0.0010346611484738748,0.00025141152809717726,0.0
Comorbidity,5,0,0.0012933264355923435,0.00025129796095044047,0.0
Sleep deprivation,2,0,0.0005173305742369374,0.0002512967825349313,0.0
Pneumonia,31,467,0.1288153129849974,0.00025128674757848407,0.005156641902782064
Phylogenetic Assignment of Named Global Outbreak Lineages,6,0,0.0015519917227108122,0.00025104709185394064,0.0
Akiko Iwasaki,11,1341,0.34971546818416965,0.0002507975368343012,8.08871486426467e-06
University of Oxford,15,0,0.0038799793067770304,0.0002507155252563737,0.0
Hannah Ritchie,79,0,0.020434557682359026,0.0002506981057431275,0.0
Antimalarial medication,2,0,0.0005173305742369374,0.00025069629496260264,0.0
Interleukin,4,0,0.0010346611484738748,0.0002506902394534559,0.0
Oxygen therapy,7,0,0.0018106570098292809,0.0002506143992644692,0.0
Interleukin 6,7,0,0.0018106570098292809,0.00025056591052534464,0.0
Vomiting,5,0,0.0012933264355923435,0.00025045421818391614,0.0
Medical specialty,10,0,0.002586652871184687,0.0002504204919153337,0.0
Our World in Data,77,0,0.01991722710812209,0.0002503192774184563,0.0
Impact of the COVID-19 pandemic on migration,47,0,0.012157268494568028,0.000250278938781709,0.0
COVID-19 pandemic in Canada,14,1345,0.35152612519399895,0.0002502286067643871,1.3848882724204063e-06
Qigong,4,0,0.0010346611484738748,0.00025014117008570654,0.0
Meta-analysis,5,0,0.0012933264355923435,0.00024972510565094536,0.0
Antihistamine,3,0,0.0007759958613554061,0.00024966470936044834,0.0
Darmankade Medical Magazine,2,0,0.0005173305742369374,0.00024962921111690685,0.0
Blood type,2,0,0.0005173305742369374,0.00024962921111690685,0.0
Causal relationship,2,0,0.0005173305742369374,0.00024962921111690685,0.0
Common cold,16,0,0.004138644593895499,0.0002496276030716416,0.0
Novel coronavirus,74,0,0.019141231246766685,0.00024955137824729886,0.0
Immunosuppressive drug,6,0,0.0015519917227108122,0.0002495216775970391,0.0
Flushing (physiology),4,0,0.0010346611484738748,0.0002494017920821268,0.0
Public Health England,9,0,0.0023279875840662182,0.0002493948498928577,0.0
Pancreatitis,5,0,0.0012933264355923435,0.00024934378031363734,0.0
ICD-10,11,0,0.0028453181583031556,0.0002491361342712674,0.0
International Statistical Classification of Diseases and Related Health Problems,11,0,0.0028453181583031556,0.0002491361342712674,0.0
C-reactive protein,6,0,0.0015519917227108122,0.00024897984366131965,0.0
Medical Subject Headings,10,0,0.002586652871184687,0.00024896087018521534,0.0
Prothrombin,3,0,0.0007759958613554061,0.0002489404621858215,0.0
Severe acute respiratory syndrome coronavirus,9,0,0.0023279875840662182,0.0002489149022430127,0.0
Chloroquine,17,0,0.004397309881013968,0.0002489054431568872,0.0
Myocarditis,9,0,0.0023279875840662182,0.0002489022029717975,0.0
United States Intelligence Community,3,0,0.0007759958613554061,0.00024888119621497206,0.0
Beta blocker,3,0,0.0007759958613554061,0.0002488150164134805,0.0
Impact of the COVID-19 pandemic on aviation,47,0,0.012157268494568028,0.0002486459402802299,0.0
CD40 (protein),3,0,0.0007759958613554061,0.00024843333461679277,0.0
Chinese Center for Disease Control and Prevention,18,0,0.0046559751681324365,0.0002484089052029631,0.0
Colchicine,5,0,0.0012933264355923435,0.0002482758039249525,0.0
Antidepressant,3,0,0.0007759958613554061,0.0002479881381620827,0.0
Non-pharmaceutical intervention (epidemiology),6,0,0.0015519917227108122,0.00024789040980474495,0.0
HIV/AIDS,15,0,0.0038799793067770304,0.00024788849735110456,0.0
Herd immunity,23,0,0.00594930160372478,0.0002478661673456329,0.0
Receptor antagonist,2,0,0.0005173305742369374,0.00024781560940407974,0.0
Lysine,3,0,0.0007759958613554061,0.00024778218574751545,0.0
Infectious diseases,5,0,0.0012933264355923435,0.0002477665507261272,0.0
Dysautonomia,2,0,0.0005173305742369374,0.0002477553117299186,0.0
WDQ (identifier),5,0,0.0012933264355923435,0.0002477456263356209,0.0
Epidemiologist,5,0,0.0012933264355923435,0.0002477295909408736,0.0
Mayo Clinic,4,0,0.0010346611484738748,0.00024768748942371403,0.0
T cell,7,0,0.0018106570098292809,0.0002476280500731383,0.0
Glycoprotein,2,0,0.0005173305742369374,0.00024760504033575473,0.0
Base pair,2,0,0.0005173305742369374,0.00024760504033575473,0.0
Transmission (medicine),66,0,0.017071908949818936,0.0002475348375906941,0.0
Lupus erythematosus,3,0,0.0007759958613554061,0.00024752947171027286,0.0
Lung cancer,2,0,0.0005173305742369374,0.00024742672447426516,0.0
Randomized controlled trial,8,0,0.0020693222969477496,0.00024734233000744596,0.0
Ziyad Al-Aly,1,11,0.0031039834454216243,0.00024733470494082765,0.0
Interleukin-6 receptor,5,0,0.0012933264355923435,0.00024728730142297225,0.0
Anakinra,4,0,0.0010346611484738748,0.00024728457315929933,0.0
COVID-19 lockdowns by country,47,1363,0.36471805483704084,0.00024719674860310126,5.2181692663916185e-06
Endemic phase of COVID-19,51,0,0.013191929643041903,0.00024719667366808197,0.0
United Nations response to the COVID-19 pandemic,46,0,0.01189860320744956,0.0002470047169446994,0.0
Interleukin 2,3,0,0.0007759958613554061,0.0002469411725083635,0.0
Macrolide,3,0,0.0007759958613554061,0.00024691810329155873,0.0
Intravenous therapy,9,0,0.0023279875840662182,0.00024686638113992674,0.0
Impact of the COVID-19 pandemic on the telehealth industry,45,0,0.011639937920331092,0.0002468277569652911,0.0
"Impact of COVID-19 on neurological, psychological and other mental health outcomes",45,0,0.011639937920331092,0.0002468277569652911,0.0
Impact of the COVID-19 pandemic on the LGBTQ community,45,0,0.011639937920331092,0.0002468277569652911,0.0
Impact of the COVID-19 pandemic on suicide rates,45,0,0.011639937920331092,0.0002468277569652911,0.0
Infant,2,0,0.0005173305742369374,0.0002467740201211358,0.0
Respiratory failure,7,0,0.0018106570098292809,0.0002467696161098616,0.0
Basigin,3,0,0.0007759958613554061,0.00024673060344003846,0.0
Idiopathic pulmonary fibrosis,4,0,0.0010346611484738748,0.0002466406510076513,0.0
NRICM101,1,1333,0.3450594930160372,0.00024661738118106526,0.0
Dexamethasone,16,93,0.02819451629591309,0.00024660198523797827,0.0003651574244814543
Influenza A virus subtype H1N1,5,0,0.0012933264355923435,0.0002465719351884223,0.0
Chinese government response to COVID-19,48,0,0.012415933781686497,0.0002464736467278486,0.0
Passive immunity,2,0,0.0005173305742369374,0.00024642861265367983,0.0
Human coronavirus NL63,5,0,0.0012933264355923435,0.00024641580709879523,0.0
Amniotic fluid,2,0,0.0005173305742369374,0.0002464055434368751,0.0
Influenza virus,2,0,0.0005173305742369374,0.0002464055434368751,0.0
Influenza A virus subtype H5N1,4,0,0.0010346611484738748,0.0002462343845774132,0.0
Vertigo,5,0,0.0012933264355923435,0.00024613805059018994,0.0
Psychosis,5,0,0.0012933264355923435,0.00024613805059018994,0.0
Irish government response to the COVID-19 pandemic,46,0,0.01189860320744956,0.0002461231407374804,0.0
Alzheimer's disease and COVID-19,44,285,0.0851008794619762,0.000246093101099565,0.00018175364998977535
Mechanical ventilation,10,0,0.002586652871184687,0.00024607698102647194,0.0
LCCN (identifier),6,0,0.0015519917227108122,0.0002460336906970881,0.0
Peplomer,2,0,0.0005173305742369374,0.00024596192663610135,0.0
Angiotensin-converting enzyme 2,8,0,0.0020693222969477496,0.00024594450320468956,0.0
South Africa,21,0,0.005431971029487843,0.00024592492327597207,0.0
Furin,3,0,0.0007759958613554061,0.00024583330291589407,0.0
Use and development of software for COVID-19 pandemic mitigation,44,0,0.011381272633212623,0.000245770997536415,0.0
Emergency evacuation procedures during the COVID-19 pandemic,44,0,0.011381272633212623,0.000245770997536415,0.0
2021–2022 global supply chain crisis,44,0,0.011381272633212623,0.000245770997536415,0.0
TRIPS Agreement waiver,44,0,0.011381272633212623,0.000245770997536415,0.0
Development of COVID-19 tests,44,0,0.011381272633212623,0.000245770997536415,0.0
Diarrhea,10,0,0.002586652871184687,0.0002457289103427934,0.0
Rhinolophus affinis,2,0,0.0005173305742369374,0.0002456817169830706,0.0
Sensory processing disorder,3,0,0.0007759958613554061,0.0002454963754388427,0.0
Endothelium,4,0,0.0010346611484738748,0.0002451359850259366,0.0
Russell's sign,3,0,0.0007759958613554061,0.0002451041668115145,0.0
BMJ,3,0,0.0007759958613554061,0.0002448097968331773,0.0
Nextstrain,4,0,0.0010346611484738748,0.0002447424735107206,0.0
European Centre for Disease Prevention and Control,18,0,0.0046559751681324365,0.0002447040680828669,0.0
Viral load,10,0,0.002586652871184687,0.00024462854397740765,0.0
Acute respiratory distress syndrome,7,0,0.0018106570098292809,0.0002445876140556901,0.0
Neutrophil,3,0,0.0007759958613554061,0.00024437825994340573,0.0
Chronic obstructive pulmonary disease,10,0,0.002586652871184687,0.00024431176879392656,0.0
Johns Hopkins University,42,0,0.010863942058975685,0.00024428627990109685,0.0
Central nervous system,6,0,0.0015519917227108122,0.00024426004759005526,0.0
Respiratory system,6,0,0.0015519917227108122,0.0002442578907850986,0.0
Diseases Database,5,0,0.0012933264355923435,0.00024421163074364713,0.0
National Center for Biotechnology Information,2,0,0.0005173305742369374,0.00024417826330669704,0.0
Parkinson's disease,4,0,0.0010346611484738748,0.00024414532128049567,0.0
Pulmonary hypertension,3,0,0.0007759958613554061,0.0002441124543993274,0.0
Polymerase chain reaction,19,0,0.004914640455250905,0.0002441123349613422,0.0
Luc Montagnier,4,1345,0.34893947232281425,0.00024400831559095562,2.9836341608657256e-06
Drug resistance,5,0,0.0012933264355923435,0.00024396209340037862,0.0
Sputum,7,0,0.0018106570098292809,0.00024394705393788123,0.0
Lyme disease,8,0,0.0020693222969477496,0.00024390997119947295,0.0
Peter Bogner (businessman),1,8,0.0023279875840662182,0.0002439079279117699,0.0
Pasteur Institute,3,1373,0.3559234350750129,0.00024389616201699288,2.3866322075366578e-05
Lopinavir/ritonavir,7,0,0.0018106570098292809,0.00024389606002693883,0.0
Ebola virus disease,7,0,0.0018106570098292809,0.00024376157609102766,0.0
Cytokine storm,7,105,0.028970512157268494,0.0002437546955423469,0.0012988802107213025
Antibiotic,8,0,0.0020693222969477496,0.0002437095092609726,0.0
Blood–brain barrier,4,0,0.0010346611484738748,0.00024359224118020013,0.0
Dehydration,3,0,0.0007759958613554061,0.00024331969219381985,0.0
EcoHealth Alliance,3,1365,0.35385411277806517,0.0002432421703531763,0.0
EMedicine,5,0,0.0012933264355923435,0.00024315249679026456,0.0
Median,3,0,0.0007759958613554061,0.00024314311861469063,0.0
PCR test,4,0,0.0010346611484738748,0.0002430925292336503,0.0
Depression (mood),8,0,0.0020693222969477496,0.00024304523029604997,0.0
Vasculitis,4,0,0.0010346611484738748,0.0002429860230148048,0.0
Allergy,2,0,0.0005173305742369374,0.00024292527621484988,0.0
Berylliosis,3,0,0.0007759958613554061,0.00024285772235424418,0.0
This Week in Virology,1,3,0.0010346611484738748,0.0002428408354695319,0.0
Marburg virus,5,0,0.0012933264355923435,0.00024280209721446139,0.0
BBC News Online,9,0,0.0023279875840662182,0.00024270673141435248,0.0
SARS-CoV-2 main protease,5,0,0.0012933264355923435,0.00024267171478974743,0.0
Viral hepatitis,3,0,0.0007759958613554061,0.00024267022250272388,0.0
Marburg virus disease,4,0,0.0010346611484738748,0.00024262466216473538,0.0
Kidney failure,3,0,0.0007759958613554061,0.00024257978843195407,0.0
Lipoic acid,3,0,0.0007759958613554061,0.00024257571045016238,0.0
Intermittent fasting,2,0,0.0005173305742369374,0.00024257298218648943,0.0
Hepatitis,4,0,0.0010346611484738748,0.00024254018055781473,0.0
FMS-like tyrosine kinase 3 ligand,2,0,0.0005173305742369374,0.00024253668193503533,0.0
JAK-STAT signaling pathway,2,0,0.0005173305742369374,0.00024253668193503533,0.0
Janus kinase,2,0,0.0005173305742369374,0.00024253668193503533,0.0
Oncostatin M,2,0,0.0005173305742369374,0.00024253668193503533,0.0
Streptococcal pharyngitis,5,0,0.0012933264355923435,0.00024252677305530677,0.0
Paracetamol,6,0,0.0015519917227108122,0.00024246039393708728,0.0
Arenavirus,3,0,0.0007759958613554061,0.00024245435659249218,0.0
Metronidazole,3,0,0.0007759958613554061,0.00024243787749125576,0.0
Syphilis,3,0,0.0007759958613554061,0.00024242459784750298,0.0
Cyanosis,2,0,0.0005173305742369374,0.0002423530859479245,0.0
Kaposi's sarcoma,3,0,0.0007759958613554061,0.0002422780138753957,0.0
Hyperalgesia,2,0,0.0005173305742369374,0.00024227348402454689,0.0
Psoriasis,2,0,0.0005173305742369374,0.00024227348402454689,0.0
Hepatitis C virus,3,0,0.0007759958613554061,0.00024222782942614137,0.0
Gastroenteritis,5,0,0.0012933264355923435,0.00024221137595333302,0.0
Quarantine,40,0,0.010346611484738748,0.00024220883443123924,0.0
Hypoesthesia,2,0,0.0005173305742369374,0.00024210738956829993,0.0
ProQuest,3,0,0.0007759958613554061,0.00024207917341657057,0.0
Diabetes,9,0,0.0023279875840662182,0.00024206475493476176,0.0
Otitis media,4,0,0.0010346611484738748,0.00024204586859205465,0.0
Asthma,10,0,0.002586652871184687,0.00024195065515588234,0.0
Alan Keyes,1,9,0.002586652871184687,0.00024191898264454466,0.0
The Light (newspaper),1,12,0.003362648732540093,0.00024191898264454466,0.0
Circulatory system,4,0,0.0010346611484738748,0.00024191042294360534,0.0
Donald McNeil Jr.,4,0,0.0010346611484738748,0.00024188776730775817,0.0
Zinc,4,0,0.0010346611484738748,0.00024187613924055265,0.0
Greek alphabet,4,0,0.0010346611484738748,0.00024181615099946318,0.0
Scientific American,8,0,0.0020693222969477496,0.000241686564362011,0.0
Upper respiratory tract infection,4,0,0.0010346611484738748,0.00024167019437086536,0.0
Seizure,4,0,0.0010346611484738748,0.00024158984867638097,0.0
Taste,4,0,0.0010346611484738748,0.0002415379391409339,0.0
Myalgia,10,0,0.002586652871184687,0.0002414962414665988,0.0
Amnesia,4,0,0.0010346611484738748,0.0002412666473692732,0.0
Myocardial infarction,5,0,0.0012933264355923435,0.0002412579584949187,0.0
Snakebite,2,0,0.0005173305742369374,0.00024125547653559628,0.0
Dyspnea,4,1,0.0012933264355923435,0.00024124249266892821,0.0
Antimicrobial resistance,4,0,0.0010346611484738748,0.00024121430088046584,0.0
Sore throat,7,0,0.0018106570098292809,0.00024119593008171272,0.0
Tuberculosis,11,0,0.0028453181583031556,0.00024116354945516853,0.0
Arrhythmia,5,0,0.0012933264355923435,0.0002411525077929643,0.0
Dengue,5,0,0.0012933264355923435,0.00024115012163168346,0.0
Alcoholism,2,0,0.0005173305742369374,0.00024112163960577864,0.0
Adrenergic agonist,2,0,0.0005173305742369374,0.00024112163960577864,0.0
Chlamydia,3,0,0.0007759958613554061,0.00024111548946872624,0.0
Interferon gamma,2,0,0.0005173305742369374,0.00024104451982660604,0.0
Flu season,6,0,0.0015519917227108122,0.00024103990438318896,0.0
ACE inhibitor,3,0,0.0007759958613554061,0.00024103035380210538,0.0
Spanish flu,14,0,0.0036213140196585617,0.00024097579107757673,0.0
Feces,3,0,0.0007759958613554061,0.00024094168734616766,0.0
Chikungunya,5,0,0.0012933264355923435,0.00024090760977206428,0.0
Dengue fever,6,0,0.0015519917227108122,0.0002408838614116827,0.0
Enterovirus,4,0,0.0010346611484738748,0.0002408626169844191,0.0
Sinusitis,6,0,0.0015519917227108122,0.00024084817816387885,0.0
Hypertension,8,0,0.0020693222969477496,0.0002408160153800173,0.0
Tachycardia,4,0,0.0010346611484738748,0.00024079320287110666,0.0
Mechanism of action,3,0,0.0007759958613554061,0.0002407698764210792,0.0
IgG,2,0,0.0005173305742369374,0.00024075516028878829,0.0
Endosome,4,0,0.0010346611484738748,0.00024073998626754784,0.0
Pulse oximetry,2,0,0.0005173305742369374,0.00024073209107198357,0.0
Confusion,3,0,0.0007759958613554061,0.00024068603181818968,0.0
Irritability,3,0,0.0007759958613554061,0.00024068603181818968,0.0
Phylogenetic tree,4,0,0.0010346611484738748,0.00024065532849438655,0.0
Zika virus,6,0,0.0015519917227108122,0.00024062336796889378,0.0
Hypogeusia,5,0,0.0012933264355923435,0.00024061549977760386,0.0
Hyposmia,5,0,0.0012933264355923435,0.00024061549977760386,0.0
Immunodeficiency,4,0,0.0010346611484738748,0.00024058044647941033,0.0
Cell membrane,3,0,0.0007759958613554061,0.00024055930735275422,0.0
Diphenhydramine,2,0,0.0005173305742369374,0.00024054944933885327,0.0
Hyperventilation,2,0,0.0005173305742369374,0.00024054944933885327,0.0
Oxford English Dictionary,2,0,0.0005173305742369374,0.00024051415280596072,0.0
International Committee on Taxonomy of Viruses,3,0,0.0007759958613554061,0.00024048072914939646,0.0
Stat (website),9,0,0.0023279875840662182,0.0002404722108705114,0.0
Norepinephrine,2,0,0.0005173305742369374,0.00024046984741547562,0.0
Malaise,5,0,0.0012933264355923435,0.0002404605132856166,0.0
Surgical mask,26,0,0.006725297465080186,0.00024043612818399251,0.0
Rabies,6,0,0.0015519917227108122,0.00024043581867808637,0.0
Psychostimulant,2,0,0.0005173305742369374,0.00024037713695008997,0.0
Mood disorder,2,0,0.0005173305742369374,0.00024037713695008997,0.0
Methylphenidate,2,0,0.0005173305742369374,0.00024037713695008997,0.0
Virus classification,2,0,0.0005173305742369374,0.0002403035837376357,0.0
ArXiv (identifier),19,0,0.004914640455250905,0.0002402721131523894,0.0
Basic reproduction number,24,0,0.006207966890843249,0.00024024366474093196,0.0
Neurotoxicity,2,0,0.0005173305742369374,0.0002402040418713973,0.0
Michael Osterholm,12,0,0.0031039834454216243,0.00024020068186025452,0.0
SevenHills Hospital,12,0,0.0031039834454216243,0.0002401334199360764,0.0
Johns Hopkins Center for Health Security,19,0,0.004914640455250905,0.0002400703191361238,0.0
Thrombocytopenia,3,0,0.0007759958613554061,0.0002399789465268689,0.0
West Nile virus,5,0,0.0012933264355923435,0.000239972757203406,0.0
Rift Valley fever,5,0,0.0012933264355923435,0.0002399401693535835,0.0
Delirium,5,0,0.0012933264355923435,0.0002399329482638783,0.0
Croup,6,0,0.0015519917227108122,0.00023967880402920008,0.0
Fever,5,273,0.0719089498189343,0.00023965047051088007,0.004796667312629687
Dizziness,5,0,0.0012933264355923435,0.00023964023184731492,0.0
Zaire ebolavirus,3,0,0.0007759958613554061,0.00023962432551535956,0.0
Sense of smell,2,0,0.0005173305742369374,0.00023955882139221695,0.0
The Globe and Mail,8,0,0.0020693222969477496,0.0002395201832348678,0.0
Epilepsy,4,0,0.0010346611484738748,0.00023949064699586213,0.0
Ravn virus,2,0,0.0005173305742369374,0.0002394727395825361,0.0
Sudan virus,2,0,0.0005173305742369374,0.0002394727395825361,0.0
Bundibugyo virus,2,0,0.0005173305742369374,0.0002394727395825361,0.0
Yellow fever virus,2,0,0.0005173305742369374,0.0002394727395825361,0.0
Taï Forest virus,2,0,0.0005173305742369374,0.0002394727395825361,0.0
Nucleobase,2,0,0.0005173305742369374,0.0002394727395825361,0.0
Filoviridae,2,0,0.0005173305742369374,0.0002394727395825361,0.0
Dysgeusia,5,0,0.0012933264355923435,0.00023939516214915976,0.0
Dementia,5,0,0.0012933264355923435,0.00023935885312468728,0.0
Northwick Park Hospital,2,0,0.0005173305742369374,0.00023935299736723372,0.0
Arthralgia,6,0,0.0015519917227108122,0.0002393416356165132,0.0
Immunology,11,0,0.0028453181583031556,0.0002392387589841365,0.0
Paranoia,5,0,0.0012933264355923435,0.00023922378513250423,0.0
Rhinorrhea,7,0,0.0018106570098292809,0.00023917853184151825,0.0
Cytokine,6,0,0.0015519917227108122,0.0002391659419776628,0.0
Cognition,3,0,0.0007759958613554061,0.00023908312652347127,0.0
Perception,3,0,0.0007759958613554061,0.00023908312652347127,0.0
Betacellulin,2,0,0.0005173305742369374,0.000239081705595573,0.0
Fatigue,6,311,0.08199689601655458,0.00023903173571043524,0.005398592194353522
Parosmia,3,0,0.0007759958613554061,0.00023900974253261,0.0
Feline coronavirus,6,0,0.0015519917227108122,0.00023898402261535756,0.0
Isolation (health care),16,0,0.004138644593895499,0.00023897823984140386,0.0
Chemotherapy,4,0,0.0010346611484738748,0.0002389671838196142,0.0
Drug repositioning,6,0,0.0015519917227108122,0.00023894285034607572,0.0
MERS-CoV,5,0,0.0012933264355923435,0.00023891249691993308,0.0
Middle East respiratory syndrome,15,0,0.0038799793067770304,0.00023890393242689654,0.0
Hand washing,12,0,0.0031039834454216243,0.00023887842088322864,0.0
Little Mix,2,0,0.0005173305742369374,0.00023877843299318575,0.0
Clinical depression,2,0,0.0005173305742369374,0.00023877843299318575,0.0
Sarcoidosis,5,0,0.0012933264355923435,0.0002387619980325999,0.0
Asymptomatic,12,0,0.0031039834454216243,0.00023875547916795588,0.0
Epstein–Barr virus,5,0,0.0012933264355923435,0.00023873130327190612,0.0
Infectious Diseases Society of America,7,0,0.0018106570098292809,0.0002387013635897139,0.0
Mink,6,0,0.0015519917227108122,0.00023865879559586958,0.0
Anemia,3,0,0.0007759958613554061,0.00023863846456208542,0.0
Ancient Greek,3,0,0.0007759958613554061,0.00023860655104413446,0.0
Bronchiolitis,6,0,0.0015519917227108122,0.00023856668928122368,0.0
Confidence interval,14,0,0.0036213140196585617,0.00023855506124536077,0.0
Symptom,7,0,0.0018106570098292809,0.0002385112055847049,0.0
Muscle atrophy,3,0,0.0007759958613554061,0.00023850934857316683,0.0
Cushing's syndrome,2,0,0.0005173305742369374,0.00023850714122152503,0.0
Amiodarone,2,0,0.0005173305742369374,0.00023850714122152503,0.0
Aspirin,4,0,0.0010346611484738748,0.00023843618865180597,0.0
Visual hallucination,2,0,0.0005173305742369374,0.00023842912698152652,0.0
Sight,2,0,0.0005173305742369374,0.00023842912698152652,0.0
Spatial hearing loss,2,0,0.0005173305742369374,0.00023842912698152652,0.0
Presyncope,2,0,0.0005173305742369374,0.00023842912698152652,0.0
Phantosmia,2,0,0.0005173305742369374,0.00023842912698152652,0.0
Scotoma,2,0,0.0005173305742369374,0.00023842912698152652,0.0
Retrograde amnesia,2,0,0.0005173305742369374,0.00023842912698152652,0.0
Nyctalopia,2,0,0.0005173305742369374,0.00023842912698152652,0.0
Lilliputian hallucination,2,0,0.0005173305742369374,0.00023842912698152652,0.0
Olfaction,2,0,0.0005173305742369374,0.00023842912698152652,0.0
Diplopia,2,0,0.0005173305742369374,0.00023842912698152652,0.0
Tactile hallucination,2,0,0.0005173305742369374,0.00023842912698152652,0.0
Synesthesia,2,0,0.0005173305742369374,0.00023842912698152652,0.0
Suicidal ideation,2,0,0.0005173305742369374,0.00023842912698152652,0.0
Verbosity,2,0,0.0005173305742369374,0.00023842912698152652,0.0
Hypergeusia,2,0,0.0005173305742369374,0.00023842912698152652,0.0
Hyperosmia,2,0,0.0005173305742369374,0.00023842912698152652,0.0
Delusion,2,0,0.0005173305742369374,0.00023842912698152652,0.0
Behaviour,2,0,0.0005173305742369374,0.00023842912698152652,0.0
Lightheadedness,2,0,0.0005173305742369374,0.00023842912698152652,0.0
Convulsion,2,0,0.0005173305742369374,0.00023842912698152652,0.0
Blindness,2,0,0.0005173305742369374,0.00023842912698152652,0.0
Colorblindness,2,0,0.0005173305742369374,0.00023842912698152652,0.0
Anger,2,0,0.0005173305742369374,0.00023842912698152652,0.0
Anterograde amnesia,2,0,0.0005173305742369374,0.00023842912698152652,0.0
Dysosmia,2,0,0.0005173305742369374,0.00023842912698152652,0.0
Disequilibrium (medicine),2,0,0.0005173305742369374,0.00023842912698152652,0.0
Hallucination,2,0,0.0005173305742369374,0.00023842912698152652,0.0
Fear,2,0,0.0005173305742369374,0.00023842912698152652,0.0
Emotion,2,0,0.0005173305742369374,0.00023842912698152652,0.0
Hearing,2,0,0.0005173305742369374,0.00023842912698152652,0.0
Behavior,2,0,0.0005173305742369374,0.00023842912698152652,0.0
Auditory hallucination,2,0,0.0005173305742369374,0.00023842912698152652,0.0
Hostility,2,0,0.0005173305742369374,0.00023842912698152652,0.0
Gastrointestinal disease,2,0,0.0005173305742369374,0.00023841396674826806,0.0
Influenza B,3,0,0.0007759958613554061,0.00023840748878709895,0.0
Organ (anatomy),2,0,0.0005173305742369374,0.00023829118644363195,0.0
Liver function tests,2,0,0.0005173305742369374,0.00023829118644363195,0.0
Rhinitis,4,0,0.0010346611484738748,0.0002382225717360248,0.0
Cystic fibrosis,5,0,0.0012933264355923435,0.00023821874277913714,0.0
Cytomegalovirus,5,0,0.0012933264355923435,0.00023821512594840915,0.0
Public Health Emergency of International Concern,12,0,0.0031039834454216243,0.0002381856414663809,0.0
OECD,4,0,0.0010346611484738748,0.0002381471852111881,0.0
Headache,5,0,0.0012933264355923435,0.00023814027568154735,0.0
Deborah Birx,10,1348,0.35126745990688046,0.0002381051285137542,2.5365903152981763e-08
Proofreading (biology),2,0,0.0005173305742369374,0.00023810368659211168,0.0
Multiple organ dysfunction syndrome,4,0,0.0010346611484738748,0.00023806168666610256,0.0
D-dimer,4,0,0.0010346611484738748,0.00023805662634548866,0.0
Monocyte,3,0,0.0007759958613554061,0.0002380524152294924,0.0
Miscarriage,3,0,0.0007759958613554061,0.00023804358170787768,0.0
Mink farm,3,0,0.0007759958613554061,0.00023803833260125945,0.0
Pathogen,11,0,0.0028453181583031556,0.00023802993195422783,0.0
Nasopharyngeal swab,9,0,0.0023279875840662182,0.00023799961518537234,0.0
Epiglottis,3,0,0.0007759958613554061,0.00023796936449359257,0.0
National Institute of Virology,2,1351,0.34997413347128814,0.00023796636658714426,0.0
Doxycycline,4,0,0.0010346611484738748,0.00023795770729548375,0.0
Streptococcus pyogenes,2,0,0.0005173305742369374,0.00023794965354065158,0.0
Pleural effusion,4,0,0.0010346611484738748,0.0002379400361925472,0.0
Allergies,2,0,0.0005173305742369374,0.00023793495095459965,0.0
Pandemic fatigue,10,0,0.002586652871184687,0.0002379257362405673,0.0
Huanan Seafood Wholesale Market,9,0,0.0023279875840662182,0.00023791603787750256,0.0
"Coronavirus Preparedness and Response Supplemental Appropriations Act, 2020",9,1335,0.3476461458872219,0.00023790151781577507,0.0
Lymphopenia,3,0,0.0007759958613554061,0.00023788632077324546,0.0
Procalcitonin,3,0,0.0007759958613554061,0.00023786325155644074,0.0
Gram-negative bacteria,2,0,0.0005173305742369374,0.00023785534903122203,0.0
Disease cluster,14,0,0.0036213140196585617,0.00023781457075670824,0.0
Pandemic prevention,9,0,0.0023279875840662182,0.00023781141428237277,0.0
Economy of the United Kingdom,2,0,0.0005173305742369374,0.00023780053758464328,0.0
Key worker,3,1327,0.3440248318675634,0.0002377877890042162,0.0
Cyclic adenosine monophosphate,2,0,0.0005173305742369374,0.00023777733479122352,0.0
Bevacizumab,3,0,0.0007759958613554061,0.00023776536682950937,0.0
Cortisol,2,0,0.0005173305742369374,0.00023776263856583636,0.0
Addison's disease,2,0,0.0005173305742369374,0.00023776263856583636,0.0
Ciprofloxacin,2,0,0.0005173305742369374,0.00023776263856583636,0.0
Middle East respiratory syndrome-related coronavirus,9,0,0.0023279875840662182,0.00023775918098882455,0.0
Breastfeeding,3,0,0.0007759958613554061,0.00023774397161279402,0.0
Adenoviridae,7,0,0.0018106570098292809,0.00023772152377426453,0.0
Risk factor,3,0,0.0007759958613554061,0.0002377032427944482,0.0
Pox party,13,1356,0.35411277806518365,0.00023770237178495868,7.867277168248779e-06
Death,2,0,0.0005173305742369374,0.0002376892545749751,0.0
Leukocytosis,2,0,0.0005173305742369374,0.0002376892545749751,0.0
Myocardium,2,0,0.0005173305742369374,0.0002376892545749751,0.0
Visual perception,2,0,0.0005173305742369374,0.00023768462432583782,0.0
CiteSeerX (identifier),3,0,0.0007759958613554061,0.00023768017795441836,0.0
Anorexia (symptom),4,0,0.0010346611484738748,0.0002376593712182952,0.0
Pulmonary embolism,5,0,0.0012933264355923435,0.00023761800816781046,0.0
Candidiasis,2,0,0.0005173305742369374,0.0002375895434871437,0.0
Chlorhexidine gluconate,2,0,0.0005173305742369374,0.0002375895434871437,0.0
Testosterone,2,0,0.0005173305742369374,0.0002375895434871437,0.0
Aspergillosis,2,0,0.0005173305742369374,0.0002375895434871437,0.0
Glucocorticoid,2,0,0.0005173305742369374,0.0002375895434871437,0.0
Hydrogen peroxide,2,0,0.0005173305742369374,0.0002375895434871437,0.0
Mucormycosis,2,0,0.0005173305742369374,0.0002375895434871437,0.0
1918 flu pandemic,5,0,0.0012933264355923435,0.00023757717613325243,0.0
Clindamycin,2,0,0.0005173305742369374,0.00023756647427033902,0.0
Erythromycin,2,0,0.0005173305742369374,0.00023756647427033902,0.0
Complication (medicine),4,0,0.0010346611484738748,0.00023755966013046384,0.0
Antibiotics,3,0,0.0007759958613554061,0.00023753438356201735,0.0
Loratadine,2,0,0.0005173305742369374,0.00023752924581298254,0.0
Epidemic curve,8,0,0.0020693222969477496,0.0002375291411883082,0.0
COVID-19 naming,3,39,0.010863942058975685,0.0002375142508610984,6.365409571919774e-06
Arthritis,2,0,0.0005173305742369374,0.00023747880030085462,0.0
Cytokine release syndrome,3,0,0.0007759958613554061,0.00023747601079440517,0.0
Muscle pain,4,0,0.0010346611484738748,0.00023745871377239673,0.0
Neurology,2,0,0.0005173305742369374,0.000237451231572984,0.0
Infectious mononucleosis,5,0,0.0012933264355923435,0.00023742429038377383,0.0
Genome,11,0,0.0028453181583031556,0.0002374030090419022,0.0
Nasal congestion,4,0,0.0010346611484738748,0.00023739356567421688,0.0
Guangdong,12,0,0.0031039834454216243,0.0002373932118004176,0.0
Masitinib,2,0,0.0005173305742369374,0.00023737897441881872,0.0
BioNTech,12,0,0.0031039834454216243,0.00023736028311372546,0.0
Caixin,7,0,0.0018106570098292809,0.0002373406822200437,0.0
Shenzhen,11,0,0.0028453181583031556,0.00023732232124386207,0.0
Lactate dehydrogenase,2,0,0.0005173305742369374,0.00023730570522216196,0.0
Epithelium,2,0,0.0005173305742369374,0.00023730570522216196,0.0
Ferritin,2,0,0.0005173305742369374,0.00023730570522216196,0.0
Systemic inflammatory response syndrome,2,0,0.0005173305742369374,0.00023730570522216196,0.0
Influenza-like illness,5,0,0.0012933264355923435,0.00023729186416119298,0.0
Rwanda,11,0,0.0028453181583031556,0.00023729131531509057,0.0
Parainfluenza virus,2,0,0.0005173305742369374,0.00023728263600535725,0.0
H5N1,2,0,0.0005173305742369374,0.00023728263600535725,0.0
Hantavirus,2,0,0.0005173305742369374,0.00023728263600535725,0.0
Hand sanitiser,6,0,0.0015519917227108122,0.00023728145450422106,0.0
Pharyngitis,4,0,0.0010346611484738748,0.0002372707853695808,0.0
Acute bronchitis,4,0,0.0010346611484738748,0.0002372707853695808,0.0
Elsevier,4,0,0.0010346611484738748,0.00023724067573513584,0.0
Granulomatosis with polyangiitis,3,0,0.0007759958613554061,0.0002372285809191981,0.0
Bell's palsy,2,0,0.0005173305742369374,0.0002372133712329663,0.0
Contagious disease,5,0,0.0012933264355923435,0.0002371934642682526,0.0
Chronic atrophic rhinitis,3,0,0.0007759958613554061,0.00023718897609456143,0.0
Human nose,3,0,0.0007759958613554061,0.00023718897609456143,0.0
Nasal polyp,3,0,0.0007759958613554061,0.00023718897609456143,0.0
Aspirin-exacerbated respiratory disease,3,0,0.0007759958613554061,0.00023718897609456143,0.0
Avian influenza,4,0,0.0010346611484738748,0.00023718566207359682,0.0
Bacteria,3,0,0.0007759958613554061,0.00023715941199099305,0.0
Zhejiang,12,0,0.0031039834454216243,0.00023714397907191847,0.0
Xenophobia,6,0,0.0015519917227108122,0.00023714200015579964,0.0
Chest pain,4,0,0.0010346611484738748,0.00023713710370455837,0.0
Coalition for Epidemic Preparedness Innovations,7,1363,0.3543714433523021,0.00023713380990512161,1.5197651814321031e-06
Wiley (publisher),5,0,0.0012933264355923435,0.00023710531972635893,0.0
Painting for Saints,1,91,0.02379720641489912,0.00023709204679405816,0.0
Myasthenia gravis,3,0,0.0007759958613554061,0.00023708413725096394,0.0
Human coronavirus HKU1,5,0,0.0012933264355923435,0.000237081204504901,0.0
Weakness,3,0,0.0007759958613554061,0.00023707875566721172,0.0
ArcGIS,5,0,0.0012933264355923435,0.0002370779693650841,0.0
Otorhinolaryngology,2,0,0.0005173305742369374,0.00023707654831556994,0.0
"If You Don't Mask, You Don't Get",1,90,0.02353854112778065,0.0002370676576703719,0.0
Botswana,10,0,0.002586652871184687,0.00023705540799553478,0.0
Muscle weakness,3,0,0.0007759958613554061,0.00023705119330000586,0.0
Breathing difficulties,3,0,0.0007759958613554061,0.00023703810698330578,0.0
Sweetness,1,0,0.0002586652871184687,0.00023703062478389308,0.0
Tongue,1,0,0.0002586652871184687,0.00023703062478389308,0.0
Tonsillectomy,1,0,0.0002586652871184687,0.00023703062478389308,0.0
Otolaryngologist,1,0,0.0002586652871184687,0.00023703062478389308,0.0
Tongue map,1,0,0.0002586652871184687,0.00023703062478389308,0.0
Sense,1,0,0.0002586652871184687,0.00023703062478389308,0.0
Soft palate,1,0,0.0002586652871184687,0.00023703062478389308,0.0
Sialadenitis,1,0,0.0002586652871184687,0.00023703062478389308,0.0
Umami,1,0,0.0002586652871184687,0.00023703062478389308,0.0
Xerostomia,1,0,0.0002586652871184687,0.00023703062478389308,0.0
Electrogustometry,1,0,0.0002586652871184687,0.00023703062478389308,0.0
Cyclic guanosine monophosphate,1,0,0.0002586652871184687,0.00023703062478389308,0.0
Acquired taste,1,0,0.0002586652871184687,0.00023703062478389308,0.0
Aftertaste,1,0,0.0002586652871184687,0.00023703062478389308,0.0
Bitter (taste),1,0,0.0002586652871184687,0.00023703062478389308,0.0
Burning mouth syndrome,1,0,0.0002586652871184687,0.00023703062478389308,0.0
Radiation therapy,1,0,0.0002586652871184687,0.00023703062478389308,0.0
Salivary gland,1,0,0.0002586652871184687,0.00023703062478389308,0.0
Saltiness,1,0,0.0002586652871184687,0.00023703062478389308,0.0
Human pharynx,1,0,0.0002586652871184687,0.00023703062478389308,0.0
Scoville scale,1,0,0.0002586652871184687,0.00023703062478389308,0.0
Glucose,1,0,0.0002586652871184687,0.00023703062478389308,0.0
Olfactory,1,0,0.0002586652871184687,0.00023703062478389308,0.0
Pungency,1,0,0.0002586652871184687,0.00023703062478389308,0.0
Sourness,1,0,0.0002586652871184687,0.00023703062478389308,0.0
Somatosensory system,1,0,0.0002586652871184687,0.00023703062478389308,0.0
Supertaster,1,0,0.0002586652871184687,0.00023703062478389308,0.0
Cough,4,244,0.06414899120538023,0.00023702508898995625,0.0039646092272307325
Incubation period,7,0,0.0018106570098292809,0.00023702210672444147,0.0
SARS-related coronavirus,5,0,0.0012933264355923435,0.0002370183345511083,0.0
Tobacco smoking,4,0,0.0010346611484738748,0.00023701032420125843,0.0
Innate immune system,2,0,0.0005173305742369374,0.0002370060508437825,0.0
Meningitis,2,0,0.0005173305742369374,0.00023699694639219232,0.0
Contagion (2011 film),5,0,0.0012933264355923435,0.0002369959356066419,0.0
Interleukin 8,2,0,0.0005173305742369374,0.00023699510633115305,0.0
N95 respirator,9,0,0.0023279875840662182,0.00023699473826984034,0.0
Rhinovirus,4,0,0.0010346611484738748,0.00023699044070088208,0.0
Clouding of consciousness,4,0,0.0010346611484738748,0.00023698786053259977,0.0
Influenza vaccine,10,0,0.002586652871184687,0.00023698472418032777,0.0
Aerosol,5,0,0.0012933264355923435,0.00023698119862206166,0.0
Syndrome,2,0,0.0005173305742369374,0.00023697913024349604,0.0
Cognitive dysfunction,3,0,0.0007759958613554061,0.0002369778093091446,0.0
Reverse transcription polymerase chain reaction,9,0,0.0023279875840662182,0.00023697292958488079,0.0
Viral disease,6,0,0.0015519917227108122,0.00023695694289033818,0.0
Herpes simplex virus,5,0,0.0012933264355923435,0.00023695458237763117,0.0
Hypoxemia,5,0,0.0012933264355923435,0.00023695192906859541,0.0
Pangolin,6,0,0.0015519917227108122,0.00023694500263250366,0.0
Human coronavirus OC43,4,0,0.0010346611484738748,0.00023690497223891014,0.0
Hypothyroidism,2,0,0.0005173305742369374,0.00023690423592680665,0.0
Kidney disease,2,0,0.0005173305742369374,0.00023690423592680665,0.0
Medical diagnosis,5,0,0.0012933264355923435,0.00023689290857078132,0.0
Open-source ventilator,9,0,0.0023279875840662182,0.00023686897681169118,0.0
Pulmonology,6,0,0.0015519917227108122,0.0002368384992521418,0.0
Night sweats,3,0,0.0007759958613554061,0.00023683305928758714,0.0
Chemesthesis,2,0,0.0005173305742369374,0.00023683085193594537,0.0
Carbonic anhydrase 12,1,0,0.0002586652871184687,0.00023682480075890984,0.0
Cardiovascular,1,0,0.0002586652871184687,0.00023682480075890984,0.0
ENTPD2,1,0,0.0002586652871184687,0.00023682480075890984,0.0
Inflammatory response,1,0,0.0002586652871184687,0.00023682480075890984,0.0
Interleukin-6,1,0,0.0002586652871184687,0.00023682480075890984,0.0
Karolinska University Hospital,1,0,0.0002586652871184687,0.00023682480075890984,0.0
Animal study,1,0,0.0002586652871184687,0.00023682480075890984,0.0
Aspartate aminotransferase,1,0,0.0002586652871184687,0.00023682480075890984,0.0
Arterial,1,0,0.0002586652871184687,0.00023682480075890984,0.0
CDCP1,1,0,0.0002586652871184687,0.00023682480075890984,0.0
Adenosine deaminase,1,0,0.0002586652871184687,0.00023682480075890984,0.0
Alveolar macrophage,1,0,0.0002586652871184687,0.00023682480075890984,0.0
Autopsy,1,0,0.0002586652871184687,0.00023682480075890984,0.0
Creatinine,1,0,0.0002586652871184687,0.00023682480075890984,0.0
Chemokines,1,0,0.0002586652871184687,0.00023682480075890984,0.0
CAPG,1,0,0.0002586652871184687,0.00023682480075890984,0.0
CXCL9,1,0,0.0002586652871184687,0.00023682480075890984,0.0
PD-L1,1,0,0.0002586652871184687,0.00023682480075890984,0.0
Postmortem examination,1,0,0.0002586652871184687,0.00023682480075890984,0.0
Parexel,1,0,0.0002586652871184687,0.00023682480075890984,0.0
STX8,1,0,0.0002586652871184687,0.00023682480075890984,0.0
Neutrophils,1,0,0.0002586652871184687,0.00023682480075890984,0.0
Nicotinamide,1,0,0.0002586652871184687,0.00023682480075890984,0.0
Medical literature,1,0,0.0002586652871184687,0.00023682480075890984,0.0
PTN (gene),1,0,0.0002586652871184687,0.00023682480075890984,0.0
Prognosis,1,0,0.0002586652871184687,0.00023682480075890984,0.0
STAT1,1,0,0.0002586652871184687,0.00023682480075890984,0.0
Theralizumab,1,0,0.0002586652871184687,0.00023682480075890984,0.0
Magnesium,1,0,0.0002586652871184687,0.00023682480075890984,0.0
Vitamin B3,1,0,0.0002586652871184687,0.00023682480075890984,0.0
Viremia,1,0,0.0002586652871184687,0.00023682480075890984,0.0
VEGFA,1,0,0.0002586652871184687,0.00023682480075890984,0.0
Etiologies,1,0,0.0002586652871184687,0.00023682480075890984,0.0
LRP1,1,0,0.0002586652871184687,0.00023682480075890984,0.0
Macrophage activation syndrome,1,0,0.0002586652871184687,0.00023682480075890984,0.0
Vascular permeability,1,0,0.0002586652871184687,0.00023682480075890984,0.0
Hemophagocytic lymphohistiocytosis,1,0,0.0002586652871184687,0.00023682480075890984,0.0
Graft vs. host disease,1,0,0.0002586652871184687,0.00023682480075890984,0.0
DPP6,1,0,0.0002586652871184687,0.00023682480075890984,0.0
EDIL3,1,0,0.0002586652871184687,0.00023682480075890984,0.0
Idiopathic,1,0,0.0002586652871184687,0.00023682480075890984,0.0
Fulminant,1,0,0.0002586652871184687,0.00023682480075890984,0.0
Graft-versus-host disease,1,0,0.0002586652871184687,0.00023682480075890984,0.0
Healthy diet,4,0,0.0010346611484738748,0.0002368104550186095,0.0
Chunyun,4,0,0.0010346611484738748,0.00023680816909045605,0.0
Springer Nature,4,0,0.0010346611484738748,0.0002368071370092125,0.0
Blood pressure,3,0,0.0007759958613554061,0.0002367909353067324,0.0
Interstitial lung disease,4,0,0.0010346611484738748,0.0002367870913998792,0.0
Non-invasive ventilation,4,0,0.0010346611484738748,0.00023678566403656406,0.0
Natural reservoir,5,0,0.0012933264355923435,0.00023675960021002303,0.0
2020 Danish mink cull,4,0,0.0010346611484738748,0.00023675848944050288,0.0
Health equity,4,0,0.0010346611484738748,0.00023675015734444832,0.0
Acute (medicine),3,0,0.0007759958613554061,0.00023673956613227214,0.0
Zoom fatigue,3,0,0.0007759958613554061,0.0002367368466450421,0.0
Air pollution,7,0,0.0018106570098292809,0.00023673510730437805,0.0
Olfactory receptor neuron,2,0,0.0005173305742369374,0.000236731140848114,0.0
Gene therapy,2,0,0.0005173305742369374,0.000236731140848114,0.0
Human coronavirus 229E,3,0,0.0007759958613554061,0.0002367278268271494,0.0
Appendicitis,2,0,0.0005173305742369374,0.0002367232969763006,0.0
Hemoptysis,3,0,0.0007759958613554061,0.00023671649691546742,0.0
Liver disease,2,0,0.0005173305742369374,0.00023670807163130928,0.0
Infectious disease (medical specialty),4,0,0.0010346611484738748,0.00023670502320207032,0.0
Infection fatality rate,3,0,0.0007759958613554061,0.00023668912595922807,0.0
Booster dose,8,0,0.0020693222969477496,0.00023666851930893905,0.0
Serology,6,0,0.0015519917227108122,0.00023666037823463532,0.0
Kawasaki disease,3,0,0.0007759958613554061,0.0002366599642088945,0.0
Nucleic acid test,3,0,0.0007759958613554061,0.00023663553397454613,0.0
Airborne transmission,3,0,0.0007759958613554061,0.00023663498877467729,0.0
Provinces of China,3,0,0.0007759958613554061,0.00023663429835199477,0.0
NSAID,3,0,0.0007759958613554061,0.0002366333147745879,0.0
Coronavirus diseases,3,0,0.0007759958613554061,0.00023663268443465594,0.0
Learning,2,0,0.0005173305742369374,0.00023663058651091494,0.0
Symptomatic treatment,3,0,0.0007759958613554061,0.00023662779700446546,0.0
Diabetes mellitus,4,0,0.0010346611484738748,0.00023662270102833754,0.0
Acute exacerbation of chronic obstructive pulmonary disease,3,0,0.0007759958613554061,0.00023661678582763602,0.0
Pleurisy,3,0,0.0007759958613554061,0.00023661678582763602,0.0
Pneumoconiosis,3,0,0.0007759958613554061,0.00023661678582763602,0.0
Bronchoalveolar lavage,3,0,0.0007759958613554061,0.00023661678582763602,0.0
Bronchiectasis,3,0,0.0007759958613554061,0.00023661678582763602,0.0
Pulmonary edema,3,0,0.0007759958613554061,0.00023661678582763602,0.0
Bronchitis,3,0,0.0007759958613554061,0.00023661678582763602,0.0
Deep vein thrombosis,3,0,0.0007759958613554061,0.00023659966653473332,0.0
Florence,3,0,0.0007759958613554061,0.00023659951370936835,0.0
Hepatitis E,7,0,0.0018106570098292809,0.00023658546167838897,0.0
Encephalitis,6,0,0.0015519917227108122,0.0002365685546338424,0.0
Sequela,3,0,0.0007759958613554061,0.00023656503305587303,0.0
Respiratory droplet,6,0,0.0015519917227108122,0.0002365602223875791,0.0
BA.5,2,0,0.0005173305742369374,0.00023655720252005366,0.0
Nasal mucosa,2,0,0.0005173305742369374,0.00023654327092760953,0.0
Bacterial pneumonia,3,0,0.0007759958613554061,0.0002365371839042584,0.0
"U.S. Deaths Near 100,000, An Incalculable Loss",9,131,0.036213140196585614,0.00023651761213103962,0.0
CT scan,6,0,0.0015519917227108122,0.00023651644584939173,0.0
RNA,8,0,0.0020693222969477496,0.00023650971883135507,0.0
Sneeze,3,0,0.0007759958613554061,0.00023650954300233627,0.0
Severe acute respiratory syndrome–related coronavirus,7,0,0.0018106570098292809,0.00023649154220775894,0.0
Smoking cessation,4,0,0.0010346611484738748,0.00023648884495077114,0.0
Varicella zoster virus,4,0,0.0010346611484738748,0.00023648672257084758,0.0
SNOMED CT,4,0,0.0010346611484738748,0.00023648141608094604,0.0
Differential diagnosis,3,0,0.0007759958613554061,0.00023647688623009723,0.0
National COVID-19 Clinical Evidence Taskforce,2,0,0.0005173305742369374,0.00023645749143222228,0.0
Fluid replacement,2,0,0.0005173305742369374,0.00023645749143222228,0.0
BMJ (company),2,0,0.0005173305742369374,0.00023645749143222228,0.0
Social stigma,2,0,0.0005173305742369374,0.00023645749143222228,0.0
Oxygen support,2,0,0.0005173305742369374,0.00023645749143222228,0.0
JAMA (journal),2,0,0.0005173305742369374,0.00023645749143222228,0.0
Supportive care,2,0,0.0005173305742369374,0.00023645749143222228,0.0
Noninvasive ventilation,2,0,0.0005173305742369374,0.00023645749143222228,0.0
Positive-sense single-stranded RNA virus,3,0,0.0007759958613554061,0.0002364465319616189,0.0
Zinc deficiency,2,0,0.0005173305742369374,0.00023644185981228498,0.0
ECDC,5,0,0.0012933264355923435,0.0002364347127992555,0.0
Sickness behavior,3,0,0.0007759958613554061,0.00023643369382137633,0.0
Temperature,3,0,0.0007759958613554061,0.00023642994107895865,0.0
Latin,2,0,0.0005173305742369374,0.00023642475612526694,0.0
Variant of concern,3,0,0.0007759958613554061,0.00023642406777565802,0.0
Medscape,2,0,0.0005173305742369374,0.00023642340777636664,0.0
Alpha blocker,2,0,0.0005173305742369374,0.00023640135020781797,0.0
Paid sick leave,2,0,0.0005173305742369374,0.00023639719375806112,0.0
Cohort study,2,0,0.0005173305742369374,0.00023639719375806112,0.0
Ibuprofen,4,0,0.0010346611484738748,0.0002363888800893269,0.0
ICD-11,3,0,0.0007759958613554061,0.00023638417576471156,0.0
Bat,8,0,0.0020693222969477496,0.00023637909244469217,0.0
Pulmonary fibrosis,3,0,0.0007759958613554061,0.00023637108944801147,0.0
Lung,3,0,0.0007759958613554061,0.0002363627382596593,0.0
Severe acute respiratory syndrome coronavirus 1,6,0,0.0015519917227108122,0.0002363582181735903,0.0
Immune response,6,0,0.0015519917227108122,0.0002363459649946276,0.0
Hypoxia (medical),3,0,0.0007759958613554061,0.000236333860990655,0.0
Cold medicine,2,0,0.0005173305742369374,0.00023633204565988127,0.0
Mast cell activation syndrome,2,0,0.0005173305742369374,0.00023633204565988127,0.0
Sleep apnea,2,0,0.0005173305742369374,0.00023633204565988127,0.0
Respiratory disease,5,0,0.0012933264355923435,0.0002363198488345931,0.0
Microorganism,3,0,0.0007759958613554061,0.0002363157826885412,0.0
Huanan Seafood Market,6,0,0.0015519917227108122,0.00023629995264909628,0.0
Varicella vaccine,6,0,0.0015519917227108122,0.00023629205706665713,0.0
Measles vaccine,6,0,0.0015519917227108122,0.00023629205706665713,0.0
Pneumococcal conjugate vaccine,6,0,0.0015519917227108122,0.00023629205706665713,0.0
Pertussis vaccine,6,0,0.0015519917227108122,0.00023629205706665713,0.0
Pneumococcal polysaccharide vaccine,6,0,0.0015519917227108122,0.00023629205706665713,0.0
PeerJ,4,0,0.0010346611484738748,0.00023628171217317007,0.0
Immunity (medical),6,0,0.0015519917227108122,0.0002362799890624406,0.0
Critical thinking,4,0,0.0010346611484738748,0.00023627288230827951,0.0
Phagocytosis,3,0,0.0007759958613554061,0.00023626059874268368,0.0
Macrophage,3,0,0.0007759958613554061,0.00023625855758011854,0.0
Drug-induced hyperthermia,2,0,0.0005173305742369374,0.00023625244373650365,0.0
Fever of unknown origin,2,0,0.0005173305742369374,0.00023625244373650365,0.0
Sleepiness,2,0,0.0005173305742369374,0.00023625244373650365,0.0
Metabolic disorder,2,0,0.0005173305742369374,0.00023625244373650365,0.0
Pain,2,0,0.0005173305742369374,0.00023625244373650365,0.0
Polydipsia,2,0,0.0005173305742369374,0.00023625244373650365,0.0
Lymphoma,2,0,0.0005173305742369374,0.00023625244373650365,0.0
Constitutional symptoms,2,0,0.0005173305742369374,0.00023625244373650365,0.0
Polyphagia,2,0,0.0005173305742369374,0.00023625244373650365,0.0
Postoperative fever,2,0,0.0005173305742369374,0.00023625244373650365,0.0
Hypothermia,2,0,0.0005173305742369374,0.00023625244373650365,0.0
Hyperthermia,2,0,0.0005173305742369374,0.00023625244373650365,0.0
Hyperhidrosis,2,0,0.0005173305742369374,0.00023625244373650365,0.0
Tenderness (medicine),2,0,0.0005173305742369374,0.00023625244373650365,0.0
Cancer pain,2,0,0.0005173305742369374,0.00023625244373650365,0.0
Anorexia,2,0,0.0005173305742369374,0.00023625244373650365,0.0
Leukemia,2,0,0.0005173305742369374,0.00023625244373650365,0.0
Lethargy,2,0,0.0005173305742369374,0.00023625244373650365,0.0
Atrophy,2,0,0.0005173305742369374,0.00023625244373650365,0.0
Cachexia,2,0,0.0005173305742369374,0.00023625244373650365,0.0
Chronic pain,2,0,0.0005173305742369374,0.00023625244373650365,0.0
Chills,2,0,0.0005173305742369374,0.00023625244373650365,0.0
Turbinate,1,0,0.0002586652871184687,0.00023625023638486188,0.0
Simon Tatham,1,0,0.0002586652871184687,0.00023625023638486188,0.0
Sella turcica,1,0,0.0002586652871184687,0.00023625023638486188,0.0
Smell of freshly cut grass,1,0,0.0002586652871184687,0.00023625023638486188,0.0
Acquired brain injury,1,0,0.0002586652871184687,0.00023625023638486188,0.0
Congenital anosmia,1,0,0.0002586652871184687,0.00023625023638486188,0.0
Cranial nerves,1,0,0.0002586652871184687,0.00023625023638486188,0.0
Dementia with Lewy bodies,1,0,0.0002586652871184687,0.00023625023638486188,0.0
Congenital,1,0,0.0002586652871184687,0.00023625023638486188,0.0
Cadmium poisoning,1,0,0.0002586652871184687,0.00023625023638486188,0.0
Cerebral aneurysm,1,0,0.0002586652871184687,0.00023625023638486188,0.0
Ciliopathy,1,0,0.0002586652871184687,0.00023625023638486188,0.0
Bill Pullman,1,0,0.0002586652871184687,0.00023625023638486188,0.0
Ben Cohen (businessman),1,0,0.0002586652871184687,0.00023625023638486188,0.0
Schizophrenia,1,0,0.0002586652871184687,0.00023625023638486188,0.0
Cadmium,1,0,0.0002586652871184687,0.00023625023638486188,0.0
Primary amoebic meningoencephalitis,1,0,0.0002586652871184687,0.00023625023638486188,0.0
Primary ciliary dyskinesia,1,0,0.0002586652871184687,0.00023625023638486188,0.0
Recreational drug use,1,0,0.0002586652871184687,0.00023625023638486188,0.0
Refsum's disease,1,0,0.0002586652871184687,0.00023625023638486188,0.0
Paranasal sinus,1,0,0.0002586652871184687,0.00023625023638486188,0.0
Paget's disease of bone,1,0,0.0002586652871184687,0.00023625023638486188,0.0
Olfactory system,1,0,0.0002586652871184687,0.00023625023638486188,0.0
Anosmia Awareness Day,1,0,0.0002586652871184687,0.00023625023638486188,0.0
Practical Neurology,1,0,0.0002586652871184687,0.00023625023638486188,0.0
Post-perfusion syndrome,1,0,0.0002586652871184687,0.00023625023638486188,0.0
Perrie Edwards,1,0,0.0002586652871184687,0.00023625023638486188,0.0
Pernicious anemia,1,0,0.0002586652871184687,0.00023625023638486188,0.0
Bell's Palsy,1,0,0.0002586652871184687,0.00023625023638486188,0.0
Tumors,1,0,0.0002586652871184687,0.00023625023638486188,0.0
Tracheostomy,1,0,0.0002586652871184687,0.00023625023638486188,0.0
Temporal lobe,1,0,0.0002586652871184687,0.00023625023638486188,0.0
William Wordsworth,1,0,0.0002586652871184687,0.00023625023638486188,0.0
Ventricular tachycardia,1,0,0.0002586652871184687,0.00023625023638486188,0.0
Zicam,1,0,0.0002586652871184687,0.00023625023638486188,0.0
Acrylate,1,0,0.0002586652871184687,0.00023625023638486188,0.0
Olfactory memory,1,0,0.0002586652871184687,0.00023625023638486188,0.0
Olfactory fatigue,1,0,0.0002586652871184687,0.00023625023638486188,0.0
Odor,1,0,0.0002586652871184687,0.00023625023638486188,0.0
Neurotropic virus,1,0,0.0002586652871184687,0.00023625023638486188,0.0
Neurosyphilis,1,0,0.0002586652871184687,0.00023625023638486188,0.0
Neurodegenerative disease,1,0,0.0002586652871184687,0.00023625023638486188,0.0
Neo-Latin,1,0,0.0002586652871184687,0.00023625023638486188,0.0
Nasal polyps,1,0,0.0002586652871184687,0.00023625023638486188,0.0
Nasal passage,1,0,0.0002586652871184687,0.00023625023638486188,0.0
Hypoglycaemia,1,0,0.0002586652871184687,0.00023625023638486188,0.0
Hypogonadotropic hypogonadism,1,0,0.0002586652871184687,0.00023625023638486188,0.0
Hydrogen sulfide,1,0,0.0002586652871184687,0.00023625023638486188,0.0
Methacrylate,1,0,0.0002586652871184687,0.00023625023638486188,0.0
Hayfever,1,0,0.0002586652871184687,0.00023625023638486188,0.0
Head injury,1,0,0.0002586652871184687,0.00023625023638486188,0.0
Esthesioneuroblastoma,1,0,0.0002586652871184687,0.00023625023638486188,0.0
Insufflation (medicine),1,0,0.0002586652871184687,0.00023625023638486188,0.0
Idiopathic intracranial hypertension,1,0,0.0002586652871184687,0.00023625023638486188,0.0
IFT88,1,0,0.0002586652871184687,0.00023625023638486188,0.0
Glucocorticoids,1,0,0.0002586652871184687,0.00023625023638486188,0.0
Ethmoid bone,1,0,0.0002586652871184687,0.00023625023638486188,0.0
Foster Kennedy syndrome,1,0,0.0002586652871184687,0.00023625023638486188,0.0
Frontal lobe,1,0,0.0002586652871184687,0.00023625023638486188,0.0
Gas leak,1,0,0.0002586652871184687,0.00023625023638486188,0.0
Olfactory nerve,1,0,0.0002586652871184687,0.00023625023638486188,0.0
Libido,1,0,0.0002586652871184687,0.00023625023638486188,0.0
Lorenzo de' Medici,1,0,0.0002586652871184687,0.00023625023638486188,0.0
Kathy Clugston,1,0,0.0002586652871184687,0.00023625023638486188,0.0
Jason Sudeikis,1,0,0.0002586652871184687,0.00023625023638486188,0.0
Kallmann syndrome,1,0,0.0002586652871184687,0.00023625023638486188,0.0
Laryngectomy,1,0,0.0002586652871184687,0.00023625023638486188,0.0
Meningioma,1,0,0.0002586652871184687,0.00023625023638486188,0.0
Virion,2,0,0.0005173305742369374,0.00023624692236389727,0.0
Pharynx,4,0,0.0010346611484738748,0.00023623516277884786,0.0
Viral pneumonia,4,0,0.0010346611484738748,0.0002362346800303164,0.0
Superspreader,6,0,0.0015519917227108122,0.00023621761914819484,0.0
Obesity,3,0,0.0007759958613554061,0.0002362110806860189,0.0
Hashtag,5,0,0.0012933264355923435,0.00023620751570452482,0.0
National Geographic,5,0,0.0012933264355923435,0.00023619657431377727,0.0
Lassa fever,4,0,0.0010346611484738748,0.00023618462342770994,0.0
RaTG13,5,0,0.0012933264355923435,0.00023618181936923302,0.0
Heart disease,3,0,0.0007759958613554061,0.00023617826161984843,0.0
Antipyretic,4,0,0.0010346611484738748,0.00023615520724119897,0.0
Cough reflex,2,0,0.0005173305742369374,0.0002361358813643839,0.0
Cough medicine,2,0,0.0005173305742369374,0.0002361358813643839,0.0
Corticosteroids,2,0,0.0005173305742369374,0.0002361358813643839,0.0
Chronic (medicine),2,0,0.0005173305742369374,0.0002361358813643839,0.0
Crackles,2,0,0.0005173305742369374,0.0002361358813643839,0.0
Percussion (medicine),2,0,0.0005173305742369374,0.0002361358813643839,0.0
Inhalation,2,0,0.0005173305742369374,0.0002361358813643839,0.0
Stethoscope,2,0,0.0005173305742369374,0.0002361358813643839,0.0
Elevated transaminases,3,0,0.0007759958613554061,0.00023612285047574816,0.0
Hepatitis B,5,0,0.0012933264355923435,0.00023611386480782196,0.0
Autoimmunity,3,0,0.0007759958613554061,0.0002361075906031368,0.0
SARS conspiracy theory,4,0,0.0010346611484738748,0.00023610737481295828,0.0
ME/CFS,3,0,0.0007759958613554061,0.00023610624184242145,0.0
Yunnan,5,0,0.0012933264355923435,0.00023610234854501937,0.0
Disease,4,0,0.0010346611484738748,0.0002361010569162685,0.0
Smoking,2,0,0.0005173305742369374,0.00023609865290702745,0.0
Lupus,3,0,0.0007759958613554061,0.0002360984364484999,0.0
Quartz (publication),5,0,0.0012933264355923435,0.00023608889338758745,0.0
Mortality rate,5,0,0.0012933264355923435,0.00023608749021954636,0.0
Impact of the COVID-19 pandemic on consumer products,2,1323,0.342731505431971,0.00023608545359551285,0.0
Brain damage,2,0,0.0005173305742369374,0.000236079348657811,0.0
Interleukin 1,2,0,0.0005173305742369374,0.000236079348657811,0.0
Vasoconstriction,2,0,0.0005173305742369374,0.000236079348657811,0.0
Polio,5,0,0.0012933264355923435,0.0002360756374508387,0.0
Vitamin C,4,0,0.0010346611484738748,0.00023606787186509343,0.0
Renin–angiotensin system,2,0,0.0005173305742369374,0.00023606729451620669,0.0
Interleukin 1 beta,2,0,0.0005173305742369374,0.00023606729451620669,0.0
Microglia,2,0,0.0005173305742369374,0.00023606729451620669,0.0
Hippocrates,2,0,0.0005173305742369374,0.00023605627944100628,0.0
Plasmodium malariae,2,0,0.0005173305742369374,0.00023605627944100628,0.0
Fomite,5,0,0.0012933264355923435,0.000236052293757756,0.0
Systemic inflammation,2,0,0.0005173305742369374,0.00023604422529940197,0.0
Saliva,4,0,0.0010346611484738748,0.00023603333679399013,0.0
N95 mask,3,0,0.0007759958613554061,0.000236026271177996,0.0
Autonomic nervous system,2,0,0.0005173305742369374,0.00023601905098364983,0.0
Multisystem inflammatory syndrome in children,3,0,0.0007759958613554061,0.00023600204918711667,0.0
Pulmonary consolidation,3,0,0.0007759958613554061,0.0002359927520360402,0.0
Pleural cavity,3,0,0.0007759958613554061,0.0002359927520360402,0.0
Chronic renal failure,2,0,0.0005173305742369374,0.00023598663819242533,0.0
Atypical pneumonia,3,0,0.0007759958613554061,0.00023597192956199172,0.0
Incidence (epidemiology),5,0,0.0012933264355923435,0.0002359596466902261,0.0
Lower respiratory tract infection,3,0,0.0007759958613554061,0.00023595831319473987,0.0
Infection control,4,0,0.0010346611484738748,0.00023595593763179492,0.0
Immunocompromised,4,0,0.0010346611484738748,0.0002359549423906179,0.0
Influenza B virus,4,0,0.0010346611484738748,0.00023594884590524248,0.0
Influenza A virus,4,0,0.0010346611484738748,0.00023594817775886406,0.0
Pediatrics,3,0,0.0007759958613554061,0.00023594384850158707,0.0
Nipah virus,6,0,0.0015519917227108122,0.00023594355326091545,0.0
Silicosis,3,0,0.0007759958613554061,0.00023594158771988408,0.0
GDP,4,0,0.0010346611484738748,0.00023593588575294982,0.0
Horseshoe bat,4,0,0.0010346611484738748,0.0002359343035425609,0.0
Magnetic resonance imaging,2,0,0.0005173305742369374,0.00023592634051826416,0.0
Sleep disorder,2,0,0.0005173305742369374,0.00023592634051826416,0.0
Type 2 diabetes,3,0,0.0007759958613554061,0.00023592534136980726,0.0
Center for Inquiry,3,0,0.0007759958613554061,0.00023592011832097425,0.0
Screening (medicine),3,0,0.0007759958613554061,0.00023591519863124517,0.0
Organ dysfunction,2,0,0.0005173305742369374,0.00023591325420156407,0.0
COVID variant,2,0,0.0005173305742369374,0.00023591325420156407,0.0
Eye irritation,2,0,0.0005173305742369374,0.00023591325420156407,0.0
Skeletal muscle,2,0,0.0005173305742369374,0.00023591325420156407,0.0
Hemiparesis,2,0,0.0005173305742369374,0.00023591325420156407,0.0
Guillain–Barré syndrome,2,0,0.0005173305742369374,0.00023591325420156407,0.0
Venous thromboembolism,2,0,0.0005173305742369374,0.00023591325420156407,0.0
Shock (circulatory),2,0,0.0005173305742369374,0.00023591325420156407,0.0
DLCO,2,0,0.0005173305742369374,0.00023591325420156407,0.0
Septic shock,2,0,0.0005173305742369374,0.00023591325420156407,0.0
Knowable Magazine,3,0,0.0007759958613554061,0.00023591236265962148,0.0
COVID-19 hospital,1,37,0.00982928091050181,0.00023590849361610457,0.0
COVID-19 and homelessness,1,13,0.0036213140196585617,0.00023590849361610457,0.0
Assessment on COVID-19 Origins,1,15,0.004138644593895499,0.00023590849361610457,0.0
The proximal origin of SARS-CoV-2,1,19,0.005173305742369374,0.00023590849361610457,0.0
Imagine (Gal Gadot video),1,3,0.0010346611484738748,0.00023590849361610457,0.0
Cervical cancer,4,0,0.0010346611484738748,0.00023590841735294998,0.0
Pericarditis,3,0,0.0007759958613554061,0.00023589600858815534,0.0
Electrocardiogram,2,0,0.0005173305742369374,0.00023589018498475936,0.0
Rapid antigen test,4,0,0.0010346611484738748,0.0002358845538634134,0.0
Defecation,2,0,0.0005173305742369374,0.00023588061486976654,0.0
Chili pepper,2,0,0.0005173305742369374,0.00023588061486976654,0.0
University of Washington,4,0,0.0010346611484738748,0.00023586534184704883,0.0
Respiratory tract infection,2,0,0.0005173305742369374,0.00023586067955175814,0.0
Encyclopædia Britannica,3,0,0.0007759958613554061,0.000235857307720234,0.0
University College London,4,0,0.0010346611484738748,0.0002358558618244721,0.0
Primary care physician,2,0,0.0005173305742369374,0.00023585296784089834,0.0
Dog,2,0,0.0005173305742369374,0.00023585102830585874,0.0
Autoimmune diseases,3,0,0.0007759958613554061,0.0002358498761977892,0.0
Host (biology),2,0,0.0005173305742369374,0.0002358458854157484,0.0
Etiology,3,0,0.0007759958613554061,0.0002358300130227693,0.0
Pertussis,2,0,0.0005173305742369374,0.00023582555537351817,0.0
Cruise ship,5,0,0.0012933264355923435,0.0002358192508638746,0.0
Merdeka Palace,3,0,0.0007759958613554061,0.0002358178546199628,0.0
Interferon-beta,3,0,0.0007759958613554061,0.00023580626013613748,0.0
Prevalence,4,0,0.0010346611484738748,0.00023579137605052108,0.0
Klebsiella pneumoniae,2,0,0.0005173305742369374,0.00023579047389692798,0.0
Lung abscess,2,0,0.0005173305742369374,0.00023579047389692798,0.0
Respiratory hypersensitivity,2,0,0.0005173305742369374,0.00023579047389692798,0.0
Bronchus,2,0,0.0005173305742369374,0.00023579047389692798,0.0
Aspiration pneumonia,2,0,0.0005173305742369374,0.00023579047389692798,0.0
Vocal cord nodule,2,0,0.0005173305742369374,0.00023579047389692798,0.0
Atelectasis,2,0,0.0005173305742369374,0.00023579047389692798,0.0
Bronchopneumonia,2,0,0.0005173305742369374,0.00023579047389692798,0.0
Pulmonary talcosis,2,0,0.0005173305742369374,0.00023579047389692798,0.0
Chemical pneumonia,2,0,0.0005173305742369374,0.00023579047389692798,0.0
Hemopneumothorax,2,0,0.0005173305742369374,0.00023579047389692798,0.0
Occupational lung disease,2,0,0.0005173305742369374,0.00023579047389692798,0.0
Nonallergic rhinitis,2,0,0.0005173305742369374,0.00023579047389692798,0.0
Chlamydiota,2,0,0.0005173305742369374,0.00023579047389692798,0.0
Neck,2,0,0.0005173305742369374,0.00023579047389692798,0.0
Occupational disease,2,0,0.0005173305742369374,0.00023579047389692798,0.0
Obstructive lung disease,2,0,0.0005173305742369374,0.00023579047389692798,0.0
Cocaine-induced midline destructive lesions,2,0,0.0005173305742369374,0.00023579047389692798,0.0
Nasal septum deviation,2,0,0.0005173305742369374,0.00023579047389692798,0.0
Diffuse alveolar damage,2,0,0.0005173305742369374,0.00023579047389692798,0.0
Desquamative interstitial pneumonia,2,0,0.0005173305742369374,0.00023579047389692798,0.0
Legionellosis,2,0,0.0005173305742369374,0.00023579047389692798,0.0
Laryngospasm,2,0,0.0005173305742369374,0.00023579047389692798,0.0
Laryngopharyngeal reflux,2,0,0.0005173305742369374,0.00023579047389692798,0.0
Larynx,2,0,0.0005173305742369374,0.00023579047389692798,0.0
Laryngotracheal stenosis,2,0,0.0005173305742369374,0.00023579047389692798,0.0
Mycoplasma pneumonia,2,0,0.0005173305742369374,0.00023579047389692798,0.0
Nasal septal hematoma,2,0,0.0005173305742369374,0.00023579047389692798,0.0
Nasal septum,2,0,0.0005173305742369374,0.00023579047389692798,0.0
Laryngeal cyst,2,0,0.0005173305742369374,0.00023579047389692798,0.0
Diffuse panbronchiolitis,2,0,0.0005173305742369374,0.00023579047389692798,0.0
Nonspecific interstitial pneumonia,2,0,0.0005173305742369374,0.00023579047389692798,0.0
Chylothorax,2,0,0.0005173305742369374,0.00023579047389692798,0.0
Coalworker's pneumoconiosis,2,0,0.0005173305742369374,0.00023579047389692798,0.0
Lipid pneumonia,2,0,0.0005173305742369374,0.00023579047389692798,0.0
Lobar pneumonia,2,0,0.0005173305742369374,0.00023579047389692798,0.0
Lower respiratory tract,2,0,0.0005173305742369374,0.00023579047389692798,0.0
Laryngitis,2,0,0.0005173305742369374,0.00023579047389692798,0.0
Laryngomalacia,2,0,0.0005173305742369374,0.00023579047389692798,0.0
Mediastinum,2,0,0.0005173305742369374,0.00023579047389692798,0.0
Mendelson's syndrome,2,0,0.0005173305742369374,0.00023579047389692798,0.0
Bird fancier's lung,2,0,0.0005173305742369374,0.00023579047389692798,0.0
Mediastinal disease,2,0,0.0005173305742369374,0.00023579047389692798,0.0
Tonsil,2,0,0.0005173305742369374,0.00023579047389692798,0.0
Fungal pneumonia,2,0,0.0005173305742369374,0.00023579047389692798,0.0
Bagassosis,2,0,0.0005173305742369374,0.00023579047389692798,0.0
Tracheitis,2,0,0.0005173305742369374,0.00023579047389692798,0.0
Bauxite fibrosis,2,0,0.0005173305742369374,0.00023579047389692798,0.0
Vaping-associated pulmonary injury,2,0,0.0005173305742369374,0.00023579047389692798,0.0
Usual interstitial pneumonia,2,0,0.0005173305742369374,0.00023579047389692798,0.0
Löffler's syndrome,2,0,0.0005173305742369374,0.00023579047389692798,0.0
Mediastinitis,2,0,0.0005173305742369374,0.00023579047389692798,0.0
Trachea,2,0,0.0005173305742369374,0.00023579047389692798,0.0
Tonsillitis,2,0,0.0005173305742369374,0.00023579047389692798,0.0
Baritosis,2,0,0.0005173305742369374,0.00023579047389692798,0.0
Nasal septum perforation,2,0,0.0005173305742369374,0.00023579047389692798,0.0
Community-acquired pneumonia,2,0,0.0005173305742369374,0.00023579047389692798,0.0
Combined pulmonary fibrosis and emphysema,2,0,0.0005173305742369374,0.00023579047389692798,0.0
Lung consolidation,2,0,0.0005173305742369374,0.00023579047389692798,0.0
Lycoperdonosis,2,0,0.0005173305742369374,0.00023579047389692798,0.0
Malignant pleural effusion,2,0,0.0005173305742369374,0.00023579047389692798,0.0
Paranasal sinuses,2,0,0.0005173305742369374,0.00023579047389692798,0.0
Pneumonitis,2,0,0.0005173305742369374,0.00023579047389692798,0.0
Peritonsillar abscess,2,0,0.0005173305742369374,0.00023579047389692798,0.0
Hemothorax,2,0,0.0005173305742369374,0.00023579047389692798,0.0
Human head,2,0,0.0005173305742369374,0.00023579047389692798,0.0
Status asthmaticus,2,0,0.0005173305742369374,0.00023579047389692798,0.0
Vocal cord dysfunction,2,0,0.0005173305742369374,0.00023579047389692798,0.0
Bronchiolitis obliterans organizing pneumonia,2,0,0.0005173305742369374,0.00023579047389692798,0.0
Farmer's lung,2,0,0.0005173305742369374,0.00023579047389692798,0.0
Siderosis,2,0,0.0005173305742369374,0.00023579047389692798,0.0
Asbestosis,2,0,0.0005173305742369374,0.00023579047389692798,0.0
Bronchiolitis obliterans,2,0,0.0005173305742369374,0.00023579047389692798,0.0
Aluminosis,2,0,0.0005173305742369374,0.00023579047389692798,0.0
Restrictive lung disease,2,0,0.0005173305742369374,0.00023579047389692798,0.0
Pleural empyema,2,0,0.0005173305742369374,0.00023579047389692798,0.0
Hospital-acquired pneumonia,2,0,0.0005173305742369374,0.00023579047389692798,0.0
Pneumococcal infection,2,0,0.0005173305742369374,0.00023579047389692798,0.0
Pleural disease,2,0,0.0005173305742369374,0.00023579047389692798,0.0
Chalicosis,2,0,0.0005173305742369374,0.00023579047389692798,0.0
Pulmonary alveolus,2,0,0.0005173305742369374,0.00023579047389692798,0.0
Pulmonary alveolar proteinosis,2,0,0.0005173305742369374,0.00023579047389692798,0.0
Hydrothorax,2,0,0.0005173305742369374,0.00023579047389692798,0.0
Eosinophilic pneumonia,2,0,0.0005173305742369374,0.00023579047389692798,0.0
Epiglottitis,2,0,0.0005173305742369374,0.00023579047389692798,0.0
Exercise-induced asthma,2,0,0.0005173305742369374,0.00023579047389692798,0.0
Parasitic pneumonia,2,0,0.0005173305742369374,0.00023579047389692798,0.0
Idiopathic pulmonary haemosiderosis,2,0,0.0005173305742369374,0.00023579047389692798,0.0
Hypersensitivity pneumonitis,2,0,0.0005173305742369374,0.00023579047389692798,0.0
Idiopathic interstitial pneumonia,2,0,0.0005173305742369374,0.00023579047389692798,0.0
Pneumocystis pneumonia,2,0,0.0005173305742369374,0.00023579047389692798,0.0
Pneumothorax,2,0,0.0005173305742369374,0.00023579047389692798,0.0
Pneumomediastinum,2,0,0.0005173305742369374,0.00023579047389692798,0.0
Hamman–Rich syndrome,2,0,0.0005173305742369374,0.00023579047389692798,0.0
Healthcare-associated pneumonia,2,0,0.0005173305742369374,0.00023579047389692798,0.0
Retropharyngeal abscess,2,0,0.0005173305742369374,0.00023579047389692798,0.0
Respiratory bronchiolitis,2,0,0.0005173305742369374,0.00023579047389692798,0.0
Byssinosis,2,0,0.0005173305742369374,0.00023579047389692798,0.0
Fibrothorax,2,0,0.0005173305742369374,0.00023579047389692798,0.0
Allergic bronchopulmonary aspergillosis,2,0,0.0005173305742369374,0.00023579047389692798,0.0
Caplan's syndrome,2,0,0.0005173305742369374,0.00023579047389692798,0.0
Allergic rhinitis,2,0,0.0005173305742369374,0.00023579047389692798,0.0
Vocal cords,2,0,0.0005173305742369374,0.00023579047389692798,0.0
Adenoid hypertrophy,2,0,0.0005173305742369374,0.00023579047389692798,0.0
Vocal cord paresis,2,0,0.0005173305742369374,0.00023579047389692798,0.0
Betacoronavirus,3,0,0.0007759958613554061,0.00023578011945716844,0.0
Clade,3,0,0.0007759958613554061,0.00023578011945716844,0.0
Human orthopneumovirus,3,0,0.0007759958613554061,0.00023577818650411913,0.0
Foodborne illness,3,0,0.0007759958613554061,0.00023577768637857887,0.0
Middle East respiratory syndrome–related coronavirus,3,0,0.0007759958613554061,0.0002357759782354068,0.0
Horse,2,0,0.0005173305742369374,0.0002357742675369245,0.0
Human parainfluenza viruses,3,0,0.0007759958613554061,0.00023577402517530887,0.0
Eye disease,3,0,0.0007759958613554061,0.0002357708133432196,0.0
IFN-β,2,0,0.0005173305742369374,0.00023576874976680205,0.0
Endotoxin,2,0,0.0005173305742369374,0.0002357662834923708,0.0
Outcome measure,3,0,0.0007759958613554061,0.00023576498511678864,0.0
Autoantibody,2,0,0.0005173305742369374,0.0002357532454395715,0.0
Experimental drug,2,0,0.0005173305742369374,0.0002357532454395715,0.0
Rotavirus,3,0,0.0007759958613554061,0.00023575278476987708,0.0
Ramsay Hunt syndrome type 2,3,0,0.0007759958613554061,0.00023575206670512148,0.0
Typhoid fever,2,0,0.0005173305742369374,0.00023574955801751498,0.0
Typhus,2,0,0.0005173305742369374,0.00023574955801751498,0.0
Isopropanol,2,0,0.0005173305742369374,0.0002357431726988213,0.0
Handwashing,2,0,0.0005173305742369374,0.00023572010348201658,0.0
United States Department of Agriculture,4,0,0.0010346611484738748,0.00023571963683249918,0.0
ResearchGate,3,0,0.0007759958613554061,0.00023570816888759952,0.0
Morbidity,3,0,0.0007759958613554061,0.00023570806666867335,0.0
Health in China,3,0,0.0007759958613554061,0.00023569045821211827,0.0
Jiang Yanyong,3,0,0.0007759958613554061,0.00023568967136496755,0.0
Ventilation (architecture),3,0,0.0007759958613554061,0.00023568796091126434,0.0
National Institute for Health Research,3,0,0.0007759958613554061,0.00023568769250633016,0.0
SARS-CoV,3,0,0.0007759958613554061,0.00023568733255801582,0.0
Impact of the COVID-19 pandemic on animals,3,0,0.0007759958613554061,0.0002356867440416496,0.0
Neuromuscular disease,2,0,0.0005173305742369374,0.0002356856350533305,0.0
Anthony L. Komaroff,2,0,0.0005173305742369374,0.0002356856350533305,0.0
Convalescent plasma,3,0,0.0007759958613554061,0.00023568560740460694,0.0
Case–control study,3,0,0.0007759958613554061,0.0002356856022368678,0.0
Serum (blood),3,0,0.0007759958613554061,0.0002356847275140622,0.0
Ferret,3,0,0.0007759958613554061,0.00023568311818085783,0.0
Antihistamines,2,0,0.0005173305742369374,0.00023568287502466012,0.0
Province of Bergamo,3,0,0.0007759958613554061,0.00023568138698095502,0.0
Vitamins,2,0,0.0005173305742369374,0.00023568008690630018,0.0
Pathogenesis,3,0,0.0007759958613554061,0.00023567970846177644,0.0
Recombinant DNA,3,0,0.0007759958613554061,0.00023567951312274737,0.0
Strongyloides stercoralis,3,0,0.0007759958613554061,0.00023567948460364067,0.0
Merck Manuals,1,0,0.0002586652871184687,0.0002356780461179365,0.0
Respiratory sounds,1,0,0.0002586652871184687,0.0002356780461179365,0.0
Respiratory distress,1,0,0.0002586652871184687,0.0002356780461179365,0.0
Rhonchi,1,0,0.0002586652871184687,0.0002356780461179365,0.0
Respiratory tract infections,1,0,0.0002586652871184687,0.0002356780461179365,0.0
Salbutamol,1,0,0.0002586652871184687,0.0002356780461179365,0.0
Selective mutism,1,0,0.0002586652871184687,0.0002356780461179365,0.0
Metacommunication,1,0,0.0002586652871184687,0.0002356780461179365,0.0
Myelin,1,0,0.0002586652871184687,0.0002356780461179365,0.0
Glottis,1,0,0.0002586652871184687,0.0002356780461179365,0.0
Golden S sign,1,0,0.0002586652871184687,0.0002356780461179365,0.0
Vertebrate trachea,1,0,0.0002586652871184687,0.0002356780461179365,0.0
Westermark sign,1,0,0.0002586652871184687,0.0002356780461179365,0.0
Inhaled corticosteroid,1,0,0.0002586652871184687,0.0002356780461179365,0.0
Insects,1,0,0.0002586652871184687,0.0002356780461179365,0.0
Invertebrates,1,0,0.0002586652871184687,0.0002356780461179365,0.0
Gastroesophageal reflux disease,1,0,0.0002586652871184687,0.0002356780461179365,0.0
Muteness,1,0,0.0002586652871184687,0.0002356780461179365,0.0
Mucoactive agent,1,0,0.0002586652871184687,0.0002356780461179365,0.0
Lung tumors,1,0,0.0002586652871184687,0.0002356780461179365,0.0
Mouth breathing,1,0,0.0002586652871184687,0.0002356780461179365,0.0
Orthopnea,1,0,0.0002586652871184687,0.0002356780461179365,0.0
Nonverbal,1,0,0.0002586652871184687,0.0002356780461179365,0.0
Nail clubbing,1,0,0.0002586652871184687,0.0002356780461179365,0.0
Precordial catch syndrome,1,0,0.0002586652871184687,0.0002356780461179365,0.0
Fainting,1,0,0.0002586652871184687,0.0002356780461179365,0.0
Family history,1,0,0.0002586652871184687,0.0002356780461179365,0.0
Hypoventilation,1,0,0.0002586652871184687,0.0002356780461179365,0.0
Dolphins,1,0,0.0002586652871184687,0.0002356780461179365,0.0
X-rays,1,0,0.0002586652871184687,0.0002356780461179365,0.0
Whispered pectoriloquy,1,0,0.0002586652871184687,0.0002356780461179365,0.0
Wheeze,1,0,0.0002586652871184687,0.0002356780461179365,0.0
Hairball,1,0,0.0002586652871184687,0.0002356780461179365,0.0
Hoover's sign (pulmonary),1,0,0.0002586652871184687,0.0002356780461179365,0.0
Dictyocaulus,1,0,0.0002586652871184687,0.0002356780461179365,0.0
Dogs,1,0,0.0002586652871184687,0.0002356780461179365,0.0
Hamman's sign,1,0,0.0002586652871184687,0.0002356780461179365,0.0
Hampton hump,1,0,0.0002586652871184687,0.0002356780461179365,0.0
Hiccup,1,0,0.0002586652871184687,0.0002356780461179365,0.0
Hernia,1,0,0.0002586652871184687,0.0002356780461179365,0.0
Habit cough,1,0,0.0002586652871184687,0.0002356780461179365,0.0
Horses,1,0,0.0002586652871184687,0.0002356780461179365,0.0
Hyperpnea,1,0,0.0002586652871184687,0.0002356780461179365,0.0
Hypophonia,1,0,0.0002586652871184687,0.0002356780461179365,0.0
Hypopnea,1,0,0.0002586652871184687,0.0002356780461179365,0.0
Foreign body,1,0,0.0002586652871184687,0.0002356780461179365,0.0
GERD,1,0,0.0002586652871184687,0.0002356780461179365,0.0
Fremitus,1,0,0.0002586652871184687,0.0002356780461179365,0.0
Fracture,1,0,0.0002586652871184687,0.0002356780461179365,0.0
Costochondritis,1,0,0.0002586652871184687,0.0002356780461179365,0.0
Cough-variant asthma,1,0,0.0002586652871184687,0.0002356780461179365,0.0
Cough suppressant,1,0,0.0002586652871184687,0.0002356780461179365,0.0
Codeine,1,0,0.0002586652871184687,0.0002356780461179365,0.0
Cheyne–Stokes respiration,1,0,0.0002586652871184687,0.0002356780461179365,0.0
Platypnea,1,0,0.0002586652871184687,0.0002356780461179365,0.0
Phlegm,1,0,0.0002586652871184687,0.0002356780461179365,0.0
Pectoriloquy,1,0,0.0002586652871184687,0.0002356780461179365,0.0
Uterus,1,0,0.0002586652871184687,0.0002356780461179365,0.0
Group C nerve fiber,1,0,0.0002586652871184687,0.0002356780461179365,0.0
Crocodile,1,0,0.0002586652871184687,0.0002356780461179365,0.0
Eosinophils,1,0,0.0002586652871184687,0.0002356780461179365,0.0
Epistaxis,1,0,0.0002586652871184687,0.0002356780461179365,0.0
Exhalation,1,0,0.0002586652871184687,0.0002356780461179365,0.0
Capsaicin,1,0,0.0002586652871184687,0.0002356780461179365,0.0
Carpal tunnel syndrome,1,0,0.0002586652871184687,0.0002356780461179365,0.0
Cats,1,0,0.0002586652871184687,0.0002356780461179365,0.0
Charcot–Leyden crystals,1,0,0.0002586652871184687,0.0002356780461179365,0.0
Chest pain in children,1,0,0.0002586652871184687,0.0002356780461179365,0.0
Aerophagia,1,0,0.0002586652871184687,0.0002356780461179365,0.0
Afferent nerve,1,0,0.0002586652871184687,0.0002356780461179365,0.0
Breathing,1,0,0.0002586652871184687,0.0002356780461179365,0.0
Dysphagia,1,0,0.0002586652871184687,0.0002356780461179365,0.0
Bronchophony,1,0,0.0002586652871184687,0.0002356780461179365,0.0
Urination,1,0,0.0002586652871184687,0.0002356780461179365,0.0
Trepopnea,1,0,0.0002586652871184687,0.0002356780461179365,0.0
Curschmann's spirals,1,0,0.0002586652871184687,0.0002356780461179365,0.0
Bronchial hyperresponsiveness,1,0,0.0002586652871184687,0.0002356780461179365,0.0
Diagnostic workup,1,0,0.0002586652871184687,0.0002356780461179365,0.0
Dextromethorphan,1,0,0.0002586652871184687,0.0002356780461179365,0.0
Death rattle,1,0,0.0002586652871184687,0.0002356780461179365,0.0
Cystocele,1,0,0.0002586652871184687,0.0002356780461179365,0.0
Whales,1,0,0.0002586652871184687,0.0002356780461179365,0.0
Prolapse,1,0,0.0002586652871184687,0.0002356780461179365,0.0
Shadowgraph,1,0,0.0002586652871184687,0.0002356780461179365,0.0
Silhouette sign,1,0,0.0002586652871184687,0.0002356780461179365,0.0
Smoker's cough,1,0,0.0002586652871184687,0.0002356780461179365,0.0
Kussmaul breathing,1,0,0.0002586652871184687,0.0002356780461179365,0.0
Kveim test,1,0,0.0002586652871184687,0.0002356780461179365,0.0
Left ventricle,1,0,0.0002586652871184687,0.0002356780461179365,0.0
Stertor,1,0,0.0002586652871184687,0.0002356780461179365,0.0
Stridor,1,0,0.0002586652871184687,0.0002356780461179365,0.0
Spirometry,1,0,0.0002586652871184687,0.0002356780461179365,0.0
Squawk (sound),1,0,0.0002586652871184687,0.0002356780461179365,0.0
Subacute,1,0,0.0002586652871184687,0.0002356780461179365,0.0
Subconjunctival hemorrhage,1,0,0.0002586652871184687,0.0002356780461179365,0.0
Snoring,1,0,0.0002586652871184687,0.0002356780461179365,0.0
Tachypnea,1,0,0.0002586652871184687,0.0002356780461179365,0.0
Supine position,1,0,0.0002586652871184687,0.0002356780461179365,0.0
Tobacco smoke,1,0,0.0002586652871184687,0.0002356780461179365,0.0
Bradypnea,1,0,0.0002586652871184687,0.0002356780461179365,0.0
Biot's respiration,1,0,0.0002586652871184687,0.0002356780461179365,0.0
Atopy,1,0,0.0002586652871184687,0.0002356780461179365,0.0
Auscultation,1,0,0.0002586652871184687,0.0002356780461179365,0.0
American Academy of Pediatrics,1,0,0.0002586652871184687,0.0002356780461179365,0.0
Airway clearance therapy,1,0,0.0002586652871184687,0.0002356780461179365,0.0
Benign,1,0,0.0002586652871184687,0.0002356780461179365,0.0
Breath-holding spell,1,0,0.0002586652871184687,0.0002356780461179365,0.0
Spiders,1,0,0.0002586652871184687,0.0002356780461179365,0.0
Tic disorder,1,0,0.0002586652871184687,0.0002356780461179365,0.0
Tourette syndrome,1,0,0.0002586652871184687,0.0002356780461179365,0.0
Post-viral cough,1,0,0.0002586652871184687,0.0002356780461179365,0.0
ACE inhibitors,1,0,0.0002586652871184687,0.0002356780461179365,0.0
Red eye (medicine),1,0,0.0002586652871184687,0.0002356780461179365,0.0
Ipratropium,1,0,0.0002586652871184687,0.0002356780461179365,0.0
Kennel cough,1,0,0.0002586652871184687,0.0002356780461179365,0.0
Psychological,1,0,0.0002586652871184687,0.0002356780461179365,0.0
Pulmonary veins,1,0,0.0002586652871184687,0.0002356780461179365,0.0
Post-nasal drip,1,0,0.0002586652871184687,0.0002356780461179365,0.0
Eosinophilic bronchitis,1,0,0.0002586652871184687,0.0002356780461179365,0.0
Egophony,1,0,0.0002586652871184687,0.0002356780461179365,0.0
Dysphonia,1,0,0.0002586652871184687,0.0002356780461179365,0.0
Kerley lines,1,0,0.0002586652871184687,0.0002356780461179365,0.0
Protracted bacterial bronchitis,1,0,0.0002586652871184687,0.0002356780461179365,0.0
Aphonia,1,0,0.0002586652871184687,0.0002356780461179365,0.0
Apnea,1,0,0.0002586652871184687,0.0002356780461179365,0.0
Respiratory arrest,1,0,0.0002586652871184687,0.0002356780461179365,0.0
Reid index,1,0,0.0002586652871184687,0.0002356780461179365,0.0
Reflex,1,0,0.0002586652871184687,0.0002356780461179365,0.0
Apnea of prematurity,1,0,0.0002586652871184687,0.0002356780461179365,0.0
Pleural friction rub,1,0,0.0002586652871184687,0.0002356780461179365,0.0
Paralingual,1,0,0.0002586652871184687,0.0002356780461179365,0.0
Chronic (medical),1,0,0.0002586652871184687,0.0002356780461179365,0.0
Agonal respiration,1,0,0.0002586652871184687,0.0002356780461179365,0.0
Choking,1,0,0.0002586652871184687,0.0002356780461179365,0.0
Ataxic respiration,1,0,0.0002586652871184687,0.0002356780461179365,0.0
Asphyxia,1,0,0.0002586652871184687,0.0002356780461179365,0.0
Source control (respiratory disease),3,0,0.0007759958613554061,0.00023567797529074747,0.0
Infectivity,3,0,0.0007759958613554061,0.00023567797529074747,0.0
Compartmental models in epidemiology,3,0,0.0007759958613554061,0.0002356738469279644,0.0
Streptococcus pneumoniae,3,0,0.0007759958613554061,0.000235659974894821,0.0
Physical examination,3,0,0.0007759958613554061,0.00023565936119160835,0.0
Genetic engineering,3,0,0.0007759958613554061,0.00023565159177124856,0.0
Hospital-acquired infection,3,0,0.0007759958613554061,0.00023565127946994905,0.0
Biological agent,2,0,0.0005173305742369374,0.00023564498980925444,0.0
Fortune (magazine),4,0,0.0010346611484738748,0.00023564446770723071,0.0
Retrovirus,4,0,0.0010346611484738748,0.00023564039560068767,0.0
Cathepsin,4,0,0.0010346611484738748,0.00023563194490186452,0.0
World Bank high-income economy,2,0,0.0005173305742369374,0.0002356256731932282,0.0
Umeå University,2,0,0.0005173305742369374,0.00023561630143373026,0.0
Shincheonji Church of Jesus,3,1335,0.3460941541645111,0.0002356128281631907,1.720892424574016e-07
Newstalk,2,0,0.0005173305742369374,0.00023560753295996905,0.0
Astrovirus,2,0,0.0005173305742369374,0.00023560297404540768,0.0
Kaposi's sarcoma-associated herpesvirus,2,0,0.0005173305742369374,0.00023560297404540768,0.0
Chandipura vesiculovirus,2,0,0.0005173305742369374,0.00023560297404540768,0.0
Papillomaviridae,2,0,0.0005173305742369374,0.00023560297404540768,0.0
Oncovirus,2,0,0.0005173305742369374,0.00023560297404540768,0.0
Hodgkin lymphoma,2,0,0.0005173305742369374,0.00023560297404540768,0.0
Herpes simplex keratitis,2,0,0.0005173305742369374,0.00023560297404540768,0.0
Herpes simplex encephalitis,2,0,0.0005173305742369374,0.00023560297404540768,0.0
Herpes meningitis,2,0,0.0005173305742369374,0.00023560297404540768,0.0
"Extranodal NK/T-cell lymphoma, nasal type",2,0,0.0005173305742369374,0.00023560297404540768,0.0
Poliovirus,2,0,0.0005173305742369374,0.00023560297404540768,0.0
Genitourinary system,2,0,0.0005173305742369374,0.00023560297404540768,0.0
Post-polio syndrome,2,0,0.0005173305742369374,0.00023560297404540768,0.0
Progressive multifocal leukoencephalopathy,2,0,0.0005173305742369374,0.00023560297404540768,0.0
Arbovirus encephalitis,2,0,0.0005173305742369374,0.00023560297404540768,0.0
HPV-positive oropharyngeal cancer,2,0,0.0005173305742369374,0.00023560297404540768,0.0
Adenovirus infection,2,0,0.0005173305742369374,0.00023560297404540768,0.0
Burkitt's lymphoma,2,0,0.0005173305742369374,0.00023560297404540768,0.0
Follicular dendritic cell sarcoma,2,0,0.0005173305742369374,0.00023560297404540768,0.0
Cytomegalovirus esophagitis,2,0,0.0005173305742369374,0.00023560297404540768,0.0
Viral meningitis,2,0,0.0005173305742369374,0.00023560297404540768,0.0
BK virus,2,0,0.0005173305742369374,0.00023560297404540768,0.0
Adult T-cell leukemia/lymphoma,2,0,0.0005173305742369374,0.00023560297404540768,0.0
Immune disorder,2,0,0.0005173305742369374,0.00023560297404540768,0.0
Influenza C virus,2,0,0.0005173305742369374,0.00023560297404540768,0.0
SARSr-CoV,2,0,0.0005173305742369374,0.00023560297404540768,0.0
Angiotensin converting enzyme 2,2,0,0.0005173305742369374,0.00023560297404540768,0.0
Rotaviral gastroenteritis,2,0,0.0005173305742369374,0.00023560297404540768,0.0
Viral encephalitis,2,0,0.0005173305742369374,0.00023560297404540768,0.0
Viral envelope,2,0,0.0005173305742369374,0.00023560297404540768,0.0
Anal cancer,2,0,0.0005173305742369374,0.00023560297404540768,0.0
Vulvar cancer,2,0,0.0005173305742369374,0.00023560297404540768,0.0
Splenic marginal zone lymphoma,2,0,0.0005173305742369374,0.00023560297404540768,0.0
Vaginal cancer,2,0,0.0005173305742369374,0.00023560297404540768,0.0
Lymphocytic choriomeningitis,2,0,0.0005173305742369374,0.00023560297404540768,0.0
Human metapneumovirus,2,0,0.0005173305742369374,0.00023560297404540768,0.0
Human polyomavirus 2,2,0,0.0005173305742369374,0.00023560297404540768,0.0
Human digestive system,2,0,0.0005173305742369374,0.00023560297404540768,0.0
Human T-lymphotropic virus 1,2,0,0.0005173305742369374,0.00023560297404540768,0.0
Measles morbillivirus,2,0,0.0005173305742369374,0.00023560297404540768,0.0
Esophagus,2,0,0.0005173305742369374,0.00023560297404540768,0.0
Epstein–Barr virus infection,2,0,0.0005173305742369374,0.00023560297404540768,0.0
Influenza D virus,2,0,0.0005173305742369374,0.00023560297404540768,0.0
Hepatitis A,2,0,0.0005173305742369374,0.00023560297404540768,0.0
Central nervous system viral disease,2,0,0.0005173305742369374,0.00023560297404540768,0.0
Norovirus,2,0,0.0005173305742369374,0.00023560297404540768,0.0
Hepatitis B virus,2,0,0.0005173305742369374,0.00023560297404540768,0.0
Hepatocellular carcinoma,2,0,0.0005173305742369374,0.00023560297404540768,0.0
Hepatitis E virus,2,0,0.0005173305742369374,0.00023560297404540768,0.0
Nasopharyngeal carcinoma,2,0,0.0005173305742369374,0.00023560297404540768,0.0
Rabies virus,2,0,0.0005173305742369374,0.00023560297404540768,0.0
Encephalitis lethargica,2,0,0.0005173305742369374,0.00023560297404540768,0.0
Merkel-cell carcinoma,2,0,0.0005173305742369374,0.00023560297404540768,0.0
Cytomegalovirus retinitis,2,0,0.0005173305742369374,0.00023560297404540768,0.0
Mumps virus,2,0,0.0005173305742369374,0.00023560297404540768,0.0
Coxsackie B virus,2,0,0.0005173305742369374,0.00023560297404540768,0.0
Coronavirus nucleocapsid protein,2,0,0.0005173305742369374,0.00023560297404540768,0.0
Paramyxoviridae,2,0,0.0005173305742369374,0.00023560297404540768,0.0
Penile cancer,2,0,0.0005173305742369374,0.00023560297404540768,0.0
Merkel cell polyomavirus,2,0,0.0005173305742369374,0.00023560297404540768,0.0
Myelitis,2,0,0.0005173305742369374,0.00023560297404540768,0.0
DNA virus,2,0,0.0005173305742369374,0.00023560297404540768,0.0
Coronavirus envelope protein,2,0,0.0005173305742369374,0.00023560297404540768,0.0
Coronavirus membrane protein,2,0,0.0005173305742369374,0.00023560297404540768,0.0
Subacute sclerosing panencephalitis,2,0,0.0005173305742369374,0.00023560297404540768,0.0
Tropical spastic paraparesis,2,0,0.0005173305742369374,0.00023560297404540768,0.0
Microbiological culture,2,0,0.0005173305742369374,0.0002356026039764235,0.0
Nature Immunology,3,0,0.0007759958613554061,0.0002356012443524521,0.0
Interferon-gamma,1,0,0.0002586652871184687,0.00023559844419455888,0.0
Interferon-α,1,0,0.0002586652871184687,0.00023559844419455888,0.0
Infective endocarditis,1,0,0.0002586652871184687,0.00023559844419455888,0.0
Inflammatory bowel disease,1,0,0.0002586652871184687,0.00023559844419455888,0.0
Intracranial hemorrhage,1,0,0.0002586652871184687,0.00023559844419455888,0.0
Jvarasura,1,0,0.0002586652871184687,0.00023559844419455888,0.0
GABA,1,0,0.0002586652871184687,0.00023559844419455888,0.0
Forehead,1,0,0.0002586652871184687,0.00023559844419455888,0.0
Flushed,1,0,0.0002586652871184687,0.00023559844419455888,0.0
Fever dream,1,0,0.0002586652871184687,0.00023559844419455888,0.0
Interleukin-8,1,0,0.0002586652871184687,0.00023559844419455888,0.0
Intermittent fever,1,0,0.0002586652871184687,0.00023559844419455888,0.0
Tumor necrosis factor-α,1,0,0.0002586652871184687,0.00023559844419455888,0.0
Tympanic membrane,1,0,0.0002586652871184687,0.00023559844419455888,0.0
Thermostat,1,0,0.0002586652871184687,0.00023559844419455888,0.0
Thyroid storm,1,0,0.0002586652871184687,0.00023559844419455888,0.0
Thermoregulation,1,0,0.0002586652871184687,0.00023559844419455888,0.0
Visceral leishmaniasis,1,0,0.0002586652871184687,0.00023559844419455888,0.0
Viral infection,1,0,0.0002586652871184687,0.00023559844419455888,0.0
Thermoregulation in humans,1,0,0.0002586652871184687,0.00023559844419455888,0.0
Urinary tract infections,1,0,0.0002586652871184687,0.00023559844419455888,0.0
Warm-blooded,1,0,0.0002586652871184687,0.00023559844419455888,0.0
Thermogenesis,1,0,0.0002586652871184687,0.00023559844419455888,0.0
Tertian fever,1,0,0.0002586652871184687,0.00023559844419455888,0.0
T cells,1,0,0.0002586652871184687,0.00023559844419455888,0.0
Sympathetic nervous system,1,0,0.0002586652871184687,0.00023559844419455888,0.0
Sweat,1,0,0.0002586652871184687,0.00023559844419455888,0.0
Vertebrates,1,0,0.0002586652871184687,0.00023559844419455888,0.0
Superantigens,1,0,0.0002586652871184687,0.00023559844419455888,0.0
Shivering,1,0,0.0002586652871184687,0.00023559844419455888,0.0
Serotonin syndrome,1,0,0.0002586652871184687,0.00023559844419455888,0.0
Roman mythology,1,0,0.0002586652871184687,0.00023559844419455888,0.0
Rocky mountain spotted fever,1,0,0.0002586652871184687,0.00023559844419455888,0.0
Plasmodium knowlesi,1,0,0.0002586652871184687,0.00023559844419455888,0.0
Plasmodium falciparum,1,0,0.0002586652871184687,0.00023559844419455888,0.0
Pituitary gland,1,0,0.0002586652871184687,0.00023559844419455888,0.0
Richard Asher,1,0,0.0002586652871184687,0.00023559844419455888,0.0
Rhabdomyolysis,1,0,0.0002586652871184687,0.00023559844419455888,0.0
Reye's syndrome,1,0,0.0002586652871184687,0.00023559844419455888,0.0
Respiratory infection,1,0,0.0002586652871184687,0.00023559844419455888,0.0
Remittent fever,1,0,0.0002586652871184687,0.00023559844419455888,0.0
Relapsing polychondritis,1,0,0.0002586652871184687,0.00023559844419455888,0.0
Raphe,1,0,0.0002586652871184687,0.00023559844419455888,0.0
Surgery,1,0,0.0002586652871184687,0.00023559844419455888,0.0
Quartan fever,1,0,0.0002586652871184687,0.00023559844419455888,0.0
Neuroleptic malignant syndrome,1,0,0.0002586652871184687,0.00023559844419455888,0.0
"Multan, Pakistan",1,0,0.0002586652871184687,0.00023559844419455888,0.0
Muscle tone,1,0,0.0002586652871184687,0.00023559844419455888,0.0
Pyemia,1,0,0.0002586652871184687,0.00023559844419455888,0.0
Prostaglandin E receptor 3,1,0,0.0002586652871184687,0.00023559844419455888,0.0
Prostaglandin E2 synthase,1,0,0.0002586652871184687,0.00023559844419455888,0.0
Microglial cell,1,0,0.0002586652871184687,0.00023559844419455888,0.0
Preoptic area,1,0,0.0002586652871184687,0.00023559844419455888,0.0
Porphyria,1,0,0.0002586652871184687,0.00023559844419455888,0.0
Plasmodium vivax,1,0,0.0002586652871184687,0.00023559844419455888,0.0
Plasmodium ovale,1,0,0.0002586652871184687,0.00023559844419455888,0.0
Phospholipase,1,0,0.0002586652871184687,0.00023559844419455888,0.0
Perspiration,1,0,0.0002586652871184687,0.00023559844419455888,0.0
Pel–Ebstein fever,1,0,0.0002586652871184687,0.00023559844419455888,0.0
Prostaglandin E2,1,0,0.0002586652871184687,0.00023559844419455888,0.0
Paraventricular nucleus,1,0,0.0002586652871184687,0.00023559844419455888,0.0
Parasitic infections,1,0,0.0002586652871184687,0.00023559844419455888,0.0
Nightmare,1,0,0.0002586652871184687,0.00023559844419455888,0.0
Normal human body temperature,1,0,0.0002586652871184687,0.00023559844419455888,0.0
Neutropenic fever,1,0,0.0002586652871184687,0.00023559844419455888,0.0
Medical sign,1,0,0.0002586652871184687,0.00023559844419455888,0.0
Medical emergency,1,0,0.0002586652871184687,0.00023559844419455888,0.0
Medical conditions,1,0,0.0002586652871184687,0.00023559844419455888,0.0
Mechanical fan,1,0,0.0002586652871184687,0.00023559844419455888,0.0
Macrophage inflammatory protein,1,0,0.0002586652871184687,0.00023559844419455888,0.0
Metarhizium acridum,1,0,0.0002586652871184687,0.00023559844419455888,0.0
Arachidonic acid,1,0,0.0002586652871184687,0.00023559844419455888,0.0
Anti-pyretic,1,0,0.0002586652871184687,0.00023559844419455888,0.0
Medulla oblongata,1,0,0.0002586652871184687,0.00023559844419455888,0.0
Medically frail,1,0,0.0002586652871184687,0.00023559844419455888,0.0
Medical signs,1,0,0.0002586652871184687,0.00023559844419455888,0.0
Acetaminophen,1,0,0.0002586652871184687,0.00023559844419455888,0.0
Abscess,1,0,0.0002586652871184687,0.00023559844419455888,0.0
Lymphotoxin alpha,1,0,0.0002586652871184687,0.00023559844419455888,0.0
Lymphoproliferative disorders,1,0,0.0002586652871184687,0.00023559844419455888,0.0
Livestock disease,1,0,0.0002586652871184687,0.00023559844419455888,0.0
Lipopolysaccharide-binding protein,1,0,0.0002586652871184687,0.00023559844419455888,0.0
Lipopolysaccharide,1,0,0.0002586652871184687,0.00023559844419455888,0.0
Life-threatening,1,0,0.0002586652871184687,0.00023559844419455888,0.0
Leukocytes,1,0,0.0002586652871184687,0.00023559844419455888,0.0
Latin language,1,0,0.0002586652871184687,0.00023559844419455888,0.0
African trypanosomiasis,1,0,0.0002586652871184687,0.00023559844419455888,0.0
Adult-onset Still's disease,1,0,0.0002586652871184687,0.00023559844419455888,0.0
Ear,1,0,0.0002586652871184687,0.00023559844419455888,0.0
Drug overdose,1,0,0.0002586652871184687,0.00023559844419455888,0.0
Dorsomedial hypothalamus,1,0,0.0002586652871184687,0.00023559844419455888,0.0
Diminutive,1,0,0.0002586652871184687,0.00023559844419455888,0.0
Damage associated molecular pattern,1,0,0.0002586652871184687,0.00023559844419455888,0.0
Cyclooxygenase,1,0,0.0002586652871184687,0.00023559844419455888,0.0
Crush syndrome,1,0,0.0002586652871184687,0.00023559844419455888,0.0
Core temperature,1,0,0.0002586652871184687,0.00023559844419455888,0.0
Cell proliferation,1,0,0.0002586652871184687,0.00023559844419455888,0.0
Catatonia,1,0,0.0002586652871184687,0.00023559844419455888,0.0
Camel,1,0,0.0002586652871184687,0.00023559844419455888,0.0
CD14,1,0,0.0002586652871184687,0.00023559844419455888,0.0
Bulletin of the New York Academy of Medicine,1,0,0.0002586652871184687,0.00023559844419455888,0.0
Buddhist mythology,1,0,0.0002586652871184687,0.00023559844419455888,0.0
Brucellosis,1,0,0.0002586652871184687,0.00023559844419455888,0.0
Brown adipose tissue,1,0,0.0002586652871184687,0.00023559844419455888,0.0
Circumventricular organ,1,0,0.0002586652871184687,0.00023559844419455888,0.0
Cerebral hemorrhage,1,0,0.0002586652871184687,0.00023559844419455888,0.0
Horton disease,1,0,0.0002586652871184687,0.00023559844419455888,0.0
Hodgkin's lymphoma,1,0,0.0002586652871184687,0.00023559844419455888,0.0
Hindu mythology,1,0,0.0002586652871184687,0.00023559844419455888,0.0
Heat stroke,1,0,0.0002586652871184687,0.00023559844419455888,0.0
Hallucinations,1,0,0.0002586652871184687,0.00023559844419455888,0.0
Gout,1,0,0.0002586652871184687,0.00023559844419455888,0.0
British National Formulary for Children,1,0,0.0002586652871184687,0.00023559844419455888,0.0
Boils,1,0,0.0002586652871184687,0.00023559844419455888,0.0
Body temperature,1,0,0.0002586652871184687,0.00023559844419455888,0.0
Beauveria bassiana,1,0,0.0002586652871184687,0.00023559844419455888,0.0
Basal metabolic rate,1,0,0.0002586652871184687,0.00023559844419455888,0.0
Bacterial infection,1,0,0.0002586652871184687,0.00023559844419455888,0.0
Autoimmune hepatitis,1,0,0.0002586652871184687,0.00023559844419455888,0.0
Arachidonic acid pathway,1,0,0.0002586652871184687,0.00023559844419455888,0.0
Core body temperature,1,0,0.0002586652871184687,0.00023559844419455888,0.0
Continuous fever,1,0,0.0002586652871184687,0.00023559844419455888,0.0
Connective tissue disease,1,0,0.0002586652871184687,0.00023559844419455888,0.0
Conduction (heat),1,0,0.0002586652871184687,0.00023559844419455888,0.0
Compromised immune system,1,0,0.0002586652871184687,0.00023559844419455888,0.0
Cold,1,0,0.0002586652871184687,0.00023559844419455888,0.0
Kawasaki syndrome,1,0,0.0002586652871184687,0.00023559844419455888,0.0
Infarction,1,0,0.0002586652871184687,0.00023559844419455888,0.0
Ice bath,1,0,0.0002586652871184687,0.00023559844419455888,0.0
Hypothalamus,1,0,0.0002586652871184687,0.00023559844419455888,0.0
Hyperpyrexia,1,0,0.0002586652871184687,0.00023559844419455888,0.0
Human thermoregulation,1,0,0.0002586652871184687,0.00023559844419455888,0.0
Human body temperature,1,0,0.0002586652871184687,0.00023559844419455888,0.0
Human anus,1,0,0.0002586652871184687,0.00023559844419455888,0.0
Fever (disambiguation),1,0,0.0002586652871184687,0.00023559844419455888,0.0
Febris,1,0,0.0002586652871184687,0.00023559844419455888,0.0
Febrile seizure,1,0,0.0002586652871184687,0.00023559844419455888,0.0
Fabry disease,1,0,0.0002586652871184687,0.00023559844419455888,0.0
Escherichia coli,1,0,0.0002586652871184687,0.00023559844419455888,0.0
Endocrine organs,1,0,0.0002586652871184687,0.00023559844419455888,0.0
Peptide,3,0,0.0007759958613554061,0.00023559635420977588,0.0
Translation (biology),3,0,0.0007759958613554061,0.00023559635420977588,0.0
Binding domain,3,0,0.0007759958613554061,0.00023559224953666395,0.0
Canine coronavirus,3,0,0.0007759958613554061,0.00023559224953666395,0.0
Coronaviridae,3,0,0.0007759958613554061,0.00023559224953666395,0.0
Biden Administration COVID-19 action plan,2,0,0.0005173305742369374,0.0002355814003705363,0.0
Videotelephony,2,0,0.0005173305742369374,0.00023558024537044615,0.0
Pulmonary aspiration,2,0,0.0005173305742369374,0.00023557990482860297,0.0
COVID-19 pandemic in Palestine,3,1343,0.34816347646145884,0.00023556962675856362,2.0428071428274023e-07
Menstrual cycle,2,0,0.0005173305742369374,0.000235565375519067,0.0
Protein subunit,3,0,0.0007759958613554061,0.00023556310866531524,0.0
Antibody-dependent cellular cytotoxicity,2,0,0.0005173305742369374,0.00023555949554575595,0.0
Kidney,2,0,0.0005173305742369374,0.00023554223492466464,0.0
Self-isolation,2,0,0.0005173305742369374,0.0002355357041075498,0.0
Crazy paving (medicine),2,0,0.0005173305742369374,0.0002355349167895928,0.0
Modeling and simulation,2,0,0.0005173305742369374,0.0002355340163040443,0.0
Crimean–Congo hemorrhagic fever,2,0,0.0005173305742369374,0.00023553260363049633,0.0
Cell culture,2,0,0.0005173305742369374,0.00023553260363049633,0.0
Viral shedding,3,0,0.0007759958613554061,0.00023552328928376279,0.0
SHC014-CoV,3,0,0.0007759958613554061,0.00023552064855340336,0.0
Epidemiological,3,0,0.0007759958613554061,0.00023552064202668073,0.0
SARS Wars,2,0,0.0005173305742369374,0.00023551409431554432,0.0
Molson Canadian Rocks for Toronto,2,0,0.0005173305742369374,0.00023551409431554432,0.0
Global alert,2,0,0.0005173305742369374,0.00023551409431554432,0.0
Plague City: SARS in Toronto,2,0,0.0005173305742369374,0.00023551409431554432,0.0
Carlo Urbani,2,0,0.0005173305742369374,0.00023551409431554432,0.0
Joanna Tse,2,0,0.0005173305742369374,0.00023551409431554432,0.0
Ab Osterhaus,2,0,0.0005173305742369374,0.00023551409431554432,0.0
1:99 Concert,2,0,0.0005173305742369374,0.00023551409431554432,0.0
Air China Flight 112,2,0,0.0005173305742369374,0.00023551409431554432,0.0
2002–2004 SARS outbreak among healthcare workers,2,0,0.0005173305742369374,0.00023551409431554432,0.0
Cell-mediated immunity,2,0,0.0005173305742369374,0.0002355138887353532,0.0
Adaptive immune system,2,0,0.0005173305742369374,0.0002355138887353532,0.0
Mouse,2,0,0.0005173305742369374,0.0002355138887353532,0.0
Cerebrospinal fluid,2,0,0.0005173305742369374,0.00023551253997463784,0.0
Sensitivity and specificity,2,0,0.0005173305742369374,0.0002355118475727881,0.0
Chest radiograph,2,0,0.0005173305742369374,0.0002355118475727881,0.0
Computational fluid dynamics,2,0,0.0005173305742369374,0.00023551013599293555,0.0
Evaporate,2,0,0.0005173305742369374,0.00023551013599293555,0.0
Sunlight,2,0,0.0005173305742369374,0.00023551013599293555,0.0
Air filtration,2,0,0.0005173305742369374,0.00023551013599293555,0.0
Contaminate,2,0,0.0005173305742369374,0.00023551013599293555,0.0
COVID-19 season,2,0,0.0005173305742369374,0.00023551013599293555,0.0
Drop (liquid),2,0,0.0005173305742369374,0.00023551013599293555,0.0
Upper respiratory tract,2,0,0.0005173305742369374,0.00023551013599293555,0.0
Credible interval,2,0,0.0005173305742369374,0.0002355097840622413,0.0
Ground-glass opacity,2,0,0.0005173305742369374,0.0002355091343744184,0.0
Italian Society of Medical and Interventional Radiology,2,0,0.0005173305742369374,0.0002355091343744184,0.0
Computed tomography,2,0,0.0005173305742369374,0.0002355091343744184,0.0
Clinical research,2,0,0.0005173305742369374,0.00023550846199284618,0.0
Lenzilumab,2,0,0.0005173305742369374,0.00023550846199284618,0.0
Receptor (biochemistry),2,0,0.0005173305742369374,0.00023550846199284618,0.0
Vasodilator,2,0,0.0005173305742369374,0.00023550846199284618,0.0
Wuhan Central Hospital,2,0,0.0005173305742369374,0.0002355082156999038,0.0
Paediatric multisystem inflammatory syndrome,2,0,0.0005173305742369374,0.00023550788768329355,0.0
Ultraviolet,2,0,0.0005173305742369374,0.0002355075603734424,0.0
Hygiene theater,2,7,0.0023279875840662182,0.00023550699213747332,4.0324567426028596e-07
Genetics,2,0,0.0005173305742369374,0.00023550679123403575,0.0
Law of declining virulence,2,0,0.0005173305742369374,0.00023550668901510958,0.0
Istituto Superiore di Sanità,2,0,0.0005173305742369374,0.00023550581004198531,0.0
Sjögren's syndrome,1,0,0.0002586652871184687,0.0002355057337291732,0.0
Aviation,1,0,0.0002586652871184687,0.0002355057337291732,0.0
Social perception,1,0,0.0002586652871184687,0.0002355057337291732,0.0
Volition (psychology),1,0,0.0002586652871184687,0.0002355057337291732,0.0
Storage (memory),1,0,0.0002586652871184687,0.0002355057337291732,0.0
Vitamin B12 deficiency,1,0,0.0002586652871184687,0.0002355057337291732,0.0
Tai chi,1,0,0.0002586652871184687,0.0002355057337291732,0.0
White matter,1,0,0.0002586652871184687,0.0002355057337291732,0.0
Attention,1,0,0.0002586652871184687,0.0002355057337291732,0.0
Patient-Centered Outcomes Research Institute,1,0,0.0002586652871184687,0.0002355057337291732,0.0
UCTD,1,0,0.0002586652871184687,0.0002355057337291732,0.0
Spondyloarthropathy,1,0,0.0002586652871184687,0.0002355057337291732,0.0
Vagus nerve stimulation,1,0,0.0002586652871184687,0.0002355057337291732,0.0
Speech perception,1,0,0.0002586652871184687,0.0002355057337291732,0.0
Roger M. Enoka,1,0,0.0002586652871184687,0.0002355057337291732,0.0
Selective serotonin reuptake inhibitor,1,0,0.0002586652871184687,0.0002355057337291732,0.0
Set (psychology),1,0,0.0002586652871184687,0.0002355057337291732,0.0
Reticular activating system,1,0,0.0002586652871184687,0.0002355057337291732,0.0
Recall (memory),1,0,0.0002586652871184687,0.0002355057337291732,0.0
Relational frame theory,1,0,0.0002586652871184687,0.0002355057337291732,0.0
Recreation,1,0,0.0002586652871184687,0.0002355057337291732,0.0
Poison,1,0,0.0002586652871184687,0.0002355057337291732,0.0
Sjogren's,1,0,0.0002586652871184687,0.0002355057337291732,0.0
Thought suppression,1,0,0.0002586652871184687,0.0002355057337291732,0.0
Thought,1,0,0.0002586652871184687,0.0002355057337291732,0.0
Signs and symptoms of multiple sclerosis,1,0,0.0002586652871184687,0.0002355057337291732,0.0
Sickness behaviour,1,0,0.0002586652871184687,0.0002355057337291732,0.0
Traumatic brain injury,1,0,0.0002586652871184687,0.0002355057337291732,0.0
Touch,1,0,0.0002586652871184687,0.0002355057337291732,0.0
Understanding,1,0,0.0002586652871184687,0.0002355057337291732,0.0
Physical activity,1,0,0.0002586652871184687,0.0002355057337291732,0.0
Pitch (music),1,0,0.0002586652871184687,0.0002355057337291732,0.0
Physical trauma,1,0,0.0002586652871184687,0.0002355057337291732,0.0
Post-concussion syndrome,1,0,0.0002586652871184687,0.0002355057337291732,0.0
Peripheral vision,1,0,0.0002586652871184687,0.0002355057337291732,0.0
Sleep loss,1,0,0.0002586652871184687,0.0002355057337291732,0.0
Sleep-deprived driving,1,0,0.0002586652871184687,0.0002355057337291732,0.0
Somatic symptom disorder,1,0,0.0002586652871184687,0.0002355057337291732,0.0
Postural Orthostatic Tachycardia Syndrome,1,0,0.0002586652871184687,0.0002355057337291732,0.0
Somnolence,1,0,0.0002586652871184687,0.0002355057337291732,0.0
Work (human activity),1,0,0.0002586652871184687,0.0002355057337291732,0.0
Thyroid disease,1,0,0.0002586652871184687,0.0002355057337291732,0.0
Inborn error of metabolism,1,0,0.0002586652871184687,0.0002355057337291732,0.0
Hsp90,1,0,0.0002586652871184687,0.0002355057337291732,0.0
Idiopathic chronic fatigue,1,0,0.0002586652871184687,0.0002355057337291732,0.0
Imagination,1,0,0.0002586652871184687,0.0002355057337291732,0.0
Stephen Straus,1,0,0.0002586652871184687,0.0002355057337291732,0.0
Thalamus,1,0,0.0002586652871184687,0.0002355057337291732,0.0
Level of consciousness,1,0,0.0002586652871184687,0.0002355057337291732,0.0
Substance abuse,1,0,0.0002586652871184687,0.0002355057337291732,0.0
Stress (medicine),1,0,0.0002586652871184687,0.0002355057337291732,0.0
Hyponatremia,1,0,0.0002586652871184687,0.0002355057337291732,0.0
Major depressive disorder,1,0,0.0002586652871184687,0.0002355057337291732,0.0
Hemochromatosis,1,0,0.0002586652871184687,0.0002355057337291732,0.0
Liver failure,1,0,0.0002586652871184687,0.0002355057337291732,0.0
Long Covid,1,0,0.0002586652871184687,0.0002355057337291732,0.0
Low blood sugar,1,0,0.0002586652871184687,0.0002355057337291732,0.0
Lithium salt,1,0,0.0002586652871184687,0.0002355057337291732,0.0
Keiji Fukuda,1,0,0.0002586652871184687,0.0002355057337291732,0.0
Heat illness,1,0,0.0002586652871184687,0.0002355057337291732,0.0
Medically unexplained physical symptoms,1,0,0.0002586652871184687,0.0002355057337291732,0.0
Medical illness,1,0,0.0002586652871184687,0.0002355057337291732,0.0
Narcolepsy,1,0,0.0002586652871184687,0.0002355057337291732,0.0
Neuroinflammation,1,0,0.0002586652871184687,0.0002355057337291732,0.0
Feeling,1,0,0.0002586652871184687,0.0002355057337291732,0.0
Fatigue (disambiguation),1,0,0.0002586652871184687,0.0002355057337291732,0.0
Foresight (psychology),1,0,0.0002586652871184687,0.0002355057337291732,0.0
Forecasting,1,0,0.0002586652871184687,0.0002355057337291732,0.0
Form perception,1,0,0.0002586652871184687,0.0002355057337291732,0.0
Folate deficiency,1,0,0.0002586652871184687,0.0002355057337291732,0.0
Consciousness,1,0,0.0002586652871184687,0.0002355057337291732,0.0
Color vision,1,0,0.0002586652871184687,0.0002355057337291732,0.0
Combat stress reaction,1,0,0.0002586652871184687,0.0002355057337291732,0.0
Exercise intolerance,1,0,0.0002586652871184687,0.0002355057337291732,0.0
Chronic fatigue syndrome,1,0,0.0002586652871184687,0.0002355057337291732,0.0
Chronic stress,1,0,0.0002586652871184687,0.0002355057337291732,0.0
Cognitive behavioral therapy,1,0,0.0002586652871184687,0.0002355057337291732,0.0
Excessive alcohol consumption,1,0,0.0002586652871184687,0.0002355057337291732,0.0
Fructose malabsorption,1,0,0.0002586652871184687,0.0002355057337291732,0.0
Disorders of diminished motivation,1,0,0.0002586652871184687,0.0002355057337291732,0.0
Drinking,1,0,0.0002586652871184687,0.0002355057337291732,0.0
DSM-5,1,0,0.0002586652871184687,0.0002355057337291732,0.0
Acute renal failure,1,0,0.0002586652871184687,0.0002355057337291732,0.0
Endogeny,1,0,0.0002586652871184687,0.0002355057337291732,0.0
Primary care,1,0,0.0002586652871184687,0.0002355057337291732,0.0
Acquiescence,1,0,0.0002586652871184687,0.0002355057337291732,0.0
Action potential,1,0,0.0002586652871184687,0.0002355057337291732,0.0
Memory,1,0,0.0002586652871184687,0.0002355057337291732,0.0
Microsleep,1,0,0.0002586652871184687,0.0002355057337291732,0.0
Awareness,1,0,0.0002586652871184687,0.0002355057337291732,0.0
Benzodiazepines,1,0,0.0002586652871184687,0.0002355057337291732,0.0
Axonal initial segment,1,0,0.0002586652871184687,0.0002355057337291732,0.0
Affective forecasting,1,0,0.0002586652871184687,0.0002355057337291732,0.0
Presenteeism,1,0,0.0002586652871184687,0.0002355057337291732,0.0
Cognitive flexibility,1,0,0.0002586652871184687,0.0002355057337291732,0.0
Museum fatigue,1,0,0.0002586652871184687,0.0002355057337291732,0.0
Muscle fatigue,1,0,0.0002586652871184687,0.0002355057337291732,0.0
Muscle contraction,1,0,0.0002586652871184687,0.0002355057337291732,0.0
Motor neuron,1,0,0.0002586652871184687,0.0002355057337291732,0.0
Modafinil,1,0,0.0002586652871184687,0.0002355057337291732,0.0
Mineral (nutrient),1,0,0.0002586652871184687,0.0002355057337291732,0.0
Cognitive liberty,1,0,0.0002586652871184687,0.0002355057337291732,0.0
Experiential avoidance,1,0,0.0002586652871184687,0.0002355057337291732,0.0
Byung-Chul Han,1,0,0.0002586652871184687,0.0002355057337291732,0.0
Boredom,1,0,0.0002586652871184687,0.0002355057337291732,0.0
Directed attention fatigue,1,0,0.0002586652871184687,0.0002355057337291732,0.0
Depth perception,1,0,0.0002586652871184687,0.0002355057337291732,0.0
Developmental disorder,1,0,0.0002586652871184687,0.0002355057337291732,0.0
Decision-making,1,0,0.0002586652871184687,0.0002355057337291732,0.0
NMOSD,1,0,0.0002586652871184687,0.0002355057337291732,0.0
Psychoacoustics,1,0,0.0002586652871184687,0.0002355057337291732,0.0
Psoriatic arthritis,1,0,0.0002586652871184687,0.0002355057337291732,0.0
Radiotherapy,1,0,0.0002586652871184687,0.0002355057337291732,0.0
RGB color model,1,0,0.0002586652871184687,0.0002355057337291732,0.0
Prospection,1,0,0.0002586652871184687,0.0002355057337291732,0.0
Problem solving,1,0,0.0002586652871184687,0.0002355057337291732,0.0
Memory consolidation,1,0,0.0002586652871184687,0.0002355057337291732,0.0
Diffusion MRI,1,0,0.0002586652871184687,0.0002355057337291732,0.0
Cancer fatigue,1,0,0.0002586652871184687,0.0002355057337291732,0.0
Celiac disease,1,0,0.0002586652871184687,0.0002355057337291732,0.0
Amphetamine-type stimulant,1,0,0.0002586652871184687,0.0002355057337291732,0.0
Amodal perception,1,0,0.0002586652871184687,0.0002355057337291732,0.0
Anxiety disorder,1,0,0.0002586652871184687,0.0002355057337291732,0.0
Association (psychology),1,0,0.0002586652871184687,0.0002355057337291732,0.0
Blood disorders,1,0,0.0002586652871184687,0.0002355057337291732,0.0
Biopsychosocial model,1,0,0.0002586652871184687,0.0002355057337291732,0.0
Ironic process theory,1,0,0.0002586652871184687,0.0002355057337291732,0.0
Vitamin,1,0,0.0002586652871184687,0.0002355057337291732,0.0
Neurological disorder,1,0,0.0002586652871184687,0.0002355057337291732,0.0
Neuromuscular junction,1,0,0.0002586652871184687,0.0002355057337291732,0.0
Organ failure,1,0,0.0002586652871184687,0.0002355057337291732,0.0
Intention,1,0,0.0002586652871184687,0.0002355057337291732,0.0
Intuition,1,0,0.0002586652871184687,0.0002355057337291732,0.0
Iron-deficiency anemia,1,0,0.0002586652871184687,0.0002355057337291732,0.0
Gulf War syndrome,1,0,0.0002586652871184687,0.0002355057337291732,0.0
Generalized anxiety disorder,1,0,0.0002586652871184687,0.0002355057337291732,0.0
Gaucher's disease,1,0,0.0002586652871184687,0.0002355057337291732,0.0
Computer vision syndrome,1,0,0.0002586652871184687,0.0002355057337291732,0.0
Harmonic,1,0,0.0002586652871184687,0.0002355057337291732,0.0
Jet lag,1,0,0.0002586652871184687,0.0002355057337291732,0.0
Irritable bowel syndrome,1,0,0.0002586652871184687,0.0002355057337291732,0.0
Heart attack,1,0,0.0002586652871184687,0.0002355057337291732,0.0
Haptic perception,1,0,0.0002586652871184687,0.0002355057337291732,0.0
General practice,1,0,0.0002586652871184687,0.0002355057337291732,0.0
Institute of Higher Nervous Activity,1,0,0.0002586652871184687,0.0002355057337291732,0.0
Ego depletion,1,0,0.0002586652871184687,0.0002355057337291732,0.0
Eating disorder,1,0,0.0002586652871184687,0.0002355057337291732,0.0
Central nervous system fatigue,1,0,0.0002586652871184687,0.0002355057337291732,0.0
Affect (psychology),1,0,0.0002586652871184687,0.0002355057337291732,0.0
Endocrine disease,1,0,0.0002586652871184687,0.0002355057337291732,0.0
Encoding (memory),1,0,0.0002586652871184687,0.0002355057337291732,0.0
Electromyography,1,0,0.0002586652871184687,0.0002355057337291732,0.0
Effects of fatigue on safety,1,0,0.0002586652871184687,0.0002355057337291732,0.0
Aesthetic interpretation,1,0,0.0002586652871184687,0.0002355057337291732,0.0
Central governor,1,0,0.0002586652871184687,0.0002355057337291732,0.0
Great ape,2,0,0.0005173305742369374,0.0002355056208384028,0.0
Orangutan,2,0,0.0005173305742369374,0.0002355056208384028,0.0
Phylogenetics,2,0,0.0005173305742369374,0.00023550458610894262,0.0
Polypropylene,3,0,0.0007759958613554061,0.00023550268566112557,0.0
Host tropism,2,0,0.0005173305742369374,0.00023550047794829247,0.0
Japanese encephalitis,3,0,0.0007759958613554061,0.00023549331386611206,0.0
Subclinical infection,3,0,0.0007759958613554061,0.00023548951847768908,0.0
Legionnaires' disease,2,0,0.0005173305742369374,0.0002354865944437287,0.0
Haemophilus influenzae,2,0,0.0005173305742369374,0.0002354847818923873,0.0
Analgesics,2,0,0.0005173305742369374,0.00023548476243610952,0.0
Middle Ages,2,0,0.0005173305742369374,0.00023548449358105534,0.0
Chronic kidney disease,2,0,0.0005173305742369374,0.00023548410036911135,0.0
Glycerol,2,0,0.0005173305742369374,0.00023548375247343665,0.0
Virulent,2,0,0.0005173305742369374,0.0002354836197983049,0.0
Organ transplantation,2,0,0.0005173305742369374,0.0002354816653639116,0.0
COPD,2,0,0.0005173305742369374,0.00023547987500591904,0.0
Heated humidified high-flow therapy,2,0,0.0005173305742369374,0.0002354793555897586,0.0
Viral culture,2,0,0.0005173305742369374,0.0002354793555897586,0.0
In vivo,3,0,0.0007759958613554061,0.00023547914300939385,0.0
Carbapenem,2,0,0.0005173305742369374,0.00023547740873148775,0.0
Opportunistic infection,2,0,0.0005173305742369374,0.00023547740873148775,0.0
Carl Zimmer,3,0,0.0007759958613554061,0.00023547663905652426,0.0
Public health intervention,3,0,0.0007759958613554061,0.00023547503316854277,0.0
Genomic,3,0,0.0007759958613554061,0.00023547227647855603,0.0
Mosquito-borne disease,3,0,0.0007759958613554061,0.00023546913939345146,0.0
Human rhinovirus,2,0,0.0005173305742369374,0.0002354686866537258,0.0
Mycobacterium tuberculosis,2,0,0.0005173305742369374,0.00023546068325663194,0.0
Dengue virus,3,0,0.0007759958613554061,0.00023545562958022574,0.0
University of North Carolina,3,0,0.0007759958613554061,0.00023545392186755657,0.0
Chikungunya virus,3,0,0.0007759958613554061,0.00023545132420744024,0.0
Montevideo,3,0,0.0007759958613554061,0.00023544941034817204,0.0
Simon Fraser University,2,0,0.0005173305742369374,0.00023544898554508638,0.0
COVID-19 vaccination,2,0,0.0005173305742369374,0.00023544856791937976,0.0
Transmission electron microscopy,3,0,0.0007759958613554061,0.00023544721953432834,0.0
Iwate Prefecture,3,0,0.0007759958613554061,0.00023544632716584012,0.0
Metformin,2,0,0.0005173305742369374,0.00023544486973432234,0.0
Famotidine,2,0,0.0005173305742369374,0.00023544264654856256,0.0
Blood clots,2,0,0.0005173305742369374,0.0002354421271324021,0.0
Post-viral fatigue syndrome,2,0,0.0005173305742369374,0.00023544018027413127,0.0
Post-acute infection syndrome,2,0,0.0005173305742369374,0.00023544018027413127,0.0
University of Southern California,1,0,0.0002586652871184687,0.00023543234973831195,0.0
NT-proBNP,1,0,0.0002586652871184687,0.00023543234973831195,0.0
Neutrophilia,1,0,0.0002586652871184687,0.00023543234973831195,0.0
Non-specific symptom,1,0,0.0002586652871184687,0.00023543234973831195,0.0
Nose,1,0,0.0002586652871184687,0.00023543234973831195,0.0
Peripheral nerve,1,0,0.0002586652871184687,0.00023543234973831195,0.0
Multisystem inflammatory syndrome,1,0,0.0002586652871184687,0.00023543234973831195,0.0
Disorientation,1,0,0.0002586652871184687,0.00023543234973831195,0.0
Metabolic acidosis,1,0,0.0002586652871184687,0.00023543234973831195,0.0
Sinus tachycardia,1,0,0.0002586652871184687,0.00023543234973831195,0.0
Smell training,1,0,0.0002586652871184687,0.00023543234973831195,0.0
Systematic review,1,0,0.0002586652871184687,0.00023543234973831195,0.0
Sustentacular cell,1,0,0.0002586652871184687,0.00023543234973831195,0.0
Chilblain,1,0,0.0002586652871184687,0.00023543234973831195,0.0
Peripheral nervous system,1,0,0.0002586652871184687,0.00023543234973831195,0.0
Productive cough,1,0,0.0002586652871184687,0.00023543234973831195,0.0
Ataxia,1,0,0.0002586652871184687,0.00023543234973831195,0.0
Endomyocardial biopsy,1,0,0.0002586652871184687,0.00023543234973831195,0.0
University of Pennsylvania Smell Identification Test,1,0,0.0002586652871184687,0.00023543234973831195,0.0
Troponin,1,0,0.0002586652871184687,0.00023543234973831195,0.0
Tim Spector,1,0,0.0002586652871184687,0.00023543234973831195,0.0
Rash,1,30,0.008018623900672529,0.00023543234973831195,4.476972956160231e-05
Fire hazard,1,0,0.0002586652871184687,0.00023543234973831195,0.0
Gastrointestinal symptom,1,0,0.0002586652871184687,0.00023543234973831195,0.0
Hypoxia (medicine),1,0,0.0002586652871184687,0.00023543234973831195,0.0
Acute disseminated encephalomyelitis,1,0,0.0002586652871184687,0.00023543234973831195,0.0
Acute myocarditis,1,0,0.0002586652871184687,0.00023543234973831195,0.0
Altered mental state,1,0,0.0002586652871184687,0.00023543234973831195,0.0
Asthenia,1,0,0.0002586652871184687,0.00023543234973831195,0.0
Columbia University Irving Medical Center,1,0,0.0002586652871184687,0.00023543234973831195,0.0
Intracerebral hemorrhage,1,0,0.0002586652871184687,0.00023543234973831195,0.0
"Kidney failure, acute",1,0,0.0002586652871184687,0.00023543234973831195,0.0
Lung fibrosis,1,0,0.0002586652871184687,0.00023543234973831195,0.0
Biopsy,2,0,0.0005173305742369374,0.0002354266704609056,0.0
Hypothesis,2,0,0.0005173305742369374,0.00023542392690914285,0.0
Conserved sequence,2,0,0.0005173305742369374,0.00023534892647743093,0.0
Genetic screening,1,0,0.0002586652871184687,0.00023533263865048055,0.0
Symptoms of COVID‑19,1,0,0.0002586652871184687,0.00023533263865048055,0.0
Sung Kim,1,0,0.0002586652871184687,0.00023533263865048055,0.0
Healing,1,0,0.0002586652871184687,0.00023533263865048055,0.0
Food and Drugs Administration,1,0,0.0002586652871184687,0.00023533263865048055,0.0
Ferrite (magnet),1,0,0.0002586652871184687,0.00023533263865048055,0.0
Heat recovery ventilation,1,0,0.0002586652871184687,0.00023533263865048055,0.0
Disseminated intravascular coagulation,1,0,0.0002586652871184687,0.00023533263865048055,0.0
Domestic duck,1,0,0.0002586652871184687,0.00023533263865048055,0.0
Healthcare policy,1,0,0.0002586652871184687,0.00023533263865048055,0.0
Relationship between blood group and COVID-19,1,14,0.0038799793067770304,0.00023533263865048055,1.1979683389773944e-06
COVID‑19 testing,1,0,0.0002586652871184687,0.00023533263865048055,0.0
Health insurance,1,0,0.0002586652871184687,0.00023533263865048055,0.0
Allele,1,0,0.0002586652871184687,0.00023533263865048055,0.0
CD4+ T cell,1,0,0.0002586652871184687,0.00023533263865048055,0.0
CCL3,1,0,0.0002586652871184687,0.00023533263865048055,0.0
Political philosophy,1,0,0.0002586652871184687,0.00023533263865048055,0.0
Rectum,1,0,0.0002586652871184687,0.00023533263865048055,0.0
Cardiac muscle cell,1,0,0.0002586652871184687,0.00023533263865048055,0.0
Pro-inflammatory cytokine,1,0,0.0002586652871184687,0.00023533263865048055,0.0
Premature delivery,1,0,0.0002586652871184687,0.00023533263865048055,0.0
Pre-existing condition,1,0,0.0002586652871184687,0.00023533263865048055,0.0
Povidone-iodine,1,0,0.0002586652871184687,0.00023533263865048055,0.0
Heptad repeat,1,0,0.0002586652871184687,0.00023533263865048055,0.0
COVID‑19 datasets,1,0,0.0002586652871184687,0.00023533263865048055,0.0
Hemophagocytosis,1,0,0.0002586652871184687,0.00023533263865048055,0.0
Radiograph,1,0,0.0002586652871184687,0.00023533263865048055,0.0
Opioid use disorder,1,0,0.0002586652871184687,0.00023533263865048055,0.0
Chemokine,1,0,0.0002586652871184687,0.00023533263865048055,0.0
Pneumocyte,1,0,0.0002586652871184687,0.00023533263865048055,0.0
Plasma cell,1,0,0.0002586652871184687,0.00023533263865048055,0.0
Pig,1,0,0.0002586652871184687,0.00023533263865048055,0.0
Phase IIb,1,0,0.0002586652871184687,0.00023533263865048055,0.0
Cerebral infarction,1,0,0.0002586652871184687,0.00023533263865048055,0.0
Novel virus,1,0,0.0002586652871184687,0.00023533263865048055,0.0
Normative economics,1,0,0.0002586652871184687,0.00023533263865048055,0.0
Hyaluronic acid,1,0,0.0002586652871184687,0.00023533263865048055,0.0
Humectant,1,0,0.0002586652871184687,0.00023533263865048055,0.0
Pediatric multisystem inflammatory syndrome,1,0,0.0002586652871184687,0.00023533263865048055,0.0
Passive ventilation,1,0,0.0002586652871184687,0.00023533263865048055,0.0
Relative humidity,1,0,0.0002586652871184687,0.00023533263865048055,0.0
Neanderthal,1,0,0.0002586652871184687,0.00023533263865048055,0.0
Nature Portfolio,1,0,0.0002586652871184687,0.00023533263865048055,0.0
Chimeric antigen receptor T cell,1,0,0.0002586652871184687,0.00023533263865048055,0.0
Monocyte chemoattractant protein-1,1,0,0.0002586652871184687,0.00023533263865048055,0.0
Neuron,1,0,0.0002586652871184687,0.00023533263865048055,0.0
Environmental degradation,1,0,0.0002586652871184687,0.00023533263865048055,0.0
Enterocyte,1,0,0.0002586652871184687,0.00023533263865048055,0.0
Neutralisation (immunology),1,0,0.0002586652871184687,0.00023533263865048055,0.0
Encephalopathy,1,0,0.0002586652871184687,0.00023533263865048055,0.0
Obligate nasal breathing,1,0,0.0002586652871184687,0.00023533263865048055,0.0
Fatty liver disease,1,0,0.0002586652871184687,0.00023533263865048055,0.0
Exudates,1,0,0.0002586652871184687,0.00023533263865048055,0.0
Exudate,1,0,0.0002586652871184687,0.00023533263865048055,0.0
Granulocyte-macrophage colony-stimulating factor,1,0,0.0002586652871184687,0.00023533263865048055,0.0
Medical research,1,0,0.0002586652871184687,0.00023533263865048055,0.0
Endotheliitis,1,0,0.0002586652871184687,0.00023533263865048055,0.0
Medical record,1,0,0.0002586652871184687,0.00023533263865048055,0.0
Max Planck Institute for Evolutionary Anthropology,1,0,0.0002586652871184687,0.00023533263865048055,0.0
Macroscopic scale,1,0,0.0002586652871184687,0.00023533263865048055,0.0
Management of COVID-19,1,0,0.0002586652871184687,0.00023533263865048055,0.0
Macroeconomic,1,0,0.0002586652871184687,0.00023533263865048055,0.0
Demand controlled ventilation,1,0,0.0002586652871184687,0.00023533263865048055,0.0
DOCK2,1,0,0.0002586652871184687,0.00023533263865048055,0.0
Convalescent serum,1,0,0.0002586652871184687,0.00023533263865048055,0.0
Gland,1,0,0.0002586652871184687,0.00023533263865048055,0.0
Giant cell,1,0,0.0002586652871184687,0.00023533263865048055,0.0
Lineage (evolution),1,0,0.0002586652871184687,0.00023533263865048055,0.0
Leukoerythroblastic,1,0,0.0002586652871184687,0.00023533263865048055,0.0
Latino (demonym),1,0,0.0002586652871184687,0.00023533263865048055,0.0
IgA,1,0,0.0002586652871184687,0.00023533263865048055,0.0
Hypogonadism,1,0,0.0002586652871184687,0.00023533263865048055,0.0
Hypochlorous acid,1,0,0.0002586652871184687,0.00023533263865048055,0.0
Hyperplasia,1,0,0.0002586652871184687,0.00023533263865048055,0.0
Intergovernmental Panel on Climate Change,1,0,0.0002586652871184687,0.00023533263865048055,0.0
Interferon-alpha,1,0,0.0002586652871184687,0.00023533263865048055,0.0
Cryptococcosis,1,0,0.0002586652871184687,0.00023533263865048055,0.0
Cross-reactivity,1,0,0.0002586652871184687,0.00023533263865048055,0.0
Antisepsis,1,0,0.0002586652871184687,0.00023533263865048055,0.0
Antibody response,1,0,0.0002586652871184687,0.00023533263865048055,0.0
Anti-HIV medications,1,0,0.0002586652871184687,0.00023533263865048055,0.0
Anthroponotic disease,1,0,0.0002586652871184687,0.00023533263865048055,0.0
Angiotensin II receptor blocker,1,0,0.0002586652871184687,0.00023533263865048055,0.0
Room temperature,1,0,0.0002586652871184687,0.00023533263865048055,0.0
Rhinolophus sinicus,1,0,0.0002586652871184687,0.00023533263865048055,0.0
Respiratory symptom,1,0,0.0002586652871184687,0.00023533263865048055,0.0
Capillaries,1,0,0.0002586652871184687,0.00023533263865048055,0.0
CXCL10,1,0,0.0002586652871184687,0.00023533263865048055,0.0
COVID‑19 vaccine,1,0,0.0002586652871184687,0.00023533263865048055,0.0
Atrial fibrillation,1,0,0.0002586652871184687,0.00023533263865048055,0.0
Sensitivity (statistics),1,0,0.0002586652871184687,0.00023533263865048055,0.0
Scientific review,1,0,0.0002586652871184687,0.00023533263865048055,0.0
S protein,1,0,0.0002586652871184687,0.00023533263865048055,0.0
Acute kidney injury,1,0,0.0002586652871184687,0.00023533263865048055,0.0
Arterioles,1,0,0.0002586652871184687,0.00023533263865048055,0.0
Steatosis,1,0,0.0002586652871184687,0.00023533263865048055,0.0
Specificity (statistics),1,0,0.0002586652871184687,0.00023533263865048055,0.0
Sodium hypochlorite,1,0,0.0002586652871184687,0.00023533263865048055,0.0
Wildlife trade and zoonoses,1,0,0.0002586652871184687,0.00023533263865048055,0.0
White pulp,1,0,0.0002586652871184687,0.00023533263865048055,0.0
Weasel family,1,0,0.0002586652871184687,0.00023533263865048055,0.0
BSL3,1,0,0.0002586652871184687,0.00023533263865048055,0.0
Vasodilation,1,0,0.0002586652871184687,0.00023533263865048055,0.0
UpToDate,1,0,0.0002586652871184687,0.00023533263865048055,0.0
Ultraviolet germicidal irradiation,1,0,0.0002586652871184687,0.00023533263865048055,0.0
UV light,1,0,0.0002586652871184687,0.00023533263865048055,0.0
Type I interferon,1,0,0.0002586652871184687,0.00023533263865048055,0.0
Benzalkonium chloride,1,0,0.0002586652871184687,0.00023533263865048055,0.0
Bacterial spore,1,0,0.0002586652871184687,0.00023533263865048055,0.0
Bronchoalveolar lavage fluid,1,0,0.0002586652871184687,0.00023533263865048055,0.0
Lymphocytic,1,0,0.0002586652871184687,0.00023533263865048055,0.0
Displacement ventilation,1,0,0.0002586652871184687,0.00023533263865048055,0.0
Karolinska Institutet,1,0,0.0002586652871184687,0.00023533263865048055,0.0
Ischemic heart disease,1,0,0.0002586652871184687,0.00023533263865048055,0.0
Intrauterine growth restriction,1,0,0.0002586652871184687,0.00023533263865048055,0.0
Interleukin 7,1,0,0.0002586652871184687,0.00023533263865048055,0.0
Infiltration (medical),1,0,0.0002586652871184687,0.00023533263865048055,0.0
Indigenous peoples of the Americas,1,0,0.0002586652871184687,0.00023533263865048055,0.0
Immunoglobulin therapy,1,0,0.0002586652871184687,0.00023533263865048055,0.0
Laminar flow,1,0,0.0002586652871184687,0.00023533263865048055,0.0
Emergency use authorisation,1,0,0.0002586652871184687,0.00023533263865048055,0.0
Duodenum,1,0,0.0002586652871184687,0.00023533263865048055,0.0
British Asian,1,0,0.0002586652871184687,0.00023533263865048055,0.0
Blood cell,1,0,0.0002586652871184687,0.00023533263865048055,0.0
Black British people,1,0,0.0002586652871184687,0.00023533263865048055,0.0
Astrocyte,1,0,0.0002586652871184687,0.00023533263865048055,0.0
Strain (biology),1,0,0.0002586652871184687,0.00023533263865048055,0.0
Stomach,1,0,0.0002586652871184687,0.00023533263865048055,0.0
Stimulant use disorder,1,0,0.0002586652871184687,0.00023533263865048055,0.0
Type II cell,1,0,0.0002586652871184687,0.00023533263865048055,0.0
Turin,1,0,0.0002586652871184687,0.00023533263865048055,0.0
Tumour necrosis factor,1,0,0.0002586652871184687,0.00023533263865048055,0.0
Tumor necrosis factor,1,0,0.0002586652871184687,0.00023533263865048055,0.0
Theory of virulence,1,0,0.0002586652871184687,0.00023533263865048055,0.0
Biomarker (medicine),1,0,0.0002586652871184687,0.00023533263865048055,0.0
Bioethics,1,0,0.0002586652871184687,0.00023533263865048055,0.0
Small intestine,1,0,0.0002586652871184687,0.00023533263865048055,0.0
Venezuelan equine encephalitis virus,2,0,0.0005173305742369374,0.00023533195210776952,0.0
Hydrogen bond,2,0,0.0005173305742369374,0.00023532262937670897,0.0
Cysteine,2,0,0.0005173305742369374,0.00023532262937670897,0.0
Works Progress Administration,1,0,0.0002586652871184687,0.00023530956943367584,0.0
Zinc supplementation,1,0,0.0002586652871184687,0.00023530956943367584,0.0
Sickle cell disease,1,0,0.0002586652871184687,0.00023530956943367584,0.0
Wheezing,1,0,0.0002586652871184687,0.00023530956943367584,0.0
W. B. Saunders,1,0,0.0002586652871184687,0.00023530956943367584,0.0
Vocal resonation,1,0,0.0002586652871184687,0.00023530956943367584,0.0
Vitamin A,1,0,0.0002586652871184687,0.00023530956943367584,0.0
Vital sign,1,0,0.0002586652871184687,0.00023530956943367584,0.0
Ventilator-associated pneumonia,1,0,0.0002586652871184687,0.00023530956943367584,0.0
Vancomycin,1,0,0.0002586652871184687,0.00023530956943367584,0.0
Trimethoprim/sulfamethoxazole,1,0,0.0002586652871184687,0.00023530956943367584,0.0
Toxoplasma gondii,1,0,0.0002586652871184687,0.00023530956943367584,0.0
Thoracentesis,1,0,0.0002586652871184687,0.00023530956943367584,0.0
Thomas Jefferson University,1,0,0.0002586652871184687,0.00023530956943367584,0.0
TLR6,1,0,0.0002586652871184687,0.00023530956943367584,0.0
Surgical masks,1,0,0.0002586652871184687,0.00023530956943367584,0.0
Staphylococcus aureus,1,0,0.0002586652871184687,0.00023530956943367584,0.0
Sputum culture,1,0,0.0002586652871184687,0.00023530956943367584,0.0
Pseudomonas aeruginosa,1,0,0.0002586652871184687,0.00023530956943367584,0.0
Serum electrolytes,1,0,0.0002586652871184687,0.00023530956943367584,0.0
Rigors,1,0,0.0002586652871184687,0.00023530956943367584,0.0
Respiratory rate,1,0,0.0002586652871184687,0.00023530956943367584,0.0
Respiratory bronchiolitis interstitial lung disease,1,0,0.0002586652871184687,0.00023530956943367584,0.0
Rapid influenza diagnostic test,1,0,0.0002586652871184687,0.00023530956943367584,0.0
Pulse,1,0,0.0002586652871184687,0.00023530956943367584,0.0
Pulmonary emboli,1,0,0.0002586652871184687,0.00023530956943367584,0.0
Pneumonia (disambiguation),1,0,0.0002586652871184687,0.00023530956943367584,0.0
Proton-pump inhibitors,1,0,0.0002586652871184687,0.00023530956943367584,0.0
Proning,1,0,0.0002586652871184687,0.00023530956943367584,0.0
Pneumonia severity index,1,0,0.0002586652871184687,0.00023530956943367584,0.0
Pneumococcal pneumonia,1,0,0.0002586652871184687,0.00023530956943367584,0.0
World Pneumonia Day,1,0,0.0002586652871184687,0.00023530956943367584,0.0
William Osler,1,0,0.0002586652871184687,0.00023530956943367584,0.0
White blood cell,1,0,0.0002586652871184687,0.00023530956943367584,0.0
Empyema,1,0,0.0002586652871184687,0.00023530956943367584,0.0
Pleuritic,1,0,0.0002586652871184687,0.00023530956943367584,0.0
Pneumocystis jiroveci,1,0,0.0002586652871184687,0.00023530956943367584,0.0
Pleural fluid,1,0,0.0002586652871184687,0.00023530956943367584,0.0
Parasite,1,0,0.0002586652871184687,0.00023530956943367584,0.0
Penicillin,1,0,0.0002586652871184687,0.00023530956943367584,0.0
Patient UK,1,0,0.0002586652871184687,0.00023530956943367584,0.0
Parasites,1,0,0.0002586652871184687,0.00023530956943367584,0.0
Oxygenation (medical),1,0,0.0002586652871184687,0.00023530956943367584,0.0
Organizing pneumonia,1,0,0.0002586652871184687,0.00023530956943367584,0.0
Nosocomial infection,1,0,0.0002586652871184687,0.00023530956943367584,0.0
Neuraminidase inhibitors,1,0,0.0002586652871184687,0.00023530956943367584,0.0
Neonatal,1,0,0.0002586652871184687,0.00023530956943367584,0.0
Parapneumonic effusion,1,0,0.0002586652871184687,0.00023530956943367584,0.0
Parainfluenza,1,0,0.0002586652871184687,0.00023530956943367584,0.0
Paragonimus westermani,1,0,0.0002586652871184687,0.00023530956943367584,0.0
Multi-drug resistant bacteria,1,0,0.0002586652871184687,0.00023530956943367584,0.0
Mucolytics,1,0,0.0002586652871184687,0.00023530956943367584,0.0
Moraxella catarrhalis,1,0,0.0002586652871184687,0.00023530956943367584,0.0
Mononuclear cell,1,0,0.0002586652871184687,0.00023530956943367584,0.0
Mississippi embayment,1,0,0.0002586652871184687,0.00023530956943367584,0.0
Methicillin resistant Staphylococcus aureus,1,0,0.0002586652871184687,0.00023530956943367584,0.0
Methicillin-resistant Staphylococcus aureus,1,0,0.0002586652871184687,0.00023530956943367584,0.0
Metastasis,1,0,0.0002586652871184687,0.00023530956943367584,0.0
Meconium,1,0,0.0002586652871184687,0.00023530956943367584,0.0
Malnutrition,1,0,0.0002586652871184687,0.00023530956943367584,0.0
Maimonides,1,0,0.0002586652871184687,0.00023530956943367584,0.0
Lymphocytic interstitial pneumonia,1,0,0.0002586652871184687,0.00023530956943367584,0.0
Lung ultrasound,1,0,0.0002586652871184687,0.00023530956943367584,0.0
Mycoplasma pneumoniae,1,0,0.0002586652871184687,0.00023530956943367584,0.0
Multiple drug resistance,1,0,0.0002586652871184687,0.00023530956943367584,0.0
Multidrug-resistant,1,0,0.0002586652871184687,0.00023530956943367584,0.0
Lipoid pneumonia,1,0,0.0002586652871184687,0.00023530956943367584,0.0
Lipids,1,0,0.0002586652871184687,0.00023530956943367584,0.0
Legionella pneumophila,1,0,0.0002586652871184687,0.00023530956943367584,0.0
Legionella,1,0,0.0002586652871184687,0.00023530956943367584,0.0
Klebsiella,1,0,0.0002586652871184687,0.00023530956943367584,0.0
Kidney dialysis,1,0,0.0002586652871184687,0.00023530956943367584,0.0
John Bunyan,1,0,0.0002586652871184687,0.00023530956943367584,0.0
Invasive pneumococcal disease,1,0,0.0002586652871184687,0.00023530956943367584,0.0
Interventional radiology,1,0,0.0002586652871184687,0.00023530956943367584,0.0
Interstitial pneumonia,1,0,0.0002586652871184687,0.00023530956943367584,0.0
Influenza A,1,0,0.0002586652871184687,0.00023530956943367584,0.0
Indoor air quality,1,0,0.0002586652871184687,0.00023530956943367584,0.0
Immunoglobulin,1,0,0.0002586652871184687,0.00023530956943367584,0.0
Idiopathic pneumonia syndrome,1,0,0.0002586652871184687,0.00023530956943367584,0.0
Hyposplenism,1,0,0.0002586652871184687,0.00023530956943367584,0.0
Humidifier,1,0,0.0002586652871184687,0.00023530956943367584,0.0
Home care,1,0,0.0002586652871184687,0.00023530956943367584,0.0
Hobart Reimann,1,0,0.0002586652871184687,0.00023530956943367584,0.0
Histoplasmosis,1,0,0.0002586652871184687,0.00023530956943367584,0.0
Heat and moisture exchanger,1,0,0.0002586652871184687,0.00023530956943367584,0.0
Hantaviruses,1,0,0.0002586652871184687,0.00023530956943367584,0.0
H2 blockers,1,0,0.0002586652871184687,0.00023530956943367584,0.0
Group B Streptococcus,1,0,0.0002586652871184687,0.00023530956943367584,0.0
Gram staining,1,0,0.0002586652871184687,0.00023530956943367584,0.0
Gastric feeding tube,1,0,0.0002586652871184687,0.00023530956943367584,0.0
Fluoroquinolones,1,0,0.0002586652871184687,0.00023530956943367584,0.0
Fluoroquinolone,1,0,0.0002586652871184687,0.00023530956943367584,0.0
FER (gene),1,0,0.0002586652871184687,0.00023530956943367584,0.0
Epidemiology of pneumonia,1,0,0.0002586652871184687,0.00023530956943367584,0.0
Lung parenchyma,1,0,0.0002586652871184687,0.00023530956943367584,0.0
Low income countries,1,0,0.0002586652871184687,0.00023530956943367584,0.0
Lobular pneumonia,1,0,0.0002586652871184687,0.00023530956943367584,0.0
Biological aging,1,0,0.0002586652871184687,0.00023530956943367584,0.0
Endotracheal intubation,1,0,0.0002586652871184687,0.00023530956943367584,0.0
Eosinophilic,1,0,0.0002586652871184687,0.00023530956943367584,0.0
Empiric therapy,1,0,0.0002586652871184687,0.00023530956943367584,0.0
Developed world,1,0,0.0002586652871184687,0.00023530956943367584,0.0
Electron microscope,1,0,0.0002586652871184687,0.00023530956943367584,0.0
Edwin Klebs,1,0,0.0002586652871184687,0.00023530956943367584,0.0
Diffuse lung disease,1,0,0.0002586652871184687,0.00023530956943367584,0.0
Complete blood count,1,0,0.0002586652871184687,0.00023530956943367584,0.0
Crystalloid solution,1,0,0.0002586652871184687,0.00023530956943367584,0.0
Cryptococcus neoformans,1,0,0.0002586652871184687,0.00023530956943367584,0.0
Coxiella burnetti,1,0,0.0002586652871184687,0.00023530956943367584,0.0
Colonisation (biology),1,0,0.0002586652871184687,0.00023530956943367584,0.0
Developing world,1,0,0.0002586652871184687,0.00023530956943367584,0.0
Decreased level of consciousness,1,0,0.0002586652871184687,0.00023530956943367584,0.0
Decortication,1,0,0.0002586652871184687,0.00023530956943367584,0.0
Chest X-ray,1,0,0.0002586652871184687,0.00023530956943367584,0.0
Classification of pneumonia,1,0,0.0002586652871184687,0.00023530956943367584,0.0
Clarithromycin,1,0,0.0002586652871184687,0.00023530956943367584,0.0
Christian Gram,1,0,0.0002586652871184687,0.00023530956943367584,0.0
Chlamydia trachomatis,1,0,0.0002586652871184687,0.00023530956943367584,0.0
Chlamydophila pneumoniae,1,0,0.0002586652871184687,0.00023530956943367584,0.0
Chlamydia psittaci,1,0,0.0002586652871184687,0.00023530956943367584,0.0
Chest tube,1,0,0.0002586652871184687,0.00023530956943367584,0.0
Cervical lymphadenopathy,1,0,0.0002586652871184687,0.00023530956943367584,0.0
Chest radiography,1,0,0.0002586652871184687,0.00023530956943367584,0.0
Chest physiotherapy,1,0,0.0002586652871184687,0.00023530956943367584,0.0
Chest auscultation,1,0,0.0002586652871184687,0.00023530956943367584,0.0
Cephazolin,1,0,0.0002586652871184687,0.00023530956943367584,0.0
Complement protein,1,0,0.0002586652871184687,0.00023530956943367584,0.0
Coccidioidomycosis,1,0,0.0002586652871184687,0.00023530956943367584,0.0
Coccidioides immitis,1,0,0.0002586652871184687,0.00023530956943367584,0.0
Anaerobic organism,1,0,0.0002586652871184687,0.00023530956943367584,0.0
Beta-lactam antibiotic,1,0,0.0002586652871184687,0.00023530956943367584,0.0
Chemical pneumonitis,1,0,0.0002586652871184687,0.00023530956943367584,0.0
Cephalosporins,1,0,0.0002586652871184687,0.00023530956943367584,0.0
Aminoglycoside,1,0,0.0002586652871184687,0.00023530956943367584,0.0
Central cyanosis,1,0,0.0002586652871184687,0.00023530956943367584,0.0
Centers for Medicare and Medicaid Services,1,0,0.0002586652871184687,0.00023530956943367584,0.0
Carl Friedländer,1,0,0.0002586652871184687,0.00023530956943367584,0.0
Acute heart failure,1,0,0.0002586652871184687,0.00023530956943367584,0.0
Acute interstitial pneumonia,1,0,0.0002586652871184687,0.00023530956943367584,0.0
Albert Fraenkel (1848–1916),1,0,0.0002586652871184687,0.00023530956943367584,0.0
Blood test,1,0,0.0002586652871184687,0.00023530956943367584,0.0
British Thoracic Society,1,0,0.0002586652871184687,0.00023530956943367584,0.0
Bronchial pneumonia,1,0,0.0002586652871184687,0.00023530956943367584,0.0
Bronchopulmonary segment,1,0,0.0002586652871184687,0.00023530956943367584,0.0
CURB-65,1,0,0.0002586652871184687,0.00023530956943367584,0.0
Amoxicillin,1,0,0.0002586652871184687,0.00023530956943367584,0.0
Antihypotensive agent,1,0,0.0002586652871184687,0.00023530956943367584,0.0
Avanos Medical,1,0,0.0002586652871184687,0.00023530956943367584,0.0
Asplenia,1,0,0.0002586652871184687,0.00023530956943367584,0.0
Ascaris lumbricoides,1,0,0.0002586652871184687,0.00023530956943367584,0.0
Blood cultures,1,0,0.0002586652871184687,0.00023530956943367584,0.0
Blood culture,1,0,0.0002586652871184687,0.00023530956943367584,0.0
Blastomyces,1,0,0.0002586652871184687,0.00023530956943367584,0.0
Rhabdoviridae,2,0,0.0005173305742369374,0.00023530331966702825,0.0
GC-content,2,0,0.0005173305742369374,0.00023530331966702825,0.0
Genetic code,2,0,0.0005173305742369374,0.00023530331966702825,0.0
Lipid bilayer,2,0,0.0005173305742369374,0.00023530331966702825,0.0
Primate,2,0,0.0005173305742369374,0.00023530331966702825,0.0
Open reading frame,2,0,0.0005173305742369374,0.00023530331966702825,0.0
RNA replication,2,0,0.0005173305742369374,0.00023530331966702825,0.0
Hendra virus,2,0,0.0005173305742369374,0.00023530197090631286,0.0
Zika fever,2,0,0.0005173305742369374,0.00023530130009563954,0.0
N501Y,2,0,0.0005173305742369374,0.0002353001121244794,0.0
Aerosols,2,0,0.0005173305742369374,0.0002352995669246106,0.0
Apoorva Mandavilli,2,0,0.0005173305742369374,0.00023529922741012663,0.0
Tegacovirus,2,0,0.0005173305742369374,0.0002352992149939163,0.0
Sunacovirus,2,0,0.0005173305742369374,0.0002352992149939163,0.0
Scotophilus bat coronavirus 512,2,0,0.0005173305742369374,0.0002352992149939163,0.0
Rousettus bat coronavirus HKU9,2,0,0.0005173305742369374,0.0002352992149939163,0.0
Rousettus bat coronavirus GCCDC1,2,0,0.0005173305742369374,0.0002352992149939163,0.0
Soracovirus,2,0,0.0005173305742369374,0.0002352992149939163,0.0
Rhinolophus ferrumequinum alphacoronavirus HuB-2013,2,0,0.0005173305742369374,0.0002352992149939163,0.0
Tylonycteris bat coronavirus HKU4,2,0,0.0005173305742369374,0.0002352992149939163,0.0
Hibecovirus,2,0,0.0005173305742369374,0.0002352992149939163,0.0
Decacovirus,2,0,0.0005173305742369374,0.0002352992149939163,0.0
Hedgehog coronavirus 1,2,0,0.0005173305742369374,0.0002352992149939163,0.0
Herdecovirus,2,0,0.0005173305742369374,0.0002352992149939163,0.0
RpYN06,2,0,0.0005173305742369374,0.0002352992149939163,0.0
Duvinacovirus,2,0,0.0005173305742369374,0.0002352992149939163,0.0
Duck coronavirus 2714,2,0,0.0005173305742369374,0.0002352992149939163,0.0
Deltacoronavirus,2,0,0.0005173305742369374,0.0002352992149939163,0.0
Eidolon bat coronavirus C704,2,0,0.0005173305742369374,0.0002352992149939163,0.0
Cegacovirus,2,0,0.0005173305742369374,0.0002352992149939163,0.0
Proline,2,0,0.0005173305742369374,0.0002352992149939163,0.0
Gammacoronavirus,2,0,0.0005173305742369374,0.0002352992149939163,0.0
Embecovirus,2,0,0.0005173305742369374,0.0002352992149939163,0.0
Rhinacovirus,2,0,0.0005173305742369374,0.0002352992149939163,0.0
China Rattus coronavirus HKU24,2,0,0.0005173305742369374,0.0002352992149939163,0.0
Colacovirus,2,0,0.0005173305742369374,0.0002352992149939163,0.0
Common moorhen coronavirus HKU21,2,0,0.0005173305742369374,0.0002352992149939163,0.0
Cornidovirineae,2,0,0.0005173305742369374,0.0002352992149939163,0.0
Coronavirus HKU15,2,0,0.0005173305742369374,0.0002352992149939163,0.0
RacCS203,2,0,0.0005173305742369374,0.0002352992149939163,0.0
Canine coronavirus HuPn-2018,2,0,0.0005173305742369374,0.0002352992149939163,0.0
Betacoronavirus 1,2,0,0.0005173305742369374,0.0002352992149939163,0.0
Bovine coronavirus,2,0,0.0005173305742369374,0.0002352992149939163,0.0
Bulbul coronavirus HKU11,2,0,0.0005173305742369374,0.0002352992149939163,0.0
Brangacovirus,2,0,0.0005173305742369374,0.0002352992149939163,0.0
Buldecovirus,2,0,0.0005173305742369374,0.0002352992149939163,0.0
Andecovirus,2,0,0.0005173305742369374,0.0002352992149939163,0.0
Porcine epidemic diarrhea virus,2,0,0.0005173305742369374,0.0002352992149939163,0.0
Avian coronavirus,2,0,0.0005173305742369374,0.0002352992149939163,0.0
Avian coronavirus 9203,2,0,0.0005173305742369374,0.0002352992149939163,0.0
BANAL-52,2,0,0.0005173305742369374,0.0002352992149939163,0.0
Bat SARS-like coronavirus WIV1,2,0,0.0005173305742369374,0.0002352992149939163,0.0
Bat coronavirus HKU10,2,0,0.0005173305742369374,0.0002352992149939163,0.0
Igacovirus,2,0,0.0005173305742369374,0.0002352992149939163,0.0
Letovirinae,2,0,0.0005173305742369374,0.0002352992149939163,0.0
Beluga whale coronavirus SW1,2,0,0.0005173305742369374,0.0002352992149939163,0.0
Rat coronavirus,2,0,0.0005173305742369374,0.0002352992149939163,0.0
Luchacovirus,2,0,0.0005173305742369374,0.0002352992149939163,0.0
London1 novel CoV/2012,2,0,0.0005173305742369374,0.0002352992149939163,0.0
Alanine,2,0,0.0005173305742369374,0.0002352992149939163,0.0
MERS coronavirus EMC/2012,2,0,0.0005173305742369374,0.0002352992149939163,0.0
Alphacoronavirus,2,0,0.0005173305742369374,0.0002352992149939163,0.0
Merbecovirus,2,0,0.0005173305742369374,0.0002352992149939163,0.0
Minacovirus,2,0,0.0005173305742369374,0.0002352992149939163,0.0
Miniopterus bat coronavirus 1,2,0,0.0005173305742369374,0.0002352992149939163,0.0
Miniopterus bat coronavirus HKU8,2,0,0.0005173305742369374,0.0002352992149939163,0.0
Minunacovirus,2,0,0.0005173305742369374,0.0002352992149939163,0.0
Munia coronavirus HKU13,2,0,0.0005173305742369374,0.0002352992149939163,0.0
Murine coronavirus,2,0,0.0005173305742369374,0.0002352992149939163,0.0
Myodes coronavirus 2JL14,2,0,0.0005173305742369374,0.0002352992149939163,0.0
Myotacovirus,2,0,0.0005173305742369374,0.0002352992149939163,0.0
NL63-related bat coronavirus strain BtKYNL63-9b,2,0,0.0005173305742369374,0.0002352992149939163,0.0
Nidovirales,2,0,0.0005173305742369374,0.0002352992149939163,0.0
Nobecovirus,2,0,0.0005173305742369374,0.0002352992149939163,0.0
Nyctacovirus,2,0,0.0005173305742369374,0.0002352992149939163,0.0
Nyctalus velutinus alphacoronavirus SC-2013,2,0,0.0005173305742369374,0.0002352992149939163,0.0
Pipistrellus bat coronavirus HKU5,2,0,0.0005173305742369374,0.0002352992149939163,0.0
Pipistrellus kuhlii coronavirus 3398,2,0,0.0005173305742369374,0.0002352992149939163,0.0
Pisoniviricetes,2,0,0.0005173305742369374,0.0002352992149939163,0.0
Pisuviricota,2,0,0.0005173305742369374,0.0002352992149939163,0.0
Orthornavirae,2,0,0.0005173305742369374,0.0002352992149939163,0.0
Pedacovirus,2,0,0.0005173305742369374,0.0002352992149939163,0.0
Serine,2,0,0.0005173305742369374,0.0002352992149939163,0.0
Setracovirus,2,0,0.0005173305742369374,0.0002352992149939163,0.0
White-eye coronavirus HKU16,2,0,0.0005173305742369374,0.0002352992149939163,0.0
Riboviria,2,0,0.0005173305742369374,0.0002352992149939163,0.0
RmYN02,2,0,0.0005173305742369374,0.0002352992149939163,0.0
Transmissible gastroenteritis virus,2,0,0.0005173305742369374,0.0002352992149939163,0.0
Sarbecovirus,2,0,0.0005173305742369374,0.0002352992149939163,0.0
Xishuangbanna,2,0,0.0005173305742369374,0.00023529887650192805,0.0
COVID Moonshot,2,0,0.0005173305742369374,0.0002352978929245212,0.0
Daily Telegraph,2,0,0.0005173305742369374,0.00023529660835906762,0.0
Sequence homology,2,0,0.0005173305742369374,0.0002352950517700778,0.0
Respiratory illness,2,0,0.0005173305742369374,0.0002352918557382383,0.0
Virulence factor,2,0,0.0005173305742369374,0.00023528990887996748,0.0
Tick-borne disease,2,0,0.0005173305742369374,0.00023528990887996748,0.0
Pathophysiology,1,0,0.0002586652871184687,0.00023527234097631938,0.0
Patient and public involvement,1,0,0.0002586652871184687,0.00023527234097631938,0.0
Outpatient department,1,0,0.0002586652871184687,0.00023527234097631938,0.0
Clinical case definition,1,0,0.0002586652871184687,0.00023527234097631938,0.0
Dual-energy CT,1,0,0.0002586652871184687,0.00023527234097631938,0.0
Deep vein,1,0,0.0002586652871184687,0.00023527234097631938,0.0
Diagnosis,1,0,0.0002586652871184687,0.00023527234097631938,0.0
Agency for Healthcare Research and Quality,1,0,0.0002586652871184687,0.00023527234097631938,0.0
Caregiver,1,0,0.0002586652871184687,0.00023527234097631938,0.0
Brainstem,1,0,0.0002586652871184687,0.00023527234097631938,0.0
Compression garment,1,0,0.0002586652871184687,0.00023527234097631938,0.0
Microclots,1,0,0.0002586652871184687,0.00023527234097631938,0.0
Microbiota,1,0,0.0002586652871184687,0.00023527234097631938,0.0
Electrolyte,1,0,0.0002586652871184687,0.00023527234097631938,0.0
Palpitations,1,0,0.0002586652871184687,0.00023527234097631938,0.0
Pelvis,1,0,0.0002586652871184687,0.00023527234097631938,0.0
Postural orthostatic tachycardia syndrome,1,0,0.0002586652871184687,0.00023527234097631938,0.0
Office of Long COVID Research and Practice,1,4,0.0012933264355923435,0.00023527234097631938,0.0
Radiological,1,0,0.0002586652871184687,0.00023527234097631938,0.0
Museum of Vancouver,1,0,0.0002586652871184687,0.00023527234097631938,0.0
Olfactory bulb,1,0,0.0002586652871184687,0.00023527234097631938,0.0
Royal College of General Practitioners,1,0,0.0002586652871184687,0.00023527234097631938,0.0
Skin rashes,1,0,0.0002586652871184687,0.00023527234097631938,0.0
Mitochondrion,1,0,0.0002586652871184687,0.00023527234097631938,0.0
Fertility,1,0,0.0002586652871184687,0.00023527234097631938,0.0
Vagus nerve,1,0,0.0002586652871184687,0.00023527234097631938,0.0
Type 1 diabetes,1,0,0.0002586652871184687,0.00023527234097631938,0.0
Thrombophilia,1,0,0.0002586652871184687,0.00023527234097631938,0.0
Tilt table test,1,0,0.0002586652871184687,0.00023527234097631938,0.0
Heart muscle,1,0,0.0002586652871184687,0.00023527234097631938,0.0
General practitioner,1,0,0.0002586652871184687,0.00023527234097631938,0.0
Endothelial dysfunction,1,0,0.0002586652871184687,0.00023527234097631938,0.0
BC-007,1,12,0.003362648732540093,0.00023527234097631938,2.867659991232745e-06
Perfusion,1,0,0.0002586652871184687,0.00023527234097631938,0.0
Phenotype (clinical medicine),1,0,0.0002586652871184687,0.00023527234097631938,0.0
Post viral cerebellar ataxia,1,0,0.0002586652871184687,0.00023527234097631938,0.0
Post-intensive care syndrome,1,0,0.0002586652871184687,0.00023527234097631938,0.0
Post-Ebola syndrome,1,0,0.0002586652871184687,0.00023527234097631938,0.0
Institute for Fiscal Studies,1,0,0.0002586652871184687,0.00023527234097631938,0.0
Medical Expenditure Panel Survey,1,0,0.0002586652871184687,0.00023527234097631938,0.0
South Park: Post COVID,1,0,0.0002586652871184687,0.00023527234097631938,0.0
Rivaroxaban,1,0,0.0002586652871184687,0.00023527234097631938,0.0
Kyasanur Forest disease,2,0,0.0005173305742369374,0.000235271880306625,0.0
Rodent,2,0,0.0005173305742369374,0.000235271880306625,0.0
The Epoch Times,1,27,0.007242628039317123,0.0002352622682355692,7.2013799051315235e-06
The Joe Rogan Experience,1,16,0.004397309881013968,0.0002352622682355692,0.0
Jim Bakker,1,7,0.0020693222969477496,0.0002352622682355692,4.614057783527383e-06
Virological.org,2,8,0.002586652871184687,0.00023522595978480273,0.0
Lianhua Qingwen,2,17,0.004914640455250905,0.0002351905877852684,3.324185862636344e-05
Javier Ortega Smith,1,1323,0.3424728401448526,0.0002351596385813552,0.0
Rhinolophus shameli,1,0,0.0002586652871184687,0.00023512206958215557,0.0
Phenotypic plasticity,1,0,0.0002586652871184687,0.00023512206958215557,0.0
Semliki Forest virus,1,0,0.0002586652871184687,0.00023512206958215557,0.0
Sense (molecular biology),1,0,0.0002586652871184687,0.00023512206958215557,0.0
Seoul orthohantavirus,1,0,0.0002586652871184687,0.00023512206958215557,0.0
Severe fever with thrombocytopenia syndrome,1,0,0.0002586652871184687,0.00023512206958215557,0.0
Murray Valley encephalitis virus,1,0,0.0002586652871184687,0.00023512206958215557,0.0
Omsk hemorrhagic fever,1,0,0.0002586652871184687,0.00023512206958215557,0.0
Pappataci fever,1,0,0.0002586652871184687,0.00023512206958215557,0.0
Oropouche fever,1,0,0.0002586652871184687,0.00023512206958215557,0.0
Oropouche virus,1,0,0.0002586652871184687,0.00023512206958215557,0.0
Overlapping gene,1,0,0.0002586652871184687,0.00023512206958215557,0.0
P681H,1,0,0.0002586652871184687,0.00023512206958215557,0.0
Rhinolophus pusillus,1,0,0.0002586652871184687,0.00023512206958215557,0.0
Simian foamy virus,1,0,0.0002586652871184687,0.00023512206958215557,0.0
Western equine encephalitis virus,1,0,0.0002586652871184687,0.00023512206958215557,0.0
Wikispecies,1,0,0.0002586652871184687,0.00023512206958215557,0.0
Venezuelan hemorrhagic fever,1,0,0.0002586652871184687,0.00023512206958215557,0.0
Vientiane province,1,0,0.0002586652871184687,0.00023512206958215557,0.0
Viral hemorrhagic fever,1,0,0.0002586652871184687,0.00023512206958215557,0.0
Viral species,1,0,0.0002586652871184687,0.00023512206958215557,0.0
Virus Pathogen Database and Analysis Resource,1,0,0.0002586652871184687,0.00023512206958215557,0.0
West Nile fever,1,0,0.0002586652871184687,0.00023512206958215557,0.0
Stung Treng Province,1,0,0.0002586652871184687,0.00023512206958215557,0.0
Sandfly fever Naples phlebovirus,1,0,0.0002586652871184687,0.00023512206958215557,0.0
Scanning electron micrographs,1,0,0.0002586652871184687,0.00023512206958215557,0.0
ScienceAlert,1,0,0.0002586652871184687,0.00023512206958215557,0.0
Ross River fever,1,0,0.0002586652871184687,0.00023512206958215557,0.0
Ross River virus,1,0,0.0002586652871184687,0.00023512206958215557,0.0
UCSC Genome Browser,1,0,0.0002586652871184687,0.00023512206958215557,0.0
Uracil,1,0,0.0002586652871184687,0.00023512206958215557,0.0
Usutu virus,1,0,0.0002586652871184687,0.00023512206958215557,0.0
Variants of severe acute respiratory syndrome coronavirus 2,1,0,0.0002586652871184687,0.00023512206958215557,0.0
Manis javanica,1,0,0.0002586652871184687,0.00023512206958215557,0.0
Mammal,1,0,0.0002586652871184687,0.00023512206958215557,0.0
Measles virus,1,0,0.0002586652871184687,0.00023512206958215557,0.0
Murid gammaherpesvirus 4,1,0,0.0002586652871184687,0.00023512206958215557,0.0
Mojiang Hani Autonomous County,1,0,0.0002586652871184687,0.00023512206958215557,0.0
Membrane protein,1,0,0.0002586652871184687,0.00023512206958215557,0.0
Mojiang County,1,0,0.0002586652871184687,0.00023512206958215557,0.0
Mengla County,1,0,0.0002586652871184687,0.00023512206958215557,0.0
Monkeypox,1,0,0.0002586652871184687,0.00023512206958215557,0.0
Mokola lyssavirus,1,0,0.0002586652871184687,0.00023512206958215557,0.0
O'nyong'nyong virus,1,0,0.0002586652871184687,0.00023512206958215557,0.0
Ngari virus,1,0,0.0002586652871184687,0.00023512206958215557,0.0
Neuropilin 1,1,0,0.0002586652871184687,0.00023512206958215557,0.0
Nasal cavity,1,0,0.0002586652871184687,0.00023512206958215557,0.0
Nanometre,1,0,0.0002586652871184687,0.00023512206958215557,0.0
Patented,1,0,0.0002586652871184687,0.00023512206958215557,0.0
Open-science,1,0,0.0002586652871184687,0.00023512206958215557,0.0
Oral medicine,1,0,0.0002586652871184687,0.00023512206958215557,0.0
Pangolins,1,0,0.0002586652871184687,0.00023512206958215557,0.0
PH,1,0,0.0002586652871184687,0.00023512206958215557,0.0
Kemerovo tickborne viral fever,1,0,0.0002586652871184687,0.00023512206958215557,0.0
Batai virus,1,0,0.0002586652871184687,0.00023512206958215557,0.0
Adria virus,1,0,0.0002586652871184687,0.00023512206958215557,0.0
Alkhurma virus,1,0,0.0002586652871184687,0.00023512206958215557,0.0
Adenine,1,0,0.0002586652871184687,0.00023512206958215557,0.0
K417N,1,0,0.0002586652871184687,0.00023512206958215557,0.0
Japanese encephalitis virus,1,0,0.0002586652871184687,0.00023512206958215557,0.0
Jamestown Canyon encephalitis,1,0,0.0002586652871184687,0.00023512206958215557,0.0
Human T-lymphotropic virus 2,1,0,0.0002586652871184687,0.00023512206958215557,0.0
Aerosol transmission,1,0,0.0002586652871184687,0.00023512206958215557,0.0
Airborne pathogen,1,0,0.0002586652871184687,0.00023512206958215557,0.0
Alphacoronavirus 1,1,0,0.0002586652871184687,0.00023512206958215557,0.0
Popular Science,1,0,0.0002586652871184687,0.00023512206958215557,0.0
Powassan encephalitis,1,0,0.0002586652871184687,0.00023512206958215557,0.0
Powassan virus,1,0,0.0002586652871184687,0.00023512206958215557,0.0
Poxviridae,1,0,0.0002586652871184687,0.00023512206958215557,0.0
Antiviral protein,1,0,0.0002586652871184687,0.00023512206958215557,0.0
Argentine hemorrhagic fever,1,0,0.0002586652871184687,0.00023512206958215557,0.0
Argentinian mammarenavirus,1,0,0.0002586652871184687,0.00023512206958215557,0.0
Australian bat lyssavirus,1,0,0.0002586652871184687,0.00023512206958215557,0.0
B virus,1,0,0.0002586652871184687,0.00023512206958215557,0.0
Banna virus,1,0,0.0002586652871184687,0.00023512206958215557,0.0
Pogosta disease,1,0,0.0002586652871184687,0.00023512206958215557,0.0
Andes orthohantavirus,1,0,0.0002586652871184687,0.00023512206958215557,0.0
Amur virus,1,0,0.0002586652871184687,0.00023512206958215557,0.0
California encephalitis orthobunyavirus,1,0,0.0002586652871184687,0.00023512206958215557,0.0
Bwamba orthobunyavirus,1,0,0.0002586652871184687,0.00023512206958215557,0.0
Bunyavirales,1,0,0.0002586652871184687,0.00023512206958215557,0.0
Bunyamwera orthobunyavirus,1,0,0.0002586652871184687,0.00023512206958215557,0.0
Brazilian hemorrhagic fever,1,0,0.0002586652871184687,0.00023512206958215557,0.0
Bourbon virus,1,0,0.0002586652871184687,0.00023512206958215557,0.0
Bolivian hemorrhagic fever,1,0,0.0002586652871184687,0.00023512206958215557,0.0
Bhanja virus,1,0,0.0002586652871184687,0.00023512206958215557,0.0
Betacoronavirus pandemicum,1,0,0.0002586652871184687,0.00023512206958215557,0.0
Beta-CoV,1,0,0.0002586652871184687,0.00023512206958215557,0.0
Cytosine,1,0,0.0002586652871184687,0.00023512206958215557,0.0
Cryogenic electron microscopy,1,0,0.0002586652871184687,0.00023512206958215557,0.0
042–079,1,0,0.0002586652871184687,0.00023512206958215557,0.0
Lujo mammarenavirus,1,0,0.0002586652871184687,0.00023512206958215557,0.0
Lassa virus,1,0,0.0002586652871184687,0.00023512206958215557,0.0
Langat virus,1,0,0.0002586652871184687,0.00023512206958215557,0.0
Lagos bat lyssavirus,1,0,0.0002586652871184687,0.00023512206958215557,0.0
La Crosse encephalitis,1,0,0.0002586652871184687,0.00023512206958215557,0.0
Kunjin virus,1,0,0.0002586652871184687,0.00023512206958215557,0.0
Sin Nombre orthohantavirus,1,0,0.0002586652871184687,0.00023512206958215557,0.0
Chapare virus,1,0,0.0002586652871184687,0.00023512206958215557,0.0
Codon usage bias,1,0,0.0002586652871184687,0.00023512206958215557,0.0
Colorado tick fever,1,0,0.0002586652871184687,0.00023512206958215557,0.0
Common ancestor,1,0,0.0002586652871184687,0.00023512206958215557,0.0
CpG dinucleotides,1,0,0.0002586652871184687,0.00023512206958215557,0.0
Cruise liner,1,0,0.0002586652871184687,0.00023512206958215557,0.0
Reverse genetics,1,0,0.0002586652871184687,0.00023512206958215557,0.0
Rc-o319,1,0,0.0002586652871184687,0.00023512206958215557,0.0
Puumala orthohantavirus,1,0,0.0002586652871184687,0.00023512206958215557,0.0
Protein structure prediction,1,0,0.0002586652871184687,0.00023512206958215557,0.0
Chachoengsao Province,1,0,0.0002586652871184687,0.00023512206958215557,0.0
GC skew,1,0,0.0002586652871184687,0.00023512206958215557,0.0
Fusion peptide,1,0,0.0002586652871184687,0.00023512206958215557,0.0
Respiratory droplets,1,0,0.0002586652871184687,0.00023512206958215557,0.0
Reoviridae,1,0,0.0002586652871184687,0.00023512206958215557,0.0
Eastern equine encephalitis,1,0,0.0002586652871184687,0.00023512206958215557,0.0
E484K,1,0,0.0002586652871184687,0.00023512206958215557,0.0
Duvenhage lyssavirus,1,0,0.0002586652871184687,0.00023512206958215557,0.0
Downregulation,1,0,0.0002586652871184687,0.00023512206958215557,0.0
Dobrava-Belgrade orthohantavirus,1,0,0.0002586652871184687,0.00023512206958215557,0.0
Yaba monkey tumor virus,1,0,0.0002586652871184687,0.00023512206958215557,0.0
Transmembrane domain,1,0,0.0002586652871184687,0.00023512206958215557,0.0
Toscana virus,1,0,0.0002586652871184687,0.00023512206958215557,0.0
Togaviridae,1,0,0.0002586652871184687,0.00023512206958215557,0.0
Tick-borne encephalitis virus,1,0,0.0002586652871184687,0.00023512206958215557,0.0
Tick-borne encephalitis,1,0,0.0002586652871184687,0.00023512206958215557,0.0
Glycan,1,0,0.0002586652871184687,0.00023512206958215557,0.0
Genome size,1,0,0.0002586652871184687,0.00023512206958215557,0.0
Genome project,1,0,0.0002586652871184687,0.00023512206958215557,0.0
Flaviviridae,1,0,0.0002586652871184687,0.00023512206958215557,0.0
Feuang district,1,0,0.0002586652871184687,0.00023512206958215557,0.0
Huaiyangshan banyangvirus,1,0,0.0002586652871184687,0.00023512206958215557,0.0
Genetic diversity,1,0,0.0002586652871184687,0.00023512206958215557,0.0
Homotrimer,1,0,0.0002586652871184687,0.00023512206958215557,0.0
Transmission electron micrograph,1,0,0.0002586652871184687,0.00023512206958215557,0.0
Rhinolophus cornutus,1,0,0.0002586652871184687,0.00023512206958215557,0.0
Rhinolophus malayanus,1,0,0.0002586652871184687,0.00023512206958215557,0.0
Rhinolophus acuminatus,1,0,0.0002586652871184687,0.00023512206958215557,0.0
ZC45 and ZXC21,1,0,0.0002586652871184687,0.00023512206958215557,0.0
Stool test,1,0,0.0002586652871184687,0.00023512206958215557,0.0
Stainless steel,1,0,0.0002586652871184687,0.00023512206958215557,0.0
Spillover event,1,0,0.0002586652871184687,0.00023512206958215557,0.0
Speech,1,0,0.0002586652871184687,0.00023512206958215557,0.0
Sindbis virus,1,0,0.0002586652871184687,0.00023512206958215557,0.0
Herpesviridae,1,0,0.0002586652871184687,0.00023512206958215557,0.0
Henipavirus,1,0,0.0002586652871184687,0.00023512206958215557,0.0
Heartland virus,1,0,0.0002586652871184687,0.00023512206958215557,0.0
Hantavirus pulmonary syndrome,1,0,0.0002586652871184687,0.00023512206958215557,0.0
Hantavirus hemorrhagic fever with renal syndrome,1,0,0.0002586652871184687,0.00023512206958215557,0.0
Hantaan orthohantavirus,1,0,0.0002586652871184687,0.00023512206958215557,0.0
Guanine,1,0,0.0002586652871184687,0.00023512206958215557,0.0
Sandfly,1,0,0.0002586652871184687,0.00023512206958215557,0.0
Saint Louis encephalitis,1,0,0.0002586652871184687,0.00023512206958215557,0.0
SAE 304 stainless steel,1,0,0.0002586652871184687,0.00023512206958215557,0.0
ZIKV,1,0,0.0002586652871184687,0.00023512206958215557,0.0
Thorax (journal),1,0,0.0002586652871184687,0.00023512206958215557,0.0
The Sun (Nigeria),1,0,0.0002586652871184687,0.00023512206958215557,0.0
Thailand virus,1,0,0.0002586652871184687,0.00023512206958215557,0.0
Tete virus,1,0,0.0002586652871184687,0.00023512206958215557,0.0
Zhoushan,1,0,0.0002586652871184687,0.00023512206958215557,0.0
Tanapox,1,0,0.0002586652871184687,0.00023512206958215557,0.0
Tahyna virus,1,0,0.0002586652871184687,0.00023512206958215557,0.0
Synonym (taxonomy),1,0,0.0002586652871184687,0.00023512206958215557,0.0
John Campbell (YouTuber),1,19,0.005173305742369374,0.00023505134378495006,0.0
Taiwan and the World Health Organization,1,12,0.003362648732540093,0.00023503568588264674,0.0
Steve Kirsch,1,11,0.0031039834454216243,0.00023503448063630166,0.0
Destiny Church (New Zealand),1,13,0.0036213140196585617,0.00023503436762105007,0.0
GX P2V,1,7,0.0020693222969477496,0.00023502887959898916,0.0
Center for Countering Digital Hate,1,15,0.004138644593895499,0.00023502837875599543,0.0
SMART Health Card,1,17,0.0046559751681324365,0.00023502711362913527,0.0
Confederation Liberty and Independence,1,10,0.0028453181583031556,0.00023502699827328044,0.0
Herbert Kickl,1,12,0.003362648732540093,0.00023502613524788732,0.0
Maskne,1,10,0.0028453181583031556,0.0002350260876742212,0.0
Naomichi Suzuki,1,1324,0.342731505431971,0.00023502503022122313,0.0
Angelo Borrelli,1,1324,0.342731505431971,0.0002350249055787332,0.0
Sequel wedding,0,4,0.0010346611484738748,0.00023485173418722843,0.0
Post-acute sequelae of COVID-19,0,3,0.0007759958613554061,0.00023485173418722843,0.0
Potamophylax coronavirus,0,8,0.0020693222969477496,0.00023485173418722843,0.0
Silent Hill: The Short Message,0,0,0.0,0.00023485173418722843,0.0
Pepe Escobar,0,7,0.0018106570098292809,0.00023485173418722843,0.0
Shav Vahini Ganga,0,3,0.0007759958613554061,0.00023485173418722843,0.0
Ashraf Sehrai,0,2,0.0005173305742369374,0.00023485173418722843,0.0
Kinsa,0,1323,0.3422141748577341,0.00023485173418722843,0.0
Covid fan tutte,0,2,0.0005173305742369374,0.00023485173418722843,0.0
COVID-19 and Its Challenges,0,68,0.01758923952405587,0.00023485173418722843,0.0
COVID toes,0,0,0.0,0.00023485173418722843,0.0
COVID fog,0,1,0.0002586652871184687,0.00023485173418722843,0.0
COVID kit,0,38,0.00982928091050181,0.00023485173418722843,0.0
Sadyr Japarov,0,12,0.0031039834454216243,0.00023485173418722843,0.0
Serena Ivaldi,0,1,0.0002586652871184687,0.00023485173418722843,0.0
Aytaç Yalman,0,1323,0.3422141748577341,0.00023485173418722843,0.0
Azvudine,0,9,0.0023279875840662182,0.00023485173418722843,0.0
Beat the Devil (play),0,3,0.0007759958613554061,0.00023485173418722843,0.0
Black-owned business,0,11,0.0028453181583031556,0.00023485173418722843,0.0
Loneliness epidemic,0,19,0.004914640455250905,0.00023485173418722843,0.0
MK-7845,0,9,0.0023279875840662182,0.00023485173418722843,0.0
Impact of the COVID-19 pandemic on time perception,0,7,0.0018106570098292809,0.00023485173418722843,0.0
Sepsivac,0,6,0.0015519917227108122,0.00023485173418722843,0.0
National File,0,12,0.0031039834454216243,0.00023485173418722843,0.0
NHS Pathways,0,4,0.0010346611484738748,0.00023485173418722843,0.0
Putham Pudhu Kaalai Vidiyaadhaa,0,4,0.0010346611484738748,0.00023485173418722843,0.0
Protein S,0,16,0.004138644593895499,0.00023485173418722843,0.0
Cinanserin,0,16,0.004138644593895499,0.00023485173418722843,0.0
Climate lockdown,0,5,0.0012933264355923435,0.00023485173418722843,0.0
Tipiracil,0,6,0.0015519917227108122,0.00023485173418722843,0.0
Ziauddin Ahmed Bablu,0,1,0.0002586652871184687,0.00023485173418722843,0.0
Bulgarian National Alliance,0,1,0.0002586652871184687,0.00023485173418722843,0.0
Aseem Malhotra,0,21,0.005431971029487843,0.00023485173418722843,0.0
Index of articles related to COVID-19,0,189,0.048887739265390584,0.00023485173418722843,0.0
Jaime Maussan,0,2,0.0005173305742369374,0.00023485173418722843,0.0
Homeoprophylaxis,0,1354,0.3502327987584066,0.00023485173418722843,0.0
Olgotrelvir,0,1350,0.34919813760993273,0.00023485173418722843,0.0
Mais qui ?,0,5,0.0012933264355923435,0.00023485173418722843,0.0
Outline of the COVID-19 pandemic,0,61,0.01577858251422659,0.00023485173418722843,0.0
Ying Yong,0,1331,0.3442834971546818,0.00023485173418722843,0.0
Yankee Candle,0,7,0.0018106570098292809,0.00023485173418722843,0.0
WHO-convened Global Study of Origins of SARS-CoV-2,0,25,0.006466632177961717,0.00023485173418722843,0.0
Grounded with Louis Theroux,0,10,0.002586652871184687,0.00023485173418722843,0.0
Tracy Davidson-Celestine,0,1322,0.3419555095706156,0.00023485173418722843,0.0
HEART Party,0,5,0.0012933264355923435,0.00023485173418722843,0.0
Hakuhō Shō,0,9,0.0023279875840662182,0.00023485173418722843,0.0
Hannah E. Davis,0,16,0.004138644593895499,0.00023485173418722843,0.0
Social Outburst (Chile),0,1328,0.3435075012933264,0.00023485173418722843,0.0
Untitled Anxious Red Drawings,0,3,0.0007759958613554061,0.00023485173418722843,0.0
"Jibla, Yemen",0,8,0.0020693222969477496,0.00023485173418722843,0.0
Virginia Moore,0,2,0.0005173305742369374,0.00023485173418722843,0.0
Visible (mobile app),0,5,0.0012933264355923435,0.00023485173418722843,0.0
Immunization during pregnancy,0,18,0.0046559751681324365,0.00023485173418722843,0.0
Happy Science,0,7,0.0018106570098292809,0.00023485173418722843,0.0
Hold-up (2020 film),0,23,0.00594930160372478,0.00023485173418722843,0.0
N-0385,0,11,0.0028453181583031556,0.00023485173418722843,0.0
Merafloxacin,0,6,0.0015519917227108122,0.00023485173418722843,0.0
Marilyn Gladu,0,3,0.0007759958613554061,0.00023485173418722843,0.0
Marc Rogers (security researcher),0,1,0.0002586652871184687,0.00023485173418722843,0.0
Lancet letter (COVID-19),0,26,0.006725297465080186,0.00023485173418722843,0.0
Trixie and Katya Save the World,0,0,0.0,0.00023485173418722843,0.0
Juanita Broaddrick,0,12,0.0031039834454216243,0.00023485173418722843,0.0
John Maughan,0,5,0.0012933264355923435,0.00023485173418722843,0.0
Temelimab,0,10,0.002586652871184687,0.00023485173418722843,0.0
The Uncensored Library,0,7,0.0018106570098292809,0.00023485173418722843,0.0
COVID-19 vaccine distribution by country and territory,0,1,0.0002586652871184687,0.00023485173418722843,0.0
The Vine and the Fish,0,5,0.0012933264355923435,0.00023485173418722843,0.0
Levilimab,0,8,0.0020693222969477496,0.00023485173418722843,0.0
Gerardo Fernández Noroña,0,2,0.0005173305742369374,0.00023485173418722843,0.0
Talfirastide,0,0,0.0,0.00023485173418722843,0.0
Jun12682,0,10,0.002586652871184687,0.00023485173418722843,0.0
Fazze,0,2,0.0005173305742369374,0.00023485173418722843,0.0
Evgenia Medvedeva,0,8,0.0020693222969477496,0.00023485173418722843,0.0
Disulfiram,0,41,0.010605276771857217,0.00023485173418722843,0.0
Camostat,0,21,0.005431971029487843,0.00023485173418722843,0.0
Freedom List (Denmark),0,6,0.0015519917227108122,0.00023485173418722843,0.0
George's Day Movement,0,5,0.0012933264355923435,0.00023485173418722843,0.0
Franck Riester,0,1324,0.3424728401448526,0.00023485173418722843,0.0
Fox News controversies,0,41,0.010605276771857217,0.00023485173418722843,0.0
Crisis Zone (graphic novel),0,2,0.0005173305742369374,0.00023485173418722843,0.0
Covid-Organics,0,13,0.003362648732540093,0.00023485173418722843,0.0
David Smadja,0,24,0.006207966890843249,0.00023485173418722843,0.0
Aloxistatin,0,12,0.0031039834454216243,0.00023485173418722843,0.0
Agatha Jassem,0,2,0.0005173305742369374,0.00023485173418722843,0.0
AXA1125,0,8,0.0020693222969477496,0.00023485173418722843,0.0
2020 in the United Kingdom,0,79,0.020434557682359026,0.00023485173418722843,0.0
19 to Zero,0,17,0.004397309881013968,0.00023485173418722843,0.0
