,pr_2026,pr_2020,shift
COVID-19 pandemic,0.0063622547686645195,0.000630094493714971,0.005732160274949548
COVID-19,0.005630729835105201,0.009504511858797587,-0.003873782023692386
World Health Organization,0.0027556559543628115,0.004159838113918362,-0.0014041821595555501
SARS-CoV-2,0.002643470764198313,0.0077474985296317345,-0.005104027765433422
Wuhan,0.0021448640602613877,0.007059527828960877,-0.004914663768699489
The New York Times,0.0020531650222605736,0.0023514946018033016,-0.000298329579542728
Severe acute respiratory syndrome coronavirus 2,0.0020317664154421065,0.005857678421335775,-0.0038259120058936687
The Guardian,0.0019592314242374265,0.0034721988830500347,-0.0015129674588126082
Reuters,0.0019383315880931618,0.0033517225923226234,-0.0014133910042294616
The Washington Post,0.0016914952368302912,0.0017677330590336827,-7.623782220339157e-05
Long COVID,0.0016033800513885928,0.0,0.0016033800513885928
Hubei,0.001539784840766667,0.0049148394306784155,-0.0033750545899117485
China,0.001462898666997784,0.005265287128867567,-0.003802388461869783
European Union,0.0014462623987279916,0.0032354046790732775,-0.001789142280345286
Symptoms of COVID-19,0.0013819833982137639,0.0,0.0013819833982137639
Case fatality rate,0.0013382023778996295,0.0008081745694536342,0.0005300278084459952
Attack (political party),0.0013160674773734355,0.001625015247392999,-0.0003089477700195635
Novel coronavirus,0.001271888493751889,0.0007920605753584487,0.00047982791839344034
Severe acute respiratory syndrome,0.0012533132639112007,0.0012289831282806384,2.433013563056226e-05
COVID-19 vaccine,0.001168074651775444,0.0009375693287249175,0.00023050532305052653
BBC News,0.0011626462526784392,0.0018374114421272824,-0.0006747651894488432
Transmission (medicine),0.0011471754528289662,0.0009480452619691987,0.0001991301908597675
COVID-19 pandemic by country and territory,0.0011143193694909354,0.0006016681864670273,0.000512651183023908
National Institutes of Health,0.0009788914277065774,0.0012117202690946902,-0.00023282884138811286
COVID-19 misinformation,0.0009698683681800444,0.0006016681864670273,0.0003682001817130171
Centers for Disease Control and Prevention,0.0009667526913826449,0.0019805327248936942,-0.0010137800335110493
COVID-19 lockdowns,0.0009655411948484841,0.0006016681864670273,0.0003638730083814568
BBC,0.0009647655963262542,0.0015315213445987413,-0.0005667557482724871
COVID-19 pandemic in Europe,0.0009622025400513793,0.0006016681864670273,0.00036053435358435193
SARS-CoV-2 Omicron variant,0.0009374353843000932,0.0,0.0009374353843000932
YouTube,0.0008862930574927024,0.0018987508537595978,-0.0010124577962668953
Social distancing,0.0008810654126057135,0.0013016502802030967,-0.00042058486759738326
Food and Drug Administration,0.0008568569183414516,0.0010899082057645936,-0.000233051287423142
COVID-19 pandemic in Italy,0.0007922856606958693,0.0006016681864670273,0.00019061747422884198
European Medicines Agency,0.0007884149492590416,0.0009821554175095,-0.00019374046825045845
Neutral Bulgaria,0.0007680390789191685,0.0,0.0007680390789191685
COVID-19 testing,0.000765656505303527,0.0011464093901594186,-0.0003807528848558916
India,0.0007595390746404285,0.0014378080367196606,-0.000678268962079232
Pfizer,0.000750064080301423,0.0006488562795443893,0.00010120780075703367
The Lancet,0.0007496978092127516,0.001142900657131458,-0.00039320284791870643
NPR,0.0007487011464728966,0.0010131468561187503,-0.00026444570964585367
United States,0.0007456778777757147,0.0036815668612057077,-0.002935888983429993
COVID-19 pandemic in the United States,0.0007410586459131262,0.0006016681864670273,0.00013939045944609887
SARS,0.0007384571262311269,0.0015289521998568857,-0.0007904950736257588
United Kingdom,0.0007356349547282008,0.0018845207719412511,-0.0011488858172130504
Coronavirus spike protein,0.0007193363884938848,0.0,0.0007193363884938848
Oxford–AstraZeneca COVID-19 vaccine,0.000715786013217089,0.0,0.000715786013217089
The Wall Street Journal,0.000715583063579748,0.0010479722826128729,-0.00033238921903312485
Hydroxychloroquine,0.0007081315562165634,0.0009114576994283008,-0.00020332614321173738
Coronavirus,0.0007027570263904344,0.0011678398586279473,-0.00046508283223751297
Pfizer–BioNTech COVID-19 vaccine,0.000700739231573316,0.0,0.000700739231573316
Clinical trial,0.0006988536548211709,0.0008107737335327047,-0.00011192007871153387
Monoclonal antibody,0.0006986284791433256,0.0006858124648475091,1.2816014295816505e-05
Quarantine,0.0006870307083258687,0.001604530150732507,-0.0009174994424066383
Face masks during the COVID-19 pandemic,0.0006788652062674296,0.0,0.0006788652062674296
COVID-19 pandemic in Singapore,0.0006710758277551947,0.0006016681864670273,6.940764128816738e-05
Johns Hopkins University,0.0006682636553916728,0.0017454938847495396,-0.0010772302293578667
Taiwan,0.0006555800433248496,0.0010930139377807338,-0.00043743389445588424
SARS-CoV-2 Delta variant,0.0006427983465926127,0.0,0.0006427983465926127
2002–2004 SARS outbreak,0.0006422654675200414,0.0007535179065431367,-0.00011125243902309527
Shortness of breath,0.0006380874246432158,0.0012178701886417578,-0.000579782763998542
COVID-19 pandemic in mainland China,0.0006337059070670674,0.0006016681864670273,3.203772060004009e-05
Myalgic encephalomyelitis/chronic fatigue syndrome,0.0006290537559039637,0.0,0.0006290537559039637
The Economist,0.0006236072415431017,0.0010330473633180651,-0.00040944012177496344
Variants of SARS-CoV-2,0.0006205957955400533,0.0,0.0006205957955400533
Pneumonia,0.0006171506157492777,0.0014199184755158516,-0.0008027678597665738
NBC News,0.0006118237672907274,0.0010351131652489363,-0.0004232893979582089
The Times,0.0006115995921174916,0.0006307165117348986,-1.9116919617406976e-05
Deployment of COVID-19 vaccines,0.0006101752469008383,0.0,0.0006101752469008383
Remdesivir,0.0006093508507916996,0.0008873299625816802,-0.0002779791117899806
Infection,0.0006013178620875875,0.000661304912388298,-5.998705030071049e-05
3C-like protease,0.0006009972996054419,0.0,0.0006009972996054419
COVID-19 pandemic in Malaysia,0.0005968066744617752,0.0006016681864670273,-4.861512005252099e-06
The Atlantic,0.000592947687726395,0.0008626333485443176,-0.0002696856608179226
SARS-CoV-2 Alpha variant,0.0005896276161046085,0.0,0.0005896276161046085
Milan,0.0005892964287518473,0.0021014749704801917,-0.0015121785417283443
Influenza,0.0005832277301663984,0.0010493932682186086,-0.00046616553805221015
Wuhan Institute of Virology,0.0005812764772123342,0.0007626217459090394,-0.00018134526869670515
GISAID,0.000579218906338406,0.0006355859394333238,-5.636703309491785e-05
COVID-19 pandemic in India,0.0005780772117878711,0.0,0.0005780772117878711
National Health Service,0.0005768672673175735,0.0009387967689621014,-0.000361929501644528
Nature (journal),0.0005731003158617984,0.001232841026045788,-0.0006597407101839897
Science (journal),0.0005681623922406709,0.0011428959902939268,-0.0005747335980532559
Intensive care unit,0.000560205134769301,0.0011231112906953432,-0.0005629061559260422
COVID-19 pandemic in Trinidad and Tobago,0.00055619064891927,0.0,0.00055619064891927
Healthy Together,0.0005511548495567973,0.0,0.0005511548495567973
Malaria,0.0005495649560301512,0.0011616205727197626,-0.0006120556166896114
Anthony Fauci,0.0005481926091807046,0.0007836664731120454,-0.0002354738639313409
Antiviral,0.0005469767749158493,0.0009770446065735315,-0.0004300678316576822
Basic reproduction number,0.0005442370404484026,0.000813910403477209,-0.00026967336302880646
Anxiety,0.0005429614273595884,0.0007161304846665798,-0.00017316905730699144
Surgical mask,0.0005419007179377558,0.0010343721692955626,-0.0004924714513578068
European Centre for Disease Prevention and Control,0.0005408831530784235,0.0014881952370970127,-0.0009473120840185892
COVID-19 pandemic in Iran,0.0005398710516142531,0.0006016681864670273,-6.179713485277428e-05
Chinese Center for Disease Control and Prevention,0.0005388949643027801,0.0009668372626918089,-0.0004279422983890287
Emergency use authorization,0.0005383466068872404,0.0006921004477339835,-0.0001537538408467431
University of Oxford,0.0005352185852165425,0.0010244379358688987,-0.0004892193506523562
COVID-19 pandemic in France,0.000533716197537417,0.0006016681864670273,-6.795198892961031e-05
COVID-19 pandemic in the United Kingdom,0.0005280017729947953,0.0006016681864670273,-7.366641347223205e-05
Herd immunity,0.0005274140379227458,0.0008428185919050086,-0.00031540455398226276
Politico,0.0005259803419806488,0.0008258853618491086,-0.0002999050198684598
Immunology,0.000521243927025068,0.0009661387728684262,-0.0004448948458433582
National Health Commission,0.0005196095198454412,0.0008508370614511049,-0.00033122754160566366
COVID-19 pandemic in Spain,0.0005171196818573169,0.0006016681864670273,-8.45485046097104e-05
Xenophobia and racism related to the COVID-19 pandemic,0.0005149330217067319,0.0006016681864670273,-8.673516476029547e-05
Greg Hunt,0.0005108030063216296,0.0006585208009629147,-0.00014771779464128507
Mental health during the COVID-19 pandemic,0.0005077851752291954,0.0,0.0005077851752291954
Azithromycin,0.0005069618313690299,0.0007437065016259188,-0.00023674467025688883
HEART Party,0.0005056362689349432,0.0,0.0005056362689349432
Sinopharm BIBP COVID-19 vaccine,0.0005055013926591106,0.0,0.0005055013926591106
Zero-COVID,0.0005035654638759842,0.0,0.0005035654638759842
COVID-19 pandemic in South Korea,0.0004998651275050968,0.0006016681864670273,-0.00010180305896193053
Nirmatrelvir/ritonavir,0.0004913777989586308,0.0,0.0004913777989586308
Middle East respiratory syndrome,0.000491242981501803,0.0010486866208837464,-0.0005574436393819434
Zhejiang,0.0004869211087280758,0.0011594387759452558,-0.00067251766721718
WHO,0.0004850967939848547,0.000847625567496821,-0.00036252877351196627
Anosmia,0.00048451925410303016,0.0006620702601477244,-0.00017755100604469423
COVID-19 pandemic in Asia,0.0004837870775644121,0.0006016681864670273,-0.00011788110890261524
Moderna COVID-19 vaccine,0.00048069380069592094,0.0,0.00048069380069592094
Shortages related to the COVID-19 pandemic,0.00047983152112462957,0.0006016681864670273,-0.00012183666534239777
Impact of the COVID-19 pandemic on education,0.0004775304442559131,0.0,0.0004775304442559131
COVID-19 recession,0.00047023978105728776,0.0,0.00047023978105728776
Korea Disease Control and Prevention Agency,0.00046679279415766546,0.0006016681864670273,-0.00013487539230936187
New England Journal of Medicine,0.000465423581561803,0.0008905162155611753,-0.0004250926339993723
Rheumatoid arthritis,0.0004640732859889828,0.0007521512862835382,-0.0002880780002945554
Confidence interval,0.00046309696399768926,0.0006557504901313781,-0.0001926535261336888
Polymerase chain reaction,0.0004620682494331117,0.0009417816685434726,-0.0004797134191103609
The New England Journal of Medicine,0.000461396724192876,0.0007017675717246832,-0.00024037084753180716
Intravenous,0.00046006565128311734,0.0006108102521500251,-0.00015074460086690774
Canada,0.0004594936941529784,0.0011130417400754078,-0.0006535480459224294
South Africa,0.00045761069224647716,0.0014757955167757325,-0.0010181848245292553
COVID-19 pandemic in Africa,0.00045753413241419983,0.0006016681864670273,-0.0001441340540528275
COVID-19 lab leak theory,0.0004559208357664496,0.0,0.0004559208357664496
Sputnik V COVID-19 vaccine,0.00045468020209289814,0.0,0.00045468020209289814
COVID-19 pandemic in Argentina,0.00045162129186982326,0.0006016681864670273,-0.00015004689459720407
Investigations into the origin of COVID-19,0.00044930277227170096,0.0,0.00044930277227170096
Cancer,0.0004487571746969191,0.0010280895445877517,-0.0005793323698908326
Vox (website),0.00044775534114493683,0.0007534422859852087,-0.0003056869448402719
COVID-19 pandemic death rates by country,0.00044568075056607083,0.0,0.00044568075056607083
Chloroquine,0.00044545636880759275,0.0008612432939219269,-0.0004157869251143341
Molnupiravir,0.0004447958300458963,0.0,0.0004447958300458963
Public health emergency of international concern,0.00044431875109446654,0.0006123280516850063,-0.00016800930059053976
COVID-19 pandemic in Australia,0.0004427546724313731,0.0006016681864670273,-0.0001589135140356542
Index case,0.00043994762360561506,0.0008465354738450799,-0.0004065878502394648
Post-exertional malaise,0.00043967042967298564,0.0006016681864670273,-0.0001619977567940417
HIV,0.0004389509917148757,0.0008823733016806502,-0.00044342230996577447
Diabetes mellitus,0.0004382765888531026,0.0009271543361752009,-0.0004888777473220983
Central Epidemic Command Center,0.0004376470474568144,0.0,0.0004376470474568144
Isolation (health care),0.00043755033289336195,0.0007977385970168422,-0.00036018826412348025
Guangdong,0.0004362384370834385,0.0007599880555634741,-0.00032374961848003565
SARS-CoV-1,0.0004361149494512748,0.0006158813400909993,-0.0001797663906397245
Tedros Adhanom Ghebreyesus,0.00043593116275650735,0.0006365965886925544,-0.000200665425936047
COVID-19 pandemic in North America,0.0004359226332794362,0.0006016681864670273,-0.00016574555318759113
Adenovirus,0.00043432412240560696,0.0006540318095820278,-0.00021970768717642088
Lopinavir/ritonavir,0.0004338734424722527,0.0006965655882945584,-0.00026269214582230564
HIV/AIDS,0.0004336137933095809,0.0008035602479771017,-0.00036994645466752077
Common cold,0.00043210376350065265,0.0008360499220128247,-0.000403946158512172
Caixin,0.00043206806553364055,0.0009043173705183522,-0.00047224930498471164
Protease,0.000431482993421467,0.000699348078408788,-0.00026786508498732094
Disinformation,0.0004309814406964577,0.000719342023288872,-0.0002883605825924143
Thrombosis,0.00043040165224033397,0.0007295865690827738,-0.00029918491684243983
SARS-CoV-2 Beta variant,0.0004292847189983316,0.0,0.0004292847189983316
Orthomyxoviridae,0.0004291315208181445,0.0006777513286552304,-0.0002486198078370859
Spanish flu,0.000428948718118842,0.0009209656390323455,-0.0004920169209135035
Misinformation,0.000428190499697501,0.0006340631015450411,-0.00020587260184754008
Vaccine,0.0004281218836893613,0.0010788944156381191,-0.0006507725319487578
Virus,0.0004273681912987861,0.0008162220283395741,-0.000388853837040788
Tuberculosis,0.0004270887263856343,0.0008492067432186348,-0.00042211801683300046
Amino acid,0.0004265534741062836,0.0007143697749168089,-0.00028781630081052524
Multiple sclerosis,0.0004257476309895789,0.0006324798261550529,-0.000206732195165474
Health professional,0.0004256324031366535,0.0008794091391819411,-0.00045377673604528757
Medication,0.00042526398617683133,0.0006934241275412408,-0.00026816014136440947
Deafness,0.00042455438488661547,0.0,0.00042455438488661547
COVID-19 pandemic in Kentucky,0.00042455438488661547,0.0,0.00042455438488661547
AdNow,0.00042455438488661547,0.0,0.00042455438488661547
COVID-19 pandemic in New Zealand,0.00042268465621026884,0.0006016681864670273,-0.0001789835302567585
Extracorporeal membrane oxygenation,0.0004215959623412387,0.0007504827964115147,-0.000328886834070276
Economic impact of the COVID-19 pandemic,0.00042072702608328524,0.0,0.00042072702608328524
COVID-19 drug development,0.0004191906345564734,0.0006880310916715828,-0.00026884045711510944
Antiviral drug,0.0004189627781800029,0.0007272329592134978,-0.00030827018103349486
Mental health,0.00041861261581903125,0.0,0.00041861261581903125
Fibromyalgia,0.0004185732859008981,0.0006128000749833996,-0.00019422678908250152
Ethanol,0.00041740100104417025,0.0009632672348054146,-0.0005458662337612443
COVID-19 pandemic in South America,0.0004166222884258819,0.0,0.0004166222884258819
Zoonosis,0.0004155980018759989,0.0007700225777431402,-0.0003544245758671413
Public Health Emergency of International Concern,0.0004154209003497197,0.0009131350919467483,-0.0004977141915970286
Viral load,0.0004143853250556161,0.0006557504901313781,-0.00024136516507576198
Moderna,0.00041426900527396626,0.000657998345227387,-0.0002437293399534207
CoronaVac,0.00041416016860979063,0.0,0.00041416016860979063
Asymptomatic,0.00041385732615152355,0.0006856550033359518,-0.00027179767718442827
COVID-19 pandemic in Taiwan,0.0004122452420774063,0.0006016681864670273,-0.00018942294438962105
Denmark,0.00041123659495196643,0.0008987469848611881,-0.0004875103899092217
Protests against responses to the COVID-19 pandemic,0.0004110867792836402,0.0,0.0004110867792836402
Viral replication,0.0004106839005837969,0.0,0.0004106839005837969
Infectious diseases,0.0004103171323713087,0.0008203088262570621,-0.0004099916938857534
Inflammation,0.0004097313574753295,0.0008080649315399354,-0.0003983335740646059
Respiratory syncytial virus,0.0004077676415312362,0.0006397520520209943,-0.00023198441048975814
Arginine,0.00040746432817144766,0.0,0.00040746432817144766
Medicines and Healthcare products Regulatory Agency,0.0004071002783537246,0.0,0.0004071002783537246
Painting for Saints,0.0004064734053854716,0.0,0.0004064734053854716
Hand washing,0.0004061145175996509,0.0007053304555431747,-0.00029921593794352377
Tedros Adhanom,0.0004060087220498531,0.0008088729696818717,-0.0004028642476320186
Brazil,0.0004055837043370846,0.0010940137209230756,-0.000688430016585991
BioNTech,0.00040503644524855927,0.0,0.00040503644524855927
COVID-19 pandemic in South Africa,0.0004049509151380289,0.0006016681864670273,-0.00019671727132899845
SARS-CoV-2 main protease,0.00040465530702807394,0.0,0.00040465530702807394
Oral administration,0.00040383834261243235,0.0006889775587285685,-0.00028513921611613617
Cardiovascular disease,0.0004037173885081013,0.0006466092472479643,-0.00024289185873986303
Antibody,0.00040333212338079295,0.0007154917659669418,-0.0003121596425861489
Myocarditis,0.00040219068266925595,0.0,0.00040219068266925595
Viral entry,0.000400682127510337,0.0006694287141358719,-0.00026874658662553487
Disease cluster,0.00040051883609786595,0.0007063044924686461,-0.00030578565637078014
COVID-19 misinformation by China,0.0004003397568907046,0.0,0.0004003397568907046
COVID-19 pandemic in Austria,0.0004001957287784366,0.0006016681864670273,-0.00020147245768859076
Ageusia,0.00040004871669225325,0.0006016681864670273,-0.0002016194697747741
Li Wenliang,0.0003980798854868981,0.0010810219565299613,-0.0006829420710430632
Nursing home,0.0003971265638684936,0.0006519879373291889,-0.0002548613734606953
Genome,0.00039708071775638554,0.0008449728159750787,-0.00044789209821869313
Corticosteroid,0.0003966822290330266,0.0006288273811395233,-0.00023214515210649668
Origin of SARS-CoV-2,0.0003957791520851936,0.0,0.0003957791520851936
Miracle Mineral Supplement,0.0003947797475420873,0.0006108052137967236,-0.00021602546625463625
COVID-19 pandemic in Denmark,0.0003945027139427591,0.0006016681864670273,-0.00020716547252426823
Mechanical ventilation,0.00039433469768156593,0.0006746207915895411,-0.0002802860939079752
Science-Based Medicine,0.00039408162677033974,0.0,0.00039408162677033974
COVID-19 pandemic in Chile,0.00039344499145362857,0.0006016681864670273,-0.00020822319501339877
Severe acute respiratory syndrome coronavirus,0.0003915243730922693,0.000820939017530661,-0.0004294146444383917
Transmission of COVID-19,0.0003914634438880116,0.0,0.0003914634438880116
Pacing (activity management),0.00039057392458531463,0.0,0.00039057392458531463
Immune system,0.0003904210667905004,0.000994443523986767,-0.0006040224571962666
Chloroquine and hydroxychloroquine during the COVID-19 pandemic,0.0003902862915834295,0.0,0.0003902862915834295
Janssen COVID-19 vaccine,0.0003896839464696967,0.0,0.0003896839464696967
COVID-19 pandemic in Canada,0.0003896698227963712,0.0006016681864670273,-0.00021199836367065612
Media coverage of the COVID-19 pandemic,0.00038834263940287577,0.0,0.00038834263940287577
COVID-19 pandemic in Germany,0.0003881801555522755,0.0006016681864670273,-0.00021348803091475184
Climate change,0.0003880975650844587,0.0007700956800124666,-0.0003819981149280079
Xenophobia,0.00038791968326206566,0.0006911658464827517,-0.00030324616322068606
Solidarity trial,0.0003876943061924056,0.0,0.0003876943061924056
COVID-19 pandemic in Vietnam,0.0003874706346572095,0.0006016681864670273,-0.00021419755180981785
Diarrhea,0.00038717819012309377,0.0006709288634633165,-0.0002837506733402227
Public Health England,0.00038678288832214665,0.0007804896858444326,-0.0003937067975222859
Shenzhen,0.00038564903817241126,0.0008417891337013538,-0.00045614009552894256
National Institute for Health and Care Excellence,0.0003846302780739845,0.0,0.0003846302780739845
Influenza A virus subtype H5N1,0.00038437980502394823,0.0007203907895271458,-0.0003360109845031976
"If You Don't Mask, You Don't Get",0.0003839192682935117,0.0,0.0003839192682935117
Epidemiologist,0.0003838738090864895,0.0007255245478622641,-0.0003416507387757746
Gizmodo,0.00038380206555431267,0.0011811022445988577,-0.0007973001790445451
Coagulation,0.00038365424659271585,0.0007295865690827738,-0.00034593232249005795
Hindi,0.00038353968439955397,0.0,0.00038353968439955397
Ancient Greek,0.00038352443205584227,0.0006073567395529423,-0.00022383230749710003
COVID-19 pandemic in Japan,0.0003832065155323403,0.0006016681864670273,-0.00021846167093468702
Cognitive impairment,0.00038268850822815884,0.0,0.00038268850822815884
Huanan Seafood Wholesale Market,0.0003824417549616585,0.0008282478354031959,-0.0004458060804415374
Hepatitis C virus,0.0003823542299965548,0.001113341716930013,-0.0007309874869334583
"Patriotic Front (Bulgaria, 2014)",0.0003823542299965548,0.0006016681864670273,-0.00021931395647047255
Bulgarian Patriots,0.0003823542299965548,0.0,0.0003823542299965548
Stat (website),0.0003820861769798018,0.000691926545420459,-0.00030984036844065714
Jérôme Salomon,0.00038198172273251597,0.000652835539513326,-0.00027085381678081
TMPRSS2,0.0003816046382712051,0.0007989933528284706,-0.00041738871455726544
Zika virus,0.0003815101031301488,0.0006597199575682054,-0.0002782098544380566
SARS-CoV-2 Gamma variant,0.00038075584302056415,0.0,0.00038075584302056415
BBC News Online,0.0003806181861642404,0.0007396499770979632,-0.0003590317909337228
COVID-19 vaccination in the United States,0.0003805991353731683,0.0,0.0003805991353731683
Hepatitis C,0.00038025290070151595,0.0007722260299546893,-0.00039197312925317337
Nasopharyngeal swab,0.00038020911596175165,0.0006867623574165123,-0.0003065532414547607
COVID-19 pandemic in New York (state),0.000380200322017507,0.0006016681864670273,-0.00022146786444952036
1918 flu pandemic,0.00037933877182795453,0.000632377850420661,-0.0002530390785927065
COVID-19 apps,0.0003790642719305917,0.0,0.0003790642719305917
COVID-19 pandemic on cruise ships,0.00037899026169740913,0.0006016681864670273,-0.0002226779247696182
Yellow fever,0.00037812001011164375,0.0011676406578199857,-0.000789520647708342
Spillover infection,0.00037810409063494756,0.0006423905089760711,-0.00026428641834112354
Fatigue,0.00037733050134088595,0.0006016681864670273,-0.00022433768512614138
Treatment and management of COVID-19,0.00037729254616440785,0.0,0.00037729254616440785
Pathogen,0.00037696966281185293,0.0008707011197250544,-0.0004937314569132015
RNA,0.0003768814770471931,0.0007700065971469536,-0.00039312512009976046
Nirmatrelvir,0.0003767060755459873,0.0,0.0003767060755459873
Heart failure,0.00037629149251165587,0.0007011027111965492,-0.00032481121868489337
Bat virome,0.0003761879185251749,0.0,0.0003761879185251749
Severe acute respiratory syndrome–related coronavirus,0.0003752078117374893,0.0,0.0003752078117374893
Infectious disease,0.0003747470523766739,0.000818054713606176,-0.00044330766122950213
Biology,0.00037460580865693836,0.0006894289571457578,-0.00031482314848881943
Huoshenshan Hospital,0.0003744408291654113,0.0008907878133972491,-0.0005163469842318377
Dexamethasone,0.0003742735518533657,0.0006016681864670273,-0.00022739463461366165
Sepsis,0.00037405825777564624,0.000653420327930205,-0.0002793620701545587
National responses to the COVID-19 pandemic,0.00037399539030142173,0.0,0.00037399539030142173
ACE2,0.000373912687060826,0.00065305037419405,-0.00027913768713322396
Stroke,0.0003737500138298221,0.0007445224329646725,-0.0003707724191348504
Menopause,0.00037367067643583345,0.0,0.00037367067643583345
Post-traumatic stress disorder,0.0003735778871724623,0.0,0.0003735778871724623
Dabie Mountain Regional Medical Centre,0.0003733882323427994,0.0008728086008019128,-0.0004994203684591134
Enzyme,0.0003729079664813677,0.0006422436647146828,-0.00026933569823331513
Respiratory failure,0.0003729007606825506,0.0006302065409542728,-0.0002573057802717222
RECOVER Initiative,0.00037229329442566353,0.0,0.00037229329442566353
Fangcang hospital,0.00037200347336119213,0.0,0.00037200347336119213
Nausea,0.000371735183721654,0.0006955511953457337,-0.00032381601162407973
Alzheimer's disease,0.0003711423794873625,0.0007352751221686888,-0.00036413274268132624
Glycoprotein,0.00037114201908729455,0.0007295865690827738,-0.00035844454999547925
Diabetes,0.00037078865122067725,0.0009374976647335254,-0.0005667090135128482
Median,0.0003703604700643914,0.0006605884462900892,-0.0002902279762256978
Diagnosis of exclusion,0.0003703278818905914,0.0007722260299546893,-0.0004018981480640979
Intravenous therapy,0.0003700369089304701,0.000623904053728419,-0.0002538671447979489
University College London,0.0003699053722380449,0.0006357797551645597,-0.00026587438292651486
Social impact of the COVID-19 pandemic,0.00036975420643519644,0.0006016681864670273,-0.0002319139800318309
Favipiravir,0.0003697209463045676,0.0007065897634374275,-0.0003368688171328599
Cancer-related fatigue,0.00036952474123948763,0.0006071115218974847,-0.00023758678065799704
Scientific American,0.00036929288778858105,0.0006357797551645597,-0.0002664868673759787
The Globe and Mail,0.00036880228661757375,0.0006357797551645597,-0.000266977468546986
N95 respirator,0.0003687962292797456,0.0,0.0003687962292797456
Operation Warp Speed,0.0003686828323386812,0.0,0.0003686828323386812
COVID-19 pandemic in Brazil,0.00036814673546706146,0.0006016681864670273,-0.00023352145099996588
Comorbidity,0.00036803376579389914,0.000783247255282485,-0.00041521348948858584
Ivermectin during the COVID-19 pandemic,0.0003677404826989241,0.0,0.0003677404826989241
Cystic fibrosis,0.0003676944278960216,0.000616069007108176,-0.00024837457921215447
MRNA vaccine,0.00036766707173379297,0.0006016681864670273,-0.00023400111473323437
COVID-19 pandemic in California,0.00036749355333528155,0.0006016681864670273,-0.00023417463313174579
Cathepsin,0.0003670264029455478,0.0,0.0003670264029455478
COVID-19 pandemic in Hong Kong,0.0003668229936444118,0.0006016681864670273,-0.00023484519282261553
Malaysian movement control order,0.0003664603813852488,0.0,0.0003664603813852488
White House Coronavirus Task Force,0.00036618554503605794,0.0007485084353765416,-0.0003823228903404837
Social distancing measures related to the COVID-19 pandemic,0.00036569183236210623,0.0,0.00036569183236210623
Asthma,0.00036555985640468426,0.0007155610824759787,-0.00035000122607129446
COVID-19 pandemic in Russia,0.00036537989722267657,0.0006016681864670273,-0.00023628828924435077
Impact of the COVID-19 pandemic on journalism,0.0003652119372446734,0.0,0.0003652119372446734
COVID-19 pandemic in Turkey,0.00036520238275685824,0.0,0.00036520238275685824
Bruce Aylward,0.0003651389543911014,0.0,0.0003651389543911014
Wiley (publisher),0.00036491179195828974,0.0007143697749168089,-0.0003494579829585191
Vaccine passports during the COVID-19 pandemic,0.0003648247246728334,0.0,0.0003648247246728334
Non-pharmaceutical intervention (epidemiology),0.0003648071806161262,0.0,0.0003648071806161262
C-reactive protein,0.00036478070759509654,0.0006054721618325538,-0.00024069145423745724
Reverse transcription polymerase chain reaction,0.0003645917256849834,0.0006871771203228793,-0.00032258539463789595
Encephalitis,0.00036408737730411777,0.000663233183447868,-0.0002991458061437502
Novavax COVID-19 vaccine,0.0003638421294740896,0.0,0.0003638421294740896
COVID-19 pandemic in San Marino,0.00036364300643235755,0.0006016681864670273,-0.0002380251800346698
COVID-19 pandemic in Hubei,0.0003635557542093392,0.0006016681864670273,-0.00023811243225768815
Nextstrain,0.00036352020517135895,0.0,0.00036352020517135895
Chronic obstructive pulmonary disease,0.00036343611074359525,0.0006505266532023044,-0.0002870905424587092
Polio,0.0003632117168655902,0.0007040028925596246,-0.0003407911756940344
Physical therapy,0.00036187705224433595,0.0,0.00036187705224433595
Angiotensin-converting enzyme 2,0.0003617417554637513,0.0006606696019887648,-0.00029892784652501355
COVID-19 pandemic in Thailand,0.0003614295161096264,0.0006016681864670273,-0.00024023867035740092
Serology,0.0003613589859685312,0.0006422360595419423,-0.00028087707357341105
Yellow vests protests,0.00036125415255152456,0.0006016681864670273,-0.00024041403391550278
Quartz (publication),0.0003607145118411765,0.0006899362643647455,-0.00032922175252356905
Travel during the COVID-19 pandemic,0.0003601208434368474,0.0006016681864670273,-0.00024154734303017994
Lianhua Qingwen,0.0003599026433239352,0.0,0.0003599026433239352
Plandemic,0.00035979091658096946,0.0,0.00035979091658096946
Middle East respiratory syndrome-related coronavirus,0.00035948624637629654,0.0007267409053533774,-0.0003672546589770808
Cytokines,0.00035937157549980714,0.0006046752917837415,-0.0002453037162839344
Flu season,0.0003590904285826035,0.0006054721618325538,-0.0002463817332499503
Receptor antagonist,0.0003590258793108646,0.0008982272742075639,-0.0005392013948966993
Acute respiratory distress syndrome,0.00035878200803130477,0.0006788395298614344,-0.0003200575218301297
Influenza A virus subtype H1N1,0.0003585623671715578,0.0007240980095662827,-0.00036553564239472493
Ai Fen,0.0003584778777333266,0.0006557504901313781,-0.00029727261239805144
Vaccination,0.0003583285212336744,0.000924880486909448,-0.0005665519656757736
Feline coronavirus,0.00035771106693331277,0.0006746004330471337,-0.0003168893661138209
BMJ,0.00035757768358691796,0.0007295865690827738,-0.00037200888549585585
COVID-19 pandemic in the Netherlands,0.00035717732329110013,0.0006016681864670273,-0.0002444908631759272
Chikungunya,0.0003569384695572932,0.0,0.0003569384695572932
Hand sanitiser,0.0003566579677298248,0.0007994808527680565,-0.00044282288503823166
Incubation period,0.00035660551929171333,0.0007143697749168089,-0.0003577642556250955
Coalition for Epidemic Preparedness Innovations,0.00035652707212869173,0.0006649745332313022,-0.0003084474611026105
2020 stock market crash,0.00035631937307828866,0.0007193566816214866,-0.0003630373085431979
Dengue,0.00035623183766142583,0.0006279331795320591,-0.0002717013418706333
Google Books,0.0003562168757986556,0.000688238513393044,-0.00033202163759438836
COVID-19 vaccination in Australia,0.00035554990195558285,0.0,0.00035554990195558285
Protein,0.00035546244762175636,0.0006656273777749006,-0.0003101649301531442
Flattening the curve,0.0003553353545236381,0.0,0.0003553353545236381
Neil Ferguson (epidemiologist),0.00035521725803514014,0.0006991344646380303,-0.0003439172066028902
Missouri v. China,0.0003551319100706552,0.0,0.0003551319100706552
Etesevimab,0.00035493224551374786,0.0,0.00035493224551374786
2022 COVID-19 protests in China,0.00035473930287751633,0.0,0.00035473930287751633
Meta-analysis,0.00035456681952141715,0.0,0.00035456681952141715
Jeong Eun-kyeong,0.000354087690017167,0.0006016681864670273,-0.00024758049644986034
COVID-19 pandemic in Egypt,0.0003540748423753136,0.0006016681864670273,-0.0002475933440917137
Peter Daszak,0.0003539876933991073,0.0006481839619636625,-0.0002941962685645552
Phylogenetic Assignment of Named Global Outbreak Lineages,0.0003539497400289038,0.0,0.0003539497400289038
Luc Montagnier,0.0003539238245225427,0.0006163327385081883,-0.00026240891398564563
COVID-19 pandemic in Peru,0.00035377201691266704,0.0,0.00035377201691266704
Deep clean (COVID-19),0.00035367254854473576,0.0,0.00035367254854473576
RaTG13,0.00035361764987913073,0.0,0.00035361764987913073
CT scan,0.00035324212641658546,0.0008018524983142835,-0.0004486103718976981
COVID-19 pandemic in Yemen,0.00035322030751105537,0.0,0.00035322030751105537
COVID-19 pandemic in Sweden,0.0003531552726313002,0.0,0.0003531552726313002
COVID-19 pandemic on Diamond Princess,0.00035303380649657264,0.0,0.00035303380649657264
Pangolin,0.0003530118876900127,0.0007414332619990155,-0.00038842137430900275
Hypertension,0.0003527869650006122,0.0008582843709154581,-0.0005054974059148459
Impact of the COVID-19 pandemic on social media,0.0003526324732964877,0.0,0.0003526324732964877
Mayo Clinic,0.0003522644937745331,0.0006422360595419423,-0.00028997156576740914
Zhong Nanshan,0.00035198512029785227,0.0006481863101546679,-0.00029620118985681566
Randomized controlled trial,0.00035162134866813157,0.0006315875507399434,-0.00027996620207181185
Fabrizio Curcio,0.00035136910779868657,0.0,0.00035136910779868657
Cluster 5,0.00035128706664158736,0.0,0.00035128706664158736
Mortality rate,0.00035102616986572006,0.0006415148777503571,-0.00029048870788463707
Aptamer,0.00035053807946894256,0.0,0.00035053807946894256
Human coronavirus NL63,0.0003503898768427258,0.0007582710303194269,-0.0004078811534767011
Heart rate variability,0.0003502652579869402,0.0,0.0003502652579869402
Serotonin,0.0003502652579869402,0.0006071115218974847,-0.0002568462639105445
Bat,0.00034991733226005285,0.0007384199273108153,-0.00038850259505076245
Nasal spray,0.0003496045202867183,0.0006215698931769141,-0.0002719653728901958
Autoimmune disease,0.0003495819842842453,0.0006357885161049618,-0.0002862065318207165
Sputum,0.0003495699875774405,0.0006958893878781129,-0.00034631940030067237
Richard Horton (editor),0.00034946772018942124,0.0,0.00034946772018942124
Myocardial infarction,0.00034942621892262873,0.0007069946877180668,-0.00035756846879543807
Our World in Data,0.0003493108365982192,0.0006572691124659433,-0.00030795827586772406
Antigen,0.00034927996534430783,0.0006521163095276513,-0.0003028363441833435
Botswana,0.000349271210564214,0.0,0.000349271210564214
Endogenous retrovirus,0.0003492278044455612,0.0,0.0003492278044455612
Depression (mood),0.0003492121246891569,0.0006408282911678324,-0.00029161616647867554
Hepatitis B,0.0003490887392478034,0.00089782673293105,-0.0005487379936832466
Africa Centres for Disease Control and Prevention,0.0003488289832709265,0.0,0.0003488289832709265
Chinese government response to COVID-19,0.00034860298884250673,0.0,0.00034860298884250673
Shi Zhengli,0.0003485724667953743,0.0006853288684400672,-0.0003367564016446929
Springer Nature,0.00034850630882680565,0.0,0.00034850630882680565
Cytokine storm,0.0003484698300622673,0.0006016681864670273,-0.00025319835640476003
COVID-19 pandemic in Switzerland,0.00034844246275987634,0.0006016681864670273,-0.000253225723707151
Superspreader,0.0003482244456056706,0.0,0.0003482244456056706
COVID-19 pandemic deaths,0.0003481927491526212,0.0,0.0003481927491526212
COVID-19 pandemic in Bonaire,0.00034819059263840695,0.0,0.00034819059263840695
Dengue fever,0.0003479595651244067,0.000749367851171672,-0.0004014082860472653
RECOVERY Trial,0.0003476583521191812,0.0,0.0003476583521191812
2022 Shanghai COVID-19 outbreak,0.0003476566369937739,0.0,0.0003476566369937739
Elsevier,0.00034747031307259314,0.0006466092472479643,-0.0002991389341753712
Rwanda,0.0003474188532981554,0.0006558163991254024,-0.000308397545827247
COVID-19 pandemic in Oceania,0.00034658820267410644,0.0006016681864670273,-0.0002550799837929209
COVID-19 pandemic in Antarctica,0.00034658507057047975,0.0,0.00034658507057047975
Fortune (magazine),0.00034626145073023205,0.0006399984934364532,-0.0002937370427062211
Chen Wei (medical scientist),0.0003458710290033057,0.0,0.0003458710290033057
Antibiotic,0.00034584532549567545,0.0006889706180132773,-0.00034312529251760183
COVID-19 lockdowns in Italy,0.0003457282527030359,0.0006016681864670273,-0.0002559399337639914
Immunity (medical),0.000345540612679141,0.0007361861115852541,-0.00039064549890611305
Yunnan,0.00034545490364899973,0.0007229258113800887,-0.00037747090773108895
Arrhythmia,0.00034518660364630746,0.000630094493714971,-0.00028490789006866356
COVID-19 pandemic in Portugal,0.0003451114574521502,0.0006016681864670273,-0.0002565567290148771
Insomnia,0.00034503703474951877,0.0006065764786567345,-0.00026153944390721576
Human coronavirus HKU1,0.0003448707056531643,0.0007120681750077874,-0.0003671974693546231
Rift Valley fever,0.00034485419799885994,0.0007239135354335342,-0.00037905933743467423
2020 Russia–Saudi Arabia oil price war,0.00034475687983284806,0.0007205777807331435,-0.00037582090090029546
Horseshoe bat,0.0003444521205473723,0.0006515378507377618,-0.0003070857301903895
Impact of the COVID-19 pandemic on cinema,0.00034429145170203617,0.0006016681864670273,-0.00025737673476499117
Vasculitis,0.0003442143467967091,0.0006511910672803765,-0.00030697672048366745
Mink,0.0003440021355138004,0.0,0.0003440021355138004
GDP,0.0003439019063919221,0.0006058869247389208,-0.0002619850183469987
Influenza vaccine,0.0003437948478069745,0.000662324776328441,-0.00031852992852146654
Baricitinib,0.00034366774169644024,0.0006016681864670273,-0.0002580004447705871
Zhang Jixian,0.0003436518141406637,0.0,0.0003436518141406637
Chunyun,0.0003436518141406637,0.0006625219909650534,-0.0003188701768243897
Immune response,0.00034360267220254366,0.0007101510366449155,-0.00036654836444237186
PCR test,0.00034351275078282884,0.0,0.00034351275078282884
Timeline of the COVID-19 pandemic,0.0003433003118397225,0.0006016681864670273,-0.00025836787462730484
COVID-19 pandemic in Alberta,0.00034325595592061056,0.0,0.00034325595592061056
Huanan Seafood Market,0.0003432080348008082,0.000697732494197402,-0.00035452445939659384
Paracetamol,0.00034318273361155587,0.0006738239215407289,-0.000330641187929173
Greek alphabet,0.00034313774886876743,0.0,0.00034313774886876743
Bamlanivimab,0.00034309907002273894,0.0,0.00034309907002273894
Knowable Magazine,0.0003430075518388964,0.0,0.0003430075518388964
Drug repositioning,0.00034294298273290444,0.0006224454850569458,-0.00027950250232404135
Natural reservoir,0.0003429232415231566,0.0006694287141358719,-0.0003265054726127153
2020 Tablighi Jamaat COVID-19 hotspot in Malaysia,0.0003429090983822564,0.0,0.0003429090983822564
Hepatitis,0.00034278888782576604,0.0007334628837074934,-0.00039067399588172736
MERS-CoV,0.0003427635510041498,0.0006343952103199266,-0.00029163165931577677
COVID-19 misinformation by the United States,0.0003426901869680724,0.0,0.0003426901869680724
National Geographic,0.0003424591684440879,0.0006123280516850063,-0.0002698688832409184
Canada convoy protest,0.0003423971550124867,0.0,0.0003423971550124867
COVID-19 lockdown in China,0.0003423615215850771,0.0006016681864670273,-0.0002593066648819502
Pertussis,0.00034210131962696415,0.0007089111847493318,-0.0003668098651223677
Li Lanjuan,0.0003419846840043638,0.0006656895953230591,-0.0003237049113186953
Nipah virus,0.0003417228564339788,0.0007398448663776113,-0.0003981220099436325
Hypotension,0.000341632652739884,0.0006728460018261882,-0.00033121334908630426
COVID-19 pandemic in Mexico,0.00034160651515443066,0.0006016681864670273,-0.0002600616713125967
MERS,0.0003414795916219345,0.0006408538620774467,-0.0002993742704555122
Myalgia,0.00034144216991814256,0.0006608224008719362,-0.0003193802309537936
University of Washington,0.0003412979921554415,0.000663233183447868,-0.0003219351912924264
United States Intelligence Community,0.000341056307766243,0.0006123280516850063,-0.0002712717439187633
Ventilation (architecture),0.00034097593121781736,0.0006963192665713286,-0.0003553433353535113
Ebola virus disease,0.0003409424737577804,0.0007243484562588327,-0.00038340598250105227
COVID-19 pandemic in Slovakia,0.00034070804766572706,0.0006016681864670273,-0.0002609601388013003
COVID-19 pandemic in Romania,0.00034068791730555346,0.0006016681864670273,-0.0002609802691614739
COVID-19 lockdown in India,0.0003405761305286441,0.0,0.0003405761305286441
Sore throat,0.00034049099426946097,0.0006566036626000428,-0.00031611266833058186
COVID-19 pandemic in Cambodia,0.00034045110011437325,0.0006016681864670273,-0.0002612170863526541
Fibrin,0.00034039522861035044,0.0006423905089760711,-0.00030199528036572065
Polypropylene,0.00034038163634429513,0.0006382162957858121,-0.000297834659441517
Hemolysis,0.00034031913449118236,0.0006294096709054606,-0.0002890905364142782
COVID-19 pandemic in New York City,0.0003401698278196279,0.0,0.0003401698278196279
COVID-19 pandemic in Saint Kitts and Nevis,0.0003401601595963185,0.0,0.0003401601595963185
Pandemic prevention,0.00033972795681127405,0.0006481839619636625,-0.0003084560051523884
Cognitive deficit,0.0003396206307020993,0.0,0.0003396206307020993
Central Hospital of Wuhan,0.0003393814782763049,0.0006814766814419935,-0.00034209520316568864
COVID-19 pandemic in Vatican City,0.0003391794732285527,0.0006016681864670273,-0.00026248871323847464
Michael J. Ryan (doctor),0.0003390793028253224,0.0006058869247389208,-0.0002668076219135984
Hashtag,0.00033906203917168846,0.0006666158538595275,-0.00032755381468783907
Nucleic acid test,0.0003390286321707489,0.0,0.0003390286321707489
White House COVID-19 outbreak,0.00033897898214584217,0.0,0.00033897898214584217
Vomiting,0.0003388758032352951,0.000700459487535441,-0.0003615836843001459
Booster dose,0.00033882659510153,0.0,0.00033882659510153
Central nervous system,0.00033880937667366126,0.0006221607433816902,-0.0002833513667080289
Infection fatality rate,0.00033877448574491545,0.0,0.00033877448574491545
Leishenshan Hospital,0.0003387553687394779,0.0007672625075047742,-0.0004285071387652963
Oseltamivir,0.00033868855178058343,0.0006754180518799074,-0.00033672950009932395
Epidemic curve,0.00033842967098816543,0.0006423905089760711,-0.00030396083798790567
COVID-19 pandemic in British Columbia,0.0003382139820676803,0.0,0.0003382139820676803
COVID-19 pandemic in Ukraine,0.00033819872112875616,0.0006016681864670273,-0.0002634694653382712
Saliva,0.00033807080849048896,0.0006481839619636625,-0.0003101131534731735
Province of Bergamo,0.0003379665156893639,0.000663233183447868,-0.00032526666775850404
Colchicine,0.0003379634063168358,0.0,0.0003379634063168358
Rabies,0.00033787634693759104,0.0006497305192367573,-0.0003118541722991662
Contagious disease,0.00033780338376541465,0.0006694287141358719,-0.0003316253303704572
Rhinorrhea,0.00033779820549134523,0.0,0.00033779820549134523
COVID-19 pandemic in Poland,0.000337670197047788,0.0006016681864670273,-0.00026399798941923933
Positive-sense single-stranded RNA virus,0.0003374840023957352,0.0006694287141358719,-0.0003319447117401367
Economic impact of the COVID-19 pandemic in India,0.0003374785968979167,0.0,0.0003374785968979167
EU Digital COVID Certificate,0.00033744042998480584,0.0,0.00033744042998480584
Pulmonology,0.0003373591616995784,0.0007221085319442178,-0.0003847493702446394
Public health mitigation of COVID-19,0.00033732917607773685,0.0,0.00033732917607773685
Hypogeusia,0.000337299829633582,0.0006213479376386806,-0.00028404810800509864
Provinces of China,0.0003371954111676575,0.0006058869247389208,-0.00026869151357126325
Zoom (software),0.0003371788028050241,0.0,0.0003371788028050241
Multiple organ dysfunction syndrome,0.0003370968700516223,0.0006789386182948558,-0.0003418417482432335
Breathing difficulties,0.0003370218347425116,0.0,0.0003370218347425116
Lawrence Wong,0.0003368747120477318,0.0006016681864670273,-0.00026479347441929555
Viral disease,0.0003367979450779983,0.000641027688810334,-0.00030422974373233574
COVID-19 pandemic in Nigeria,0.00033677656637711914,0.0006016681864670273,-0.0002648916200899082
Heather Heying,0.0003367650717703033,0.0,0.0003367650717703033
West Nile virus,0.0003367372056374327,0.0006708924872697202,-0.0003341552816322875
Nature Immunology,0.00033673001126389773,0.0,0.00033673001126389773
Antimalarial medication,0.0003365191300361655,0.0,0.0003365191300361655
Casirivimab/imdevimab,0.00033630920057223115,0.0,0.00033630920057223115
Vitamin C,0.00033629113580777373,0.0006054721618325538,-0.00026918102602478005
Impact of the COVID-19 pandemic on sports,0.0003361715627874844,0.0,0.0003361715627874844
Timeline of the COVID-19 pandemic in 2019,0.0003359296375686474,0.0,0.0003359296375686474
Anthropause,0.0003358888224313392,0.0,0.0003358888224313392
COVID-19 litigation involving China,0.0003357492442654569,0.0,0.0003357492442654569
Cognitive dysfunction,0.0003356637908552202,0.0,0.0003356637908552202
Muscle pain,0.0003356637908552202,0.0006423905089760711,-0.0003067267181208509
T cell,0.00033548846295472913,0.0007061729067273248,-0.00037068444377259563
Respiratory droplet,0.000335305848908485,0.0,0.000335305848908485
EcoHealth Alliance,0.0003352805574025505,0.0006016681864670273,-0.0002663876290644768
COVID-19 pandemic in Serbia,0.00033520624728386515,0.0006016681864670273,-0.0002664619391831622
World Health Organization's response to the COVID-19 pandemic,0.0003351354085066803,0.0,0.0003351354085066803
Seizure,0.0003350057712727378,0.0,0.0003350057712727378
Furin,0.00033499047431583397,0.0,0.00033499047431583397
COVID-19 pandemic in Malawi,0.00033484168841635094,0.0,0.00033484168841635094
COVID-19 lockdowns by country,0.0003348297347448877,0.0,0.0003348297347448877
Non-invasive ventilation,0.0003348280620481904,0.0006448381001163895,-0.0003100100380681991
Circulatory system,0.000334749075101426,0.0,0.000334749075101426
Air pollution,0.00033471175272510004,0.000610380454022261,-0.00027566870129716093
Aerosol,0.0003346469451897138,0.0006600344238196223,-0.0003253874786299085
Inactivated vaccine,0.00033456709970975675,0.0006423905089760711,-0.00030782340926631434
Cruise ship,0.00033452898208677503,0.0008044536735636043,-0.0004699246914768293
COVID-19 pandemic in São Paulo (state),0.0003344894201681471,0.0,0.0003344894201681471
SARS-CoV-2 Epsilon variant,0.0003344686993812442,0.0,0.0003344686993812442
COVID-19 pandemic in Israel,0.0003344023624714319,0.0006016681864670273,-0.0002672658239955954
Center for Countering Digital Hate,0.0003343503498776511,0.0006016681864670273,-0.0002673178365893762
COVID-19 pandemic in Southeast Asia,0.00033432195002934767,0.0,0.00033432195002934767
Bamlanivimab/etesevimab,0.00033425799492268983,0.0,0.00033425799492268983
Contagion (2011 film),0.00033425766309386424,0.0007297119792618089,-0.00039545431616794463
Herpes simplex virus,0.0003342057217028033,0.0007760300053202158,-0.0004418242836174125
Disease X,0.00033419036906709855,0.0007248155043254091,-0.00039062513525831054
Variant of concern,0.00033411507482598466,0.0,0.00033411507482598466
Airborne transmission,0.00033400187140924555,0.0,0.00033400187140924555
COVID-19 rapid antigen test,0.00033395336152456127,0.0,0.00033395336152456127
Tobacco smoking,0.00033392032709189353,0.0006073567395529423,-0.00027343641246104877
Passive immunity,0.00033370578637682824,0.0,0.00033370578637682824
Shincheonji Church of Jesus,0.00033365544561603244,0.0006357797551645597,-0.0003021243095485273
Morbidity,0.0003330745616035998,0.000632377850420661,-0.0002993032888170612
Arthralgia,0.0003330596756823776,0.0006604076379655693,-0.0003273479622831917
Endoscopy,0.000332917003126581,0.0,0.000332917003126581
Impact of the COVID-19 pandemic on combat sports,0.00033279113869891415,0.0,0.00033279113869891415
Rapid antigen test,0.0003327403506474685,0.0,0.0003327403506474685
Oxygen therapy,0.00033268142561980625,0.0006381172073523908,-0.00030543578173258454
Pleural effusion,0.0003326032945563508,0.0006096909001044471,-0.00027708760554809634
Fomite,0.0003325543150102197,0.0006694287141358719,-0.00033687439912565215
Peplomer,0.0003320528259256151,0.0006920954093806821,-0.000360042583455067
Endothelium,0.00033198190613955235,0.0006453976142927852,-0.0003134157081532328
COVID-19 pandemic in Washington (state),0.0003318169021021271,0.0006016681864670273,-0.0002698512843649002
Infection control,0.0003316415597737142,0.0007354073904322295,-0.00040376583065851533
2021–2022 global supply chain crisis,0.00033136720416034374,0.0,0.00033136720416034374
Lupus erythematosus,0.0003313636360330923,0.0006511910672803765,-0.00031982743124728426
Dizziness,0.0003313468819383325,0.0,0.0003313468819383325
Symptomatic treatment,0.0003313036528677253,0.0006466092472479643,-0.00031530559438023903
Sotrovimab,0.0003312188495491281,0.0,0.0003312188495491281
COVID-19 pandemic in Kyrgyzstan,0.0003311231561722801,0.0,0.0003311231561722801
Sleep deprivation,0.000330860009378175,0.0006071115218974847,-0.0002762515125193097
White House COVID-19 Response Team,0.000330667496793983,0.0,0.000330667496793983
Hypoxemia,0.0003305091336129625,0.0006461944843415974,-0.00031568535072863495
Exposure Notification,0.000330273665483669,0.0,0.000330273665483669
Kidney failure,0.00033006729315506974,0.0006460823167603998,-0.00031601502360533004
Akiko Iwasaki,0.00033004591585917,0.0006016681864670273,-0.0002716222706078573
Dysautonomia,0.00033004591585917,0.0,0.00033004591585917
Symptom,0.00033004534902563094,0.0006453976142927852,-0.00031535226526715424
Fluvoxamine,0.00033004081555170514,0.0,0.00033004081555170514
COVID-19 pandemic in Greece,0.0003300196469680338,0.0006016681864670273,-0.00027164853949899353
Hyposmia,0.00032990302825875535,0.0006073567395529423,-0.00027745371129418695
Indonesia large-scale social restrictions,0.00032983905965592556,0.0,0.00032983905965592556
Darmankade Medical Magazine,0.0003296040363839791,0.0,0.0003296040363839791
Blood type,0.0003296040363839791,0.0,0.0003296040363839791
Causal relationship,0.0003296040363839791,0.0,0.0003296040363839791
COVID-19 pandemic in Hungary,0.00032957910710673525,0.0006016681864670273,-0.0002720890793602921
2020 Danish mink cull,0.00032951999720311426,0.0,0.00032951999720311426
Infectious Diseases Society of America,0.0003295118768722623,0.0006901829737500926,-0.0003606710968778303
COVID-19 pandemic in Slovenia,0.00032939797545241127,0.0006016681864670273,-0.00027227021101461607
Delirium,0.00032934576957733,0.0,0.00032934576957733
2-day CPET,0.000329188857475741,0.0,0.000329188857475741
Theresa Tam,0.00032912736901071177,0.0006698913238620922,-0.0003407639548513805
University of North Carolina,0.0003290122721644087,0.0,0.0003290122721644087
Serum (blood),0.00032897164961577497,0.0006423905089760711,-0.0003134188593602961
Pancreatitis,0.0003289207176455643,0.0007047236562745542,-0.0003758029386289899
Imperial College COVID-19 Response Team,0.00032891580013008593,0.000630094493714971,-0.0003011786935848851
Umeå University,0.0003288694584002457,0.0,0.0003288694584002457
Dyspnea,0.00032884978707567545,0.0006338984690804975,-0.000305048682004822
COVID-19 pandemic in Quebec,0.00032862777999329105,0.0,0.00032862777999329105
Sinopharm WIBP COVID-19 vaccine,0.00032859826926129776,0.0,0.00032859826926129776
OECD,0.0003285920093065673,0.0,0.0003285920093065673
National responses to the COVID-19 pandemic in Africa,0.0003282957351634228,0.0,0.0003282957351634228
Syphilis,0.00032825332349311655,0.0006628485140048235,-0.0003345951905117069
COVID-19 pandemic in Indonesia,0.00032824322413380893,0.0006016681864670273,-0.0002734249623332184
Pulmonary embolism,0.00032818501913242073,0.0006420202711513386,-0.0003138352520189178
Arenavirus,0.0003281122591760418,0.0006350659671955963,-0.00030695370801955444
Attenuated vaccine,0.00032810121656471074,0.0006656273777749006,-0.00033752616121018983
Matt Hancock,0.00032808434193204797,0.0006544943063873819,-0.0003264099644553339
Aarogya Setu,0.00032796297036536077,0.0,0.00032796297036536077
COVID-19 pandemic in the State of Palestine,0.0003279614862685909,0.0,0.0003279614862685909
Social stigma,0.00032791551722964466,0.00065305037419405,-0.0003251348569644053
Prothrombin,0.00032791551722964466,0.0,0.00032791551722964466
BMJ (company),0.00032791551722964466,0.0006466092472479643,-0.00031869373001831966
JAMA (journal),0.00032791551722964466,0.0006466092472479643,-0.00031869373001831966
"Impact of COVID-19 on neurological, psychological and other mental health outcomes",0.000327905427751553,0.0,0.000327905427751553
Italian Society of Medical and Interventional Radiology,0.00032786268800743515,0.0006058869247389208,-0.00027802423673148563
Computed tomography,0.00032786268800743515,0.0006464547978138356,-0.00031859210980640044
Ground-glass opacity,0.00032786268800743515,0.0,0.00032786268800743515
COVID-19 pandemic in Senegal,0.0003278492618037955,0.0,0.0003278492618037955
Dysgeusia,0.0003277717789201891,0.0006213479376386806,-0.0002935761587184915
Outcome measure,0.00032761926777425364,0.0,0.00032761926777425364
Physical examination,0.0003275816246031489,0.0006633400015872963,-0.00033575837698414737
Elevated transaminases,0.00032749378402911874,0.0,0.00032749378402911874
Nucleobase,0.00032748014491401503,0.0006694287141358719,-0.00034194856922185684
COVID-19 drug repurposing research,0.00032744855164116313,0.0006108102521500251,-0.00028336170050886195
Human coronavirus 229E,0.0003273716105390565,0.0006694287141358719,-0.00034205710359681537
Human coronavirus OC43,0.0003273716105390565,0.0006694287141358719,-0.00034205710359681537
Phylogenetic tree,0.000327318781316847,0.0006694287141358719,-0.0003421099328190249
Interferon,0.0003272650251706754,0.0006423905089760711,-0.0003151254838053957
Parkinson's disease,0.00032715872615737373,0.000663118130628268,-0.0003359594044708943
COVID-19 community quarantines in the Philippines,0.0003271067775150433,0.0,0.0003271067775150433
Tachycardia,0.0003269298560007887,0.0006338984690804975,-0.00030696861307970876
Social impact of the COVID-19 pandemic in the United Kingdom,0.00032692127627756374,0.0,0.00032692127627756374
Peter Bogner (businessman),0.0003268679730934291,0.0,0.0003268679730934291
Timeline of the COVID-19 pandemic in the Republic of Ireland (2020),0.0003268354647036337,0.0,0.0003268354647036337
Hydrogen bond,0.00032671008669998163,0.0,0.00032671008669998163
Cysteine,0.00032671008669998163,0.0,0.00032671008669998163
British government response to the COVID-19 pandemic,0.00032669048291601266,0.0,0.00032669048291601266
Dementia,0.0003265910551072345,0.0,0.0003265910551072345
BA.5,0.00032659006151615337,0.0,0.00032659006151615337
Snakebite,0.000326586979893072,0.0006073567395529423,-0.0002807697596598703
Hypoxia (medical),0.0003265657402947256,0.0,0.0003265657402947256
Cohort study,0.0003265574733423534,0.0,0.0003265574733423534
Paid sick leave,0.0003265574733423534,0.0,0.0003265574733423534
Muscle weakness,0.0003265574733423534,0.0006108052137967236,-0.0002842477404543702
Sequela,0.0003265574733423534,0.0006423905089760711,-0.0003158330356337177
Health equity,0.0003265574733423534,0.0,0.0003265574733423534
Christian Drosten,0.0003264512187888892,0.0006317666294354383,-0.0003053154106465491
Viral shedding,0.0003263879901509351,0.0006785707798188695,-0.0003521827896679344
Drug resistance,0.00032638776288379263,0.0006054721618325538,-0.00027908439894876115
United States Department of Agriculture,0.00032608619754467187,0.0,0.00032608619754467187
Superspreading event,0.0003260449107691008,0.0,0.0003260449107691008
Impact of the COVID-19 pandemic on the food industry,0.00032601942761957927,0.0,0.00032601942761957927
COVID-19 pandemic in North Korea,0.000326019080079642,0.0,0.000326019080079642
Protein subunit,0.0003259120439187533,0.0006871065165045657,-0.0003611944725858124
Food security during the COVID-19 pandemic,0.0003259028138040392,0.0,0.0003259028138040392
Epidemiological,0.0003258535764314208,0.0006249260742153448,-0.00029907249778392405
COVID-19 pandemic in the Czech Republic,0.00032583569022439274,0.0006016681864670273,-0.0002758324962426346
NRICM101,0.00032580731538605886,0.0,0.00032580731538605886
COVID-19 season,0.00032579291598804853,0.0,0.00032579291598804853
Gastroenteritis,0.0003256827892372876,0.000677771510421311,-0.0003520887211840234
COVID-19 pandemic in the Philippines,0.00032561416980509,0.0006016681864670273,-0.0002760540166619373
Evacuations by the Philippines related to the COVID-19 pandemic,0.00032556326827432925,0.0,0.00032556326827432925
National Institute for Health Research,0.00032526911944360756,0.0,0.00032526911944360756
Istituto Superiore di Sanità,0.0003251715020771989,0.0006574397304602766,-0.0003322682283830777
Human rhinovirus,0.0003251213281111662,0.0,0.0003251213281111662
COVID-19 pandemic in Croatia,0.0003251037735871453,0.0,0.0003251037735871453
Prevalence,0.0003250919822080845,0.0,0.0003250919822080845
Binding domain,0.00032506447740120626,0.0,0.00032506447740120626
Allergy,0.000325051117394683,0.0006538725150495774,-0.00032882139765489445
Clade,0.00032501702426549004,0.0,0.00032501702426549004
Japanese encephalitis,0.0003249530254749016,0.0006869471082108584,-0.0003619940827359568
Autism spectrum,0.00032494516505290384,0.0006071115218974847,-0.00028216635684458083
Influenza virus,0.000324893291988165,0.0006388699425611227,-0.0003139766505729577
Drew Weissman,0.0003248686530172971,0.0,0.0003248686530172971
Endosome,0.00032482624805548724,0.0,0.00032482624805548724
Workplace hazard controls for COVID-19,0.0003248216812254406,0.0006058869247389208,-0.00028106524351348015
Impact of the COVID-19 pandemic on children,0.0003248216812254406,0.0,0.0003248216812254406
Adenoviridae,0.0003246902606833951,0.0006585208009629147,-0.0003338305402795196
Impact of the COVID-19 pandemic on television,0.00032468889795680164,0.0,0.00032468889795680164
COVID-19 pandemic in the Republic of Ireland,0.00032467085305200555,0.0006016681864670273,-0.0002769973334150218
2020–21 Singapore circuit breaker measures,0.0003246448386658859,0.0,0.0003246448386658859
Social impact of the COVID-19 pandemic in the Republic of Ireland,0.0003246162082654431,0.0,0.0003246162082654431
Lyme disease,0.000324594756957514,0.0006566344027108339,-0.00033203964575331986
Respiratory disease,0.0003245869521654592,0.0006705444154595312,-0.000345957463294072
Dengue virus,0.0003245765626927507,0.0006413025753158391,-0.00031672601262308837
Retrovirus,0.0003244496058093249,0.0006493202922314375,-0.0003248706864221126
COVID-19 pandemic in Kosovo,0.00032442283835332664,0.0,0.00032442283835332664
Marburg virus,0.0003243326163944445,0.0006756512885122824,-0.00035131867211783793
ICD-10,0.00032430704799320535,0.0007154867276136404,-0.0003911796796204351
Anutin Charnvirakul,0.00032427720653507397,0.0006872064679732166,-0.0003629292614381426
Ferret,0.00032408248093343506,0.0,0.00032408248093343506
Chlamydia,0.00032406623492212475,0.0006065764786567345,-0.0002825102437346098
D-dimer,0.00032400147430496,0.0,0.00032400147430496
Malaise,0.000323982099319961,0.0006213246755214565,-0.0002973425762014955
Enterovirus,0.00032397125780156074,0.0006501151886798018,-0.000326143930878241
Anders Tegnell,0.0003239042024119397,0.0,0.0003239042024119397
Peptide,0.0003238975510377964,0.0,0.0003238975510377964
Translation (biology),0.0003238975510377964,0.0,0.0003238975510377964
Chris Whitty,0.0003238429948971398,0.0006941286952361935,-0.0003702857003390537
2022 Wellington protest,0.0003238416684277122,0.0,0.0003238416684277122
Cytokine,0.0003238233432752562,0.0006476649427596873,-0.0003238415994844311
Bronchiolitis,0.0003236128209345591,0.0,0.0003236128209345591
COVID-19 pandemic in Belarus,0.00032357806924184786,0.0006016681864670273,-0.0002780901172251795
Impact of the COVID-19 pandemic on religion,0.00032356388152104466,0.0,0.00032356388152104466
Center for Inquiry,0.0003235132112534106,0.0,0.0003235132112534106
Noor Hisham Abdullah,0.0003234393361477225,0.0,0.0003234393361477225
Atlantic Bubble,0.0003233958125074734,0.0,0.0003233958125074734
COVID-19 pandemic in Ontario,0.0003233958125074734,0.0,0.0003233958125074734
COVID-19 pandemic in Nepal,0.0003233895993280955,0.0,0.0003233895993280955
COVID-19 pandemic in Bahrain,0.0003233089198456012,0.0006016681864670273,-0.00027835926662142616
Zinc,0.00032320744543180705,0.0006308404660901221,-0.0003076330206583151
Paediatric multisystem inflammatory syndrome,0.0003232038630029988,0.0,0.0003232038630029988
Genetic engineering,0.0003231951478377265,0.0006409867288807975,-0.00031779158104307096
COVID-19 pandemic in Belgium,0.00032309468129292356,0.0006016681864670273,-0.0002785735051741038
Incidence (epidemiology),0.00032309261982413535,0.0006299719665285575,-0.00030687934670442214
COVID-19 pandemic cases,0.0003229742663673328,0.0006016681864670273,-0.00027869392009969456
Psoriasis,0.0003229236050550802,0.0006481839619636625,-0.0003252603569085823
Blood–brain barrier,0.00032283838223804383,0.0006046752917837415,-0.0002818369095456977
NSAID,0.00032283103088201926,0.0,0.00032283103088201926
Face masks during the COVID-19 pandemic in the United States,0.0003227808745941913,0.0,0.0003227808745941913
Impact of the COVID-19 pandemic on science and technology,0.00032277724593684305,0.0,0.00032277724593684305
Montevideo,0.00032258317027329556,0.0006163327385081883,-0.0002937495682348928
Moldovan–Romanian collaboration during the COVID-19 pandemic,0.0003225471785766274,0.0,0.0003225471785766274
Antibody-dependent cellular cytotoxicity,0.00032250627110434857,0.0006423905089760711,-0.0003198842378717225
Antipyretic,0.000322505898769889,0.0006596467535941032,-0.0003371408548242142
Wuhan Central Hospital,0.00032244226576119684,0.0007274817081171376,-0.0004050394423559408
Epilepsy,0.0003224084283028224,0.0006073567395529423,-0.0002849483112501199
Interferon-beta,0.0003224009406158386,0.0006515325746590686,-0.00032913163404323
COVID-19 pandemic in New Jersey,0.0003222871945334254,0.0,0.0003222871945334254
Influenza B,0.00032222435055220204,0.0006054721618325538,-0.00028324781128035174
Key worker,0.00032220876276519794,0.0006016681864670273,-0.0002794594237018294
Immunosuppressive drug,0.00032220785608127187,0.0006196853154565256,-0.00029747745937525375
Type 2 diabetes,0.0003221876856911856,0.0006382162957858121,-0.0003160286100946265
2021 Dutch curfew riots,0.00032215902112460557,0.0,0.00032215902112460557
COVID-19 vaccine misinformation and hesitancy,0.00032212761304591423,0.0,0.00032212761304591423
Ultraviolet,0.00032212079898863346,0.0006656273777749006,-0.0003435065787862671
Biopsy,0.00032211415290973476,0.0006493202922314375,-0.00032720613932170275
Baloxavir marboxil,0.00032203962811920594,0.0,0.00032203962811920594
Conserved sequence,0.0003219623644137603,0.0006694287141358719,-0.00034746634972211156
PeerJ,0.0003218816016560945,0.0,0.0003218816016560945
Cell membrane,0.00032185835565373417,0.0006694287141358719,-0.0003475703584821377
Disease,0.0003218290232412845,0.0006193398438249025,-0.00029751082058361805
Interleukin 6,0.00032177686914864863,0.0006453976142927852,-0.00032362074514413655
ResearchGate,0.0003217536932379441,0.0,0.0003217536932379441
Modeling and simulation,0.0003217536932379441,0.000632377850420661,-0.00031062415718271694
COVID-19 pandemic in Jordan,0.00032174821210629396,0.0,0.00032174821210629396
Covaxin,0.00032174525296365015,0.0,0.00032174525296365015
Kaposi's sarcoma,0.000321738150652081,0.0006481839619636625,-0.00032644581131158147
Vertigo,0.0003216259384258629,0.000630094493714971,-0.0003084685552891081
Psychosis,0.0003216259384258629,0.0006158813400909993,-0.00029425540166513637
Immunocompromised,0.0003215691545526199,0.0006054721618325538,-0.0002839030072799339
Impact of the COVID-19 pandemic on the arts and cultural heritage,0.00032142768601488205,0.0,0.00032142768601488205
Taiwan Centers for Disease Control,0.00032121474470422353,0.0,0.00032121474470422353
Pulmonary consolidation,0.0003212131162556788,0.0006867623574165123,-0.00036554924116083355
COVID-19 pandemic in Scotland,0.00032112168805899645,0.0,0.00032112168805899645
Taste,0.00032105832960439623,0.0006213479376386806,-0.0003002896080342844
Neurology,0.0003210503844155312,0.0006420857122088012,-0.00032103532779326996
Lung cancer,0.0003210012421819339,0.000610380454022261,-0.00028937921184032705
Mumps,0.00032097218652010306,0.0006481839619636625,-0.0003272117754435594
Ziyad Al-Aly,0.00032097218652010306,0.0,0.00032097218652010306
Timeline of the COVID-19 pandemic in the Republic of Ireland (2021),0.0003208456674678146,0.0,0.0003208456674678146
COVID-19 pandemic in Lesotho,0.00032082892588321417,0.0,0.00032082892588321417
ECDC,0.00032078098593600005,0.0,0.00032078098593600005
Respiratory system,0.0003207248796409263,0.0006158813400909993,-0.000295156460450073
Impact of the COVID-19 pandemic on the environment,0.00032067084631822156,0.0,0.00032067084631822156
Impact of the COVID-19 pandemic on other health issues,0.00032067084631822156,0.0,0.00032067084631822156
Lymphopenia,0.00032061333866687935,0.0,0.00032061333866687935
Streptococcus pyogenes,0.000320605071714507,0.0,0.000320605071714507
National Public Health Emergency Team (2020),0.0003206036473150463,0.0,0.0003206036473150463
Ibuprofen,0.00032053899151250143,0.0006453976142927852,-0.00032485862278028375
Great Barrington Declaration,0.0003203974675686604,0.0,0.0003203974675686604
COVID-19 pandemic in Rwanda,0.00032013599890715245,0.0,0.00032013599890715245
SARS-CoV-2 variant of concern,0.0003199102993733269,0.0,0.0003199102993733269
Recombinant DNA,0.0003198620572527973,0.0006108102521500251,-0.00029094819489722777
Screening (medicine),0.0003198152411838835,0.0,0.0003198152411838835
European Union response to the COVID-19 pandemic,0.0003198064468172627,0.0,0.0003198064468172627
COVID-19 pandemic in Iceland,0.0003197464586836993,0.0006016681864670273,-0.00028192172778332804
COVID-19 vaccination in New Zealand,0.00031970236892597315,0.0,0.00031970236892597315
COVID-19 misinformation by governments,0.000319671920664403,0.0,0.000319671920664403
COVID-19 misinformation in the Philippines,0.000319671920664403,0.0,0.000319671920664403
COVIran Barekat,0.000319612749588447,0.0,0.000319612749588447
Razi Cov Pars,0.000319612749588447,0.0,0.000319612749588447
Crazy paving (medicine),0.00031959383741798377,0.0,0.00031959383741798377
Timeline of the COVID-19 pandemic in October 2020,0.0003194238493833704,0.0,0.0003194238493833704
Timeline of the COVID-19 pandemic in November 2022,0.0003194238493833704,0.0,0.0003194238493833704
Timeline of the COVID-19 pandemic in November 2021,0.0003194238493833704,0.0,0.0003194238493833704
Timeline of the COVID-19 pandemic in October 2021,0.0003194238493833704,0.0,0.0003194238493833704
Timeline of the COVID-19 pandemic in June 2022,0.0003194238493833704,0.0,0.0003194238493833704
Timeline of the COVID-19 pandemic in November 2020,0.0003194238493833704,0.0,0.0003194238493833704
Timeline of the COVID-19 pandemic in July 2022,0.0003194238493833704,0.0,0.0003194238493833704
Timeline of the COVID-19 pandemic in July 2021,0.0003194238493833704,0.0,0.0003194238493833704
Timeline of the COVID-19 pandemic in December 2022,0.0003194238493833704,0.0,0.0003194238493833704
Timeline of the COVID-19 pandemic in August 2020,0.0003194238493833704,0.0,0.0003194238493833704
Timeline of the COVID-19 pandemic in April 2021,0.0003194238493833704,0.0,0.0003194238493833704
Timeline of the COVID-19 pandemic in April 2022,0.0003194238493833704,0.0,0.0003194238493833704
Timeline of the COVID-19 pandemic in August 2022,0.0003194238493833704,0.0,0.0003194238493833704
Timeline of the COVID-19 pandemic in August 2021,0.0003194238493833704,0.0,0.0003194238493833704
Timeline of the COVID-19 pandemic in December 2020,0.0003194238493833704,0.0,0.0003194238493833704
Timeline of the COVID-19 pandemic in December 2021,0.0003194238493833704,0.0,0.0003194238493833704
Timeline of the COVID-19 pandemic in April 2020,0.0003194238493833704,0.0006016681864670273,-0.00028224433708365696
Timeline of the COVID-19 pandemic in September 2020,0.0003194238493833704,0.0,0.0003194238493833704
Timeline of the COVID-19 pandemic in January 2021,0.0003194238493833704,0.0,0.0003194238493833704
Timeline of the COVID-19 pandemic in January 2022,0.0003194238493833704,0.0,0.0003194238493833704
Timeline of the COVID-19 pandemic in February 2022,0.0003194238493833704,0.0,0.0003194238493833704
Timeline of the COVID-19 pandemic in February 2020,0.0003194238493833704,0.0006016681864670273,-0.00028224433708365696
Timeline of the COVID-19 pandemic in March 2021,0.0003194238493833704,0.0,0.0003194238493833704
Timeline of the COVID-19 pandemic in May 2020,0.0003194238493833704,0.0,0.0003194238493833704
Timeline of the COVID-19 pandemic in June 2020,0.0003194238493833704,0.0,0.0003194238493833704
Timeline of the COVID-19 pandemic in June 2021,0.0003194238493833704,0.0,0.0003194238493833704
Timeline of the COVID-19 pandemic in May 2022,0.0003194238493833704,0.0,0.0003194238493833704
Timeline of the COVID-19 pandemic in July 2020,0.0003194238493833704,0.0,0.0003194238493833704
Timeline of the COVID-19 pandemic in January 2020,0.0003194238493833704,0.0006016681864670273,-0.00028224433708365696
Timeline of the COVID-19 pandemic in February 2021,0.0003194238493833704,0.0,0.0003194238493833704
Timeline of the COVID-19 pandemic in 2023,0.0003194238493833704,0.0,0.0003194238493833704
Timeline of the COVID-19 pandemic in October 2022,0.0003194238493833704,0.0,0.0003194238493833704
Timeline of the COVID-19 pandemic in March 2022,0.0003194238493833704,0.0,0.0003194238493833704
Timeline of the COVID-19 pandemic in September 2021,0.0003194238493833704,0.0,0.0003194238493833704
Timeline of the COVID-19 pandemic in March 2020,0.0003194238493833704,0.0006016681864670273,-0.00028224433708365696
Timeline of the COVID-19 pandemic in September 2022,0.0003194238493833704,0.0,0.0003194238493833704
Timeline of the COVID-19 pandemic in May 2021,0.0003194238493833704,0.0,0.0003194238493833704
COVID-19 pandemic in the United Arab Emirates,0.0003193561523011552,0.0006016681864670273,-0.0002823120341658721
New Zealand government response to the COVID-19 pandemic,0.00031933115886139416,0.0,0.00031933115886139416
Encyclopædia Britannica,0.0003192921150937788,0.0,0.0003192921150937788
Epstein–Barr virus,0.00031923337085835817,0.0,0.00031923337085835817
Impact of the COVID-19 pandemic on tourism,0.0003191241731695663,0.0,0.0003191241731695663
COVID-19 pandemic in South Asia,0.0003190848064163631,0.0,0.0003190848064163631
Obesity,0.0003190787016195538,0.0006324023476463952,-0.0003133236460268414
Fang Bin,0.0003190539976614639,0.0006656273777749006,-0.0003465733801134367
Li Zehua,0.0003190539976614639,0.0006656273777749006,-0.0003465733801134367
Legionnaires' disease,0.0003190501936187719,0.0006054721618325538,-0.00028642196821378185
Hygiene theater,0.0003190021593396789,0.0,0.0003190021593396789
N501Y,0.0003189549016933079,0.0,0.0003189549016933079
COVID-19 vaccination in South Africa,0.00031887346165239644,0.0,0.00031887346165239644
Pericarditis,0.00031886491980486615,0.0006423905089760711,-0.00032352558917120495
Endemic COVID-19,0.0003188234314601137,0.0,0.0003188234314601137
Political impact of the COVID-19 pandemic,0.0003188234314601137,0.0,0.0003188234314601137
In vivo,0.0003187656115544549,0.0006515325746590686,-0.0003327669631046137
RNA virus,0.00031874337300991703,0.0006350659671955963,-0.00031632259418567924
Kawasaki disease,0.0003186774653586579,0.0006046752917837415,-0.0002859978264250836
Appendicitis,0.0003186691984062856,0.0006046752917837415,-0.00028600609337745594
Social impact of the COVID-19 pandemic in the United States,0.000318626411029624,0.0,0.000318626411029624
Heart disease,0.0003186012756704971,0.0006108102521500251,-0.00029220897647952795
Videotelephony,0.00031859607765656205,0.0006130387093662049,-0.00029444263170964283
Genetics,0.00031851373061640633,0.0,0.00031851373061640633
Pharynx,0.00031845825264909075,0.0,0.00031845825264909075
Antimicrobial resistance,0.00031844500325849893,0.0006054721618325538,-0.00028702715857405485
Rhinovirus,0.00031844149900190656,0.0006054721618325538,-0.0002870306628306472
Kidney,0.0003183874665162518,0.0006071115218974847,-0.0002887240553812329
Cervical cancer,0.0003183701420087043,0.0006639848442725985,-0.00034561470226389423
Proofreading (biology),0.0003183617675500004,0.0,0.0003183617675500004
Immunodeficiency,0.0003183446966112857,0.0006096909001044471,-0.0002913462034931614
SARS-CoV,0.00031828086633538906,0.00065305037419405,-0.0003347695078586609
Angiotensin converting enzyme 2,0.0003182735599785619,0.0006694287141358719,-0.00035115515415731
Coronavirus membrane protein,0.0003182735599785619,0.0,0.0003182735599785619
Betacoronavirus,0.0003182735599785619,0.0006557462745776605,-0.00033747271459909866
Viral envelope,0.0003182735599785619,0.0006694287141358719,-0.00035115515415731
Coronavirus nucleocapsid protein,0.0003182735599785619,0.0,0.0003182735599785619
Coronavirus envelope protein,0.0003182735599785619,0.0,0.0003182735599785619
Doxycycline,0.00031823002123607883,0.0006054721618325538,-0.00028724214059647494
Neurotoxicity,0.00031812419072511347,0.0,0.00031812419072511347
COVID-19 pandemic in England,0.0003181171960690713,0.0,0.0003181171960690713
2021 Myanmar coup d'état,0.00031807054632539665,0.0,0.00031807054632539665
Medscape,0.00031805269559344264,0.0006187272624521197,-0.0003006745668586771
COVID-19 pandemic in Norway,0.00031801933026708593,0.0006016681864670273,-0.0002836488561999414
COVID-19 pandemic in Ecuador,0.0003180031795311914,0.0006016681864670273,-0.0002836650069358359
Orangutan,0.00031799612675383407,0.0,0.00031799612675383407
Great ape,0.00031799612675383407,0.0,0.00031799612675383407
Subclinical infection,0.0003179541786088824,0.0006694287141358719,-0.00035147453552698946
COVID-19 pandemic on naval ships,0.00031790952492570144,0.0,0.00031790952492570144
COVID-19 pandemic in Victoria,0.0003178390668987286,0.0,0.0003178390668987286
Biological agent,0.00031779061717680443,0.0,0.00031779061717680443
Feces,0.00031778023085551877,0.0006054721618325538,-0.000287691930977035
Mink farm,0.0003177603713800598,0.0,0.0003177603713800598
2021 Colombian protests,0.00031775412063265876,0.0,0.00031775412063265876
COVID-19 pandemic in Pakistan,0.00031774821398251744,0.0006016681864670273,-0.0002839199724845099
COVID-19 pandemic in Wales,0.0003177423679499706,0.0,0.0003177423679499706
COVID-19 vaccination in Malaysia,0.00031773640576875887,0.0,0.00031773640576875887
Genomic,0.00031760890181359996,0.0006844779356200774,-0.0003668690338064774
Yellow fever virus,0.00031759227837824505,0.0006350659671955963,-0.0003174736888173512
Simon Fraser University,0.00031754883950700673,0.0006357797551645597,-0.000318230915657553
Menstrual cycle,0.00031750687591757497,0.0,0.00031750687591757497
Miscarriage,0.00031750666151559746,0.0,0.00031750666151559746
Venous thromboembolism,0.00031749201095565875,0.0,0.00031749201095565875
Hemiparesis,0.00031749201095565875,0.0,0.00031749201095565875
Guillain–Barré syndrome,0.00031749201095565875,0.0,0.00031749201095565875
Organ dysfunction,0.00031749201095565875,0.0,0.00031749201095565875
Septic shock,0.00031749201095565875,0.0006058869247389208,-0.00028839491378326203
Shock (circulatory),0.00031749201095565875,0.0,0.00031749201095565875
Supportive care,0.0003174837440032864,0.0006423905089760711,-0.0003249067649727847
COVID-19 pandemic in Tamil Nadu,0.0003174837440032864,0.0,0.0003174837440032864
National COVID-19 Clinical Evidence Taskforce,0.0003174837440032864,0.0,0.0003174837440032864
Fluid replacement,0.0003174837440032864,0.0006423905089760711,-0.0003249067649727847
COVID-19 pandemic in Gujarat,0.0003174837440032864,0.0,0.0003174837440032864
COVID-19 pandemic in Delhi,0.0003174837440032864,0.0,0.0003174837440032864
Oxygen support,0.0003174837440032864,0.0006423905089760711,-0.0003249067649727847
COVID-19 pandemic in Maharashtra,0.0003174837440032864,0.0,0.0003174837440032864
Deuremidevir,0.0003174837440032864,0.0,0.0003174837440032864
COVID-19 pandemic in West Bengal,0.0003174837440032864,0.0,0.0003174837440032864
Use and development of software for COVID-19 pandemic mitigation,0.0003174837440032864,0.0,0.0003174837440032864
Learning,0.0003174837440032864,0.0,0.0003174837440032864
Noninvasive ventilation,0.0003174837440032864,0.0,0.0003174837440032864
Healthy diet,0.0003174837440032864,0.0006423905089760711,-0.0003249067649727847
Microglia,0.00031747008703442885,0.0,0.00031747008703442885
Interleukin 1 beta,0.00031747008703442885,0.0,0.00031747008703442885
"Impact of the COVID-19 pandemic on neurological, psychological and other mental health outcomes",0.00031745942278185875,0.0,0.00031745942278185875
Autoantibody,0.00031745942278185875,0.0,0.00031745942278185875
Experimental drug,0.00031745942278185875,0.0,0.00031745942278185875
Sequence homology,0.0003174522200632459,0.0006694287141358719,-0.00035197649407262596
Deep vein thrombosis,0.00031731942147136664,0.0006046752917837415,-0.0002873558703123749
Autopsy,0.0003172860954095486,0.0006869471082108584,-0.0003696610128013098
Hypothesis,0.0003172188024147417,0.0,0.0003172188024147417
Tocilizumab,0.00031712111595960527,0.0006515325746590686,-0.00033441145869946335
Community Activities Restrictions Enforcement,0.00031704404604376054,0.0,0.00031704404604376054
COVID-19 vaccination in Indonesia,0.00031704404604376054,0.0,0.00031704404604376054
Merdeka Palace,0.00031704404604376054,0.0,0.00031704404604376054
COVID-19 pandemic in the Isle of Man,0.0003170254737358783,0.0,0.0003170254737358783
COVID-19 pandemic in Jersey,0.0003170254737358783,0.0,0.0003170254737358783
COVID-19 pandemic in Tajikistan,0.0003170049660668017,0.0,0.0003170049660668017
COVID-19 pandemic in Finland,0.00031694620951077616,0.0006016681864670273,-0.0002847219769562512
Impact of the COVID-19 pandemic on long-term care facilities,0.0003169448148518069,0.0,0.0003169448148518069
Impact of the COVID-19 pandemic on domestic violence,0.0003168764362755438,0.0,0.0003168764362755438
Gendered impact of the COVID-19 pandemic,0.0003168764362755438,0.0,0.0003168764362755438
COVID-19 pandemic in Madagascar,0.0003168731797359637,0.0,0.0003168731797359637
Mechanism of action,0.0003168257244208039,0.0006423905089760711,-0.0003255647845552672
Lufotrelvir,0.00031682222016421154,0.0,0.00031682222016421154
Varicella zoster virus,0.0003167768110903923,0.0006481839619636625,-0.0003314071508732702
Multisystem inflammatory syndrome in children,0.0003167661468378222,0.0,0.0003167661468378222
Thrombocytopenia,0.0003167619661121376,0.0,0.0003167619661121376
Upper respiratory tract infection,0.00031673880147419225,0.0006785683804701232,-0.000361829578995931
Apoorva Mandavilli,0.00031669767491117307,0.0,0.00031669767491117307
Self-isolation,0.00031668055869073155,0.0006441876334519395,-0.00032750707476120796
IgG,0.000316590952170722,0.0006422360595419423,-0.00032564510737122026
Protests over COVID-19 policies in Italy,0.0003165871437089484,0.0,0.0003165871437089484
Azra Ghani,0.00031652009875244745,0.0006413025753158391,-0.00032478247656339164
COVID-19 pandemic in Macau,0.00031647474561492437,0.0006016681864670273,-0.00028519344085210297
COVID-19 vaccination,0.00031643931463855616,0.0,0.00031643931463855616
Isopropanol,0.00031639540162431987,0.0006466092472479643,-0.00033021384562364445
International Committee on Taxonomy of Viruses,0.00031632055410439814,0.0006694287141358719,-0.00035310816003147373
Health Code,0.00031623591500539816,0.0,0.00031623591500539816
Severe acute respiratory syndrome coronavirus 1,0.0003162287305293498,0.0,0.0003162287305293498
Lassa fever,0.0003162101413808064,0.0006439999792083302,-0.0003277898378275238
N95 mask,0.0003161927683385851,0.0007544727904921897,-0.00043828002215360456
COVID-19 pandemic in Lebanon,0.00031617324871245167,0.0006016681864670273,-0.00028549493775457567
Syndrome,0.0003161617512818885,0.0006493202922314375,-0.000333158540949549
COVID-19 pandemic in Moldova,0.0003161362328083911,0.0006016681864670273,-0.0002855319536586362
Dehydration,0.00031611314681082893,0.0006318459010192037,-0.0003157327542083748
Department of Health (Hong Kong),0.0003160397008836024,0.0,0.0003160397008836024
Cell culture,0.0003158514949337317,0.0006694287141358719,-0.00035357721920214016
Health in China,0.0003157613738293361,0.0006816914682168843,-0.0003659300943875482
Swedish government response to the COVID-19 pandemic,0.00031567762592000083,0.0,0.00031567762592000083
Lung,0.0003156410212361554,0.000610380454022261,-0.0002947394327861056
SHC014-CoV,0.0003155752132771103,0.0006515378507377618,-0.0003359626374606515
COVID-19 pandemic in Northern Ireland,0.0003155269064578595,0.0,0.0003155269064578595
SARS-CoV-2 Eta variant,0.0003155093756634983,0.0,0.0003155093756634983
COVID-19 pandemic in London,0.0003154783068950983,0.0,0.0003154783068950983
Anemia,0.00031547477135470065,0.0006217760739386457,-0.000306301302583945
SARS-CoV-2 Lambda variant,0.00031546044658866974,0.0,0.00031546044658866974
COVID-19 pandemic in North Macedonia,0.000315352818437072,0.0006016681864670273,-0.00028631536802995535
Kemayoran Athletes Village,0.00031534118586880485,0.0006382162957858121,-0.0003228751099170073
COVID-19 pandemic in Liechtenstein,0.00031532455789924814,0.0006016681864670273,-0.0002863436285677792
Compartmental models in epidemiology,0.0003152396492920839,0.000633647782120964,-0.0003184081328288801
Phagocytosis,0.0003151476857693094,0.0006453976142927852,-0.0003302499285234758
Influenza B virus,0.00031514708688621784,0.0006656273777749006,-0.00035048029088868273
Credible interval,0.00031512915772972006,0.0,0.00031512915772972006
JAK-STAT signaling pathway,0.0003151195226364972,0.0,0.0003151195226364972
ME/CFS,0.00031507778088125016,0.0006167174079512328,-0.00030163962706998267
Impact of the COVID-19 pandemic,0.0003150686544431797,0.0,0.0003150686544431797
Antihistamines,0.0003150373577370287,0.0,0.0003150373577370287
W. Ian Lipkin,0.00031491145492082266,0.0006016681864670273,-0.0002867567315462047
Rhinolophus affinis,0.00031491145492082266,0.0,0.00031491145492082266
Jaap van Dissel,0.0003148661542961529,0.0,0.0003148661542961529
Li Keqiang,0.0003148518311902143,0.0006588461753726468,-0.0003439943441824325
COVID-19 pandemic in Svalbard,0.000314799482444745,0.0,0.000314799482444745
Cerebrospinal fluid,0.0003147646728661076,0.0006167174079512328,-0.00030195273508512523
Angelo Borrelli,0.00031473972885084065,0.0006167174079512328,-0.00030197767910039217
Roberto Burioni,0.00031473972885084065,0.0006317666294354383,-0.00031702690058459766
COVID-19 protests in Australia,0.00031470523644007615,0.0,0.00031470523644007615
Alanine,0.0003145852510391319,0.0006359480766554679,-0.000321362825616336
Lysine,0.0003145852510391319,0.0,0.0003145852510391319
Serine,0.0003145852510391319,0.0,0.0003145852510391319
Proline,0.0003145852510391319,0.0,0.0003145852510391319
Idiopathic pulmonary fibrosis,0.0003145686086762251,0.0006389050452163111,-0.00032433643654008603
Bell's palsy,0.00031449633264900084,0.0006213479376386806,-0.0003068516049896798
Sunlight,0.0003144720476223928,0.0,0.0003144720476223928
Computational fluid dynamics,0.0003144720476223928,0.0,0.0003144720476223928
Air filtration,0.0003144720476223928,0.0,0.0003144720476223928
Sotiris Tsiodras,0.0003144374516011766,0.0,0.0003144374516011766
COVID-19 vaccination in Greece,0.0003144374516011766,0.0,0.0003144374516011766
Jeff Zients,0.0003143302503549371,0.0,0.0003143302503549371
COVID-19 pandemic in Manitoba,0.00031431446705070215,0.0,0.00031431446705070215
COVID-19 pandemic in Saskatchewan,0.00031431446705070215,0.0,0.00031431446705070215
Pediatrics,0.00031431301374120987,0.0006511910672803765,-0.0003368780535391667
COVID-19 pandemic in Saudi Arabia,0.0003143031821312938,0.0006016681864670273,-0.0002873650043357335
Autoimmunity,0.0003142753393814528,0.0,0.0003142753393814528
Lupus,0.0003142595073210182,0.0006447015729293049,-0.0003304420656082867
COVID-19 pandemic in the Kurdistan Region,0.0003142170226354906,0.0,0.0003142170226354906
Influenza A virus,0.00031421103432132075,0.000685450986776756,-0.00037123995245543526
COVID-19 pandemic in Maryland,0.00031417628587156773,0.0,0.00031417628587156773
COVID-19 pandemic in Massachusetts,0.00031417628587156773,0.0,0.00031417628587156773
COVID-19 pandemic in Pennsylvania,0.00031417628587156773,0.0,0.00031417628587156773
NHS Nightingale Hospital Birmingham,0.00031416888712589193,0.0,0.00031416888712589193
Herbert Kickl,0.000314164767698328,0.0006016681864670273,-0.00028750341876869934
COVID-19 pandemic in Bhutan,0.0003141042448369177,0.0,0.0003141042448369177
Neutrophil,0.0003140850181592522,0.000608479267149268,-0.0002943942489900158
COVID-19 vaccination in Cameroon,0.00031404158305461645,0.0,0.00031404158305461645
Hugo López-Gatell Ramírez,0.00031403460687731417,0.0006285983722808687,-0.0003145637654035546
Katalin Karikó,0.0003140096845020263,0.0,0.0003140096845020263
DNA vaccine,0.0003140096845020263,0.0,0.0003140096845020263
Subunit vaccine,0.0003140096845020263,0.0,0.0003140096845020263
Antihistamine,0.00031399340677189865,0.0006163327385081883,-0.0003023393317362897
Cell-mediated immunity,0.0003139622313663102,0.0,0.0003139622313663102
Mouse,0.0003139622313663102,0.0,0.0003139622313663102
Streptococcus pneumoniae,0.00031394579417621854,0.0006287300495808713,-0.00031478425540465275
Aerosols,0.0003139281409318045,0.0,0.0003139281409318045
NDV-HXP-S,0.0003139204322788931,0.0,0.0003139204322788931
Łukasz Szumowski,0.0003138752747668471,0.0,0.0003138752747668471
Confederation Liberty and Independence,0.0003138752747668471,0.0006747644051045968,-0.0003608891303377497
Johns Hopkins Center for Health Security,0.0003138222099647271,0.0006123280516850063,-0.0002985058417202792
Lipoic acid,0.00031373298032152464,0.0006108102521500251,-0.00029707727182850044
Interleukin-6 receptor,0.00031373298032152464,0.0006108102521500251,-0.00029707727182850044
Bevacizumab,0.00031373298032152464,0.0006108102521500251,-0.00029707727182850044
Lenzilumab,0.00031373298032152464,0.0,0.00031373298032152464
Receptor (biochemistry),0.00031373298032152464,0.0,0.00031373298032152464
Vasodilator,0.00031373298032152464,0.0006108102521500251,-0.00029707727182850044
Glycerol,0.00031371541188082816,0.0006423905089760711,-0.00032867509709524293
Influenza-like illness,0.0003137119841669293,0.000657565007240775,-0.00034385302307384565
Flushing (physiology),0.00031370507531599515,0.0006443076473389429,-0.0003306025720229477
Carlo Urbani,0.0003136789594236426,0.0006951164284152137,-0.00038143746899157115
Atypical pneumonia,0.0003136789594236426,0.000641034124750863,-0.00032735516532722043
Primary care physician,0.00031363627028274524,0.0006065764786567345,-0.0002929402083739893
V451 vaccine,0.00031359988396519446,0.0,0.00031359988396519446
Embolic and thrombotic events after COVID-19 vaccination,0.00031359988396519446,0.0,0.00031359988396519446
Impact of the COVID-19 pandemic on retail,0.0003135867226865275,0.0,0.0003135867226865275
SMART Health Card,0.0003135286580954776,0.0,0.0003135286580954776
ArcGIS,0.0003135286580954776,0.0,0.0003135286580954776
Lipid bilayer,0.00031341832467572195,0.0006694287141358719,-0.0003560103894601499
RNA replication,0.00031341832467572195,0.0,0.00031341832467572195
Open reading frame,0.00031341832467572195,0.0006422360595419423,-0.0003288177348662203
Genetic code,0.00031341832467572195,0.0,0.00031341832467572195
GC-content,0.00031341832467572195,0.0,0.00031341832467572195
Granulomatosis with polyangiitis,0.0003133113098773055,0.0006495495204800757,-0.00033623821060277024
COVID-19 pandemic in Nicaragua,0.0003132662450332168,0.0,0.0003132662450332168
Viral hepatitis,0.0003132565405053958,0.0006264025655887465,-0.0003131460250833507
Alan Keyes,0.0003132565405053958,0.0006264025655887465,-0.0003131460250833507
Virological.org,0.0003132245927690842,0.0,0.0003132245927690842
Mucormycosis,0.00031321289685703254,0.0,0.00031321289685703254
Candidiasis,0.00031321289685703254,0.0006158813400909993,-0.00030266844323396675
Aspergillosis,0.00031321289685703254,0.0,0.00031321289685703254
COVID Moonshot,0.0003131890736309365,0.0,0.0003131890736309365
COVID-19 pandemic in Florida,0.0003131826385073819,0.0,0.0003131826385073819
Venezuelan equine encephalitis virus,0.0003131668350863987,0.0,0.0003131668350863987
Coronavirus diseases,0.0003131589582922805,0.0,0.0003131589582922805
Foodborne illness,0.0003131465919089015,0.0,0.0003131465919089015
Daily Telegraph,0.0003130737542380213,0.0006439999792083302,-0.0003309262249703089
Strongyloides stercoralis,0.000313073726548888,0.0006054721618325538,-0.0002923984352836658
Newstalk,0.0003130500349651196,0.000630094493714971,-0.0003170444587498514
Pasteur Institute,0.0003130404235706679,0.0006898881653063524,-0.0003768477417356845
Exercise Cygnus,0.00031302939443791466,0.0,0.00031302939443791466
Impact of the COVID-19 pandemic on Hajj,0.00031275649643224706,0.0,0.00031275649643224706
Impact of the COVID-19 pandemic on crime,0.00031272560136832463,0.0,0.00031272560136832463
Economic impact of the COVID-19 pandemic in the United Kingdom,0.00031272421153697545,0.0,0.00031272421153697545
Monocyte,0.00031269247555701157,0.0,0.00031269247555701157
COVID-19 pandemic in Bulgaria,0.00031263874649085574,0.0006016681864670273,-0.0002890294399761716
George F. Gao,0.0003124482220202505,0.0006121105034152516,-0.00029966228139500107
Phylogenetics,0.0003124482220202505,0.0,0.0003124482220202505
COVID-19 vaccine hesitancy in the United States,0.00031242054201299817,0.0,0.00031242054201299817
COVID-19 pandemic in Algeria,0.0003124195648759369,0.0006016681864670273,-0.00028924862159109043
COVID-19 pandemic in Puerto Rico,0.0003124013846619619,0.0,0.0003124013846619619
COVID-19 pandemic in Jamaica,0.0003124013846619619,0.0,0.0003124013846619619
COVID-19 pandemic in the Cayman Islands,0.0003124013846619619,0.0,0.0003124013846619619
Metformin,0.00031219438694218707,0.0,0.00031219438694218707
Impact of the COVID-19 pandemic on aviation,0.00031209175968316015,0.0,0.00031209175968316015
Jiang Yanyong,0.0003120104925348386,0.0006557504901313781,-0.00034373999759653947
COVID-19 pandemic in Morocco,0.0003120097148239723,0.0006016681864670273,-0.00028965847164305505
Respiratory illness,0.0003119960194035631,0.0006694287141358719,-0.00035743269473230877
Sinusitis,0.00031197665507646426,0.0006073567395529423,-0.00029538008447647804
Macrophage,0.0003119667974323197,0.000608479267149268,-0.00029651246971694825
Chronic kidney disease,0.00031196413423055297,0.0006566395148788523,-0.00034467538064829936
Pulmonary edema,0.00031195221680095674,0.000610380454022261,-0.00029842823722130423
Bronchoalveolar lavage,0.00031195221680095674,0.0006461944843415974,-0.0003342422675406407
Leukocytosis,0.00031188744114354124,0.0006158813400909993,-0.00030399389894745805
Death,0.00031188744114354124,0.0006423905089760711,-0.00033050306783252985
Fever,0.00031188744114354124,0.0006504132226134908,-0.0003385257814699495
Myocardium,0.00031188744114354124,0.0006158813400909993,-0.00030399389894745805
Amnesia,0.00031188744114354124,0.0,0.00031188744114354124
TraceTogether,0.00031184982505372077,0.0,0.00031184982505372077
SafeEntry,0.00031184982505372077,0.0,0.00031184982505372077
Etiology,0.0003118215829143113,0.0006163327385081883,-0.000304511155593877
Procalcitonin,0.0003118008442782161,0.0006054721618325538,-0.00029367131755433766
Nasal mucosa,0.00031174611332111,0.0006073567395529423,-0.0002956106262318323
Olfactory receptor neuron,0.0003116986601853938,0.0006073567395529423,-0.0002956580793675485
Gene therapy,0.0003116986601853938,0.000648079062061986,-0.00033638040187659217
COVID-19 vaccination in Ukraine,0.00031163374977773834,0.0,0.00031163374977773834
Zoom fatigue,0.0003115812254725819,0.0,0.0003115812254725819
COVID-19 pandemic in Akrotiri and Dhekelia,0.00031156980642593724,0.0,0.00031156980642593724
COVID-19 pandemic in Northern Cyprus,0.00031156980642593724,0.0,0.00031156980642593724
Epithelium,0.0003115070211540124,0.0006423905089760711,-0.0003308834878220587
Systemic inflammatory response syndrome,0.0003115070211540124,0.0,0.0003115070211540124
Cytokine release syndrome,0.0003115070211540124,0.0011540640394390566,-0.0008425570182850442
Ferritin,0.0003115070211540124,0.0006423905089760711,-0.0003308834878220587
Lactate dehydrogenase,0.0003115070211540124,0.0,0.0003115070211540124
COVID-19 vaccination in Bosnia and Herzegovina,0.00031150142576437715,0.0,0.00031150142576437715
Paranoia,0.00031132192001158583,0.000632377850420661,-0.0003210559304090752
2021–2023 global supply chain crisis,0.00031128560453509344,0.0,0.00031128560453509344
COVID-19 pandemic in Guernsey,0.0003112845848268461,0.0006016681864670273,-0.0002903836016401812
Pulmonary hypertension,0.00031128028491855797,0.0006382162957858121,-0.00032693601086725415
This Week in Virology,0.00031128028491855797,0.0,0.00031128028491855797
Financial market impact of the COVID-19 pandemic,0.00031123305511164567,0.0,0.00031123305511164567
Infectious disease (medical specialty),0.000311190426683486,0.0006541098818480188,-0.0003429194551645328
Blood clots,0.00031118188220686,0.0,0.00031118188220686
Chikungunya virus,0.0003111214889444273,0.0006193459888357211,-0.0003082244998912938
COVID-19 pandemic in Ethiopia,0.000311109201989592,0.0,0.000311109201989592
COVID-19 vaccination in Romania,0.0003111004334459184,0.0,0.0003111004334459184
Victor Costache,0.0003111004334459184,0.0006747644051045968,-0.0003636639716586784
COVID-19 pandemic in Western Sahara,0.0003110201526209948,0.0,0.0003110201526209948
COVID-19 pandemic in Abkhazia,0.0003110201526209948,0.0,0.0003110201526209948
COVID-19 pandemic in Saint Pierre and Miquelon,0.0003110201526209948,0.0,0.0003110201526209948
COVID-19 pandemic in the Republic of Artsakh,0.0003110201526209948,0.0,0.0003110201526209948
COVID-19 pandemic in the Falkland Islands,0.0003110201526209948,0.0,0.0003110201526209948
COVID-19 pandemic in the Comoros,0.0003110201526209948,0.0,0.0003110201526209948
COVID-19 pandemic in Saba,0.0003110201526209948,0.0,0.0003110201526209948
COVID-19 pandemic in South Sudan,0.0003110201526209948,0.0,0.0003110201526209948
COVID-19 pandemic in São Tomé and Príncipe,0.0003110201526209948,0.0,0.0003110201526209948
Alcoholism,0.0003110053842413572,0.0006395870221664124,-0.0003285816379250552
Virulent,0.0003108940674197843,0.0006054721618325538,-0.00029457809441276947
Medical diagnosis,0.0003108656409214814,0.000619724513267947,-0.00030885887234646564
Chest radiograph,0.00031078134302932054,0.0006867623574165123,-0.0003759810143871918
Pleural cavity,0.00031078134302932054,0.0006867623574165123,-0.0003759810143871918
Sensitivity and specificity,0.00031078134302932054,0.0006460400349074687,-0.00033525869187814815
SARS-CoV-2 Mu variant,0.000310687181739181,0.0,0.000310687181739181
Hemoptysis,0.00031062676108746545,0.000610380454022261,-0.0002997536929347955
COVID-19 vaccination in Morocco,0.0003105793542197701,0.0,0.0003105793542197701
Aspirin,0.00031053721843904143,0.0006046752917837415,-0.0002941380733447001
Breastfeeding,0.0003104867566479703,0.0006196853154565256,-0.0003091985588085553
COVAX-19,0.0003104732106832001,0.0,0.0003104732106832001
COVID-19 Immunity Task Force,0.0003104376436632656,0.0,0.0003104376436632656
Famotidine,0.00031041578519358114,0.0,0.00031041578519358114
Chemesthesis,0.0003103732044719025,0.0,0.0003103732044719025
Parosmia,0.0003103732044719025,0.0006073567395529423,-0.0002969835350810398
Chili pepper,0.0003103496430669852,0.0006065764786567345,-0.0002962268355897493
Defecation,0.0003103496430669852,0.0006406880473542669,-0.0003303384042872817
Fahrettin Koca,0.00031034485539285794,0.000652835539513326,-0.00034249068412046805
ACE inhibitor,0.0003103329379632618,0.0006669785523374316,-0.00035664561437416975
Economy of the United Kingdom,0.0003103159733131676,0.0,0.0003103159733131676
Florence,0.0003103114491495401,0.0007025926857911744,-0.0003922812366416343
Decentralized Privacy-Preserving Proximity Tracing,0.0003102887585367754,0.0,0.0003102887585367754
SwissCovid,0.0003102887585367754,0.0,0.0003102887585367754
Endemic phase of COVID-19,0.0003101872484676864,0.0,0.0003101872484676864
Bacteria,0.0003101710127315398,0.000610380454022261,-0.00030020944129072115
Organ (anatomy),0.00031009317985192545,0.0006054721618325538,-0.0002953789819806283
Liver function tests,0.00031009317985192545,0.0006054721618325538,-0.0002953789819806283
Croup,0.0003100580865891807,0.0006354541843218674,-0.0003253960977326867
Chronic renal failure,0.00031005684534522564,0.0,0.00031005684534522564
Microbiological culture,0.00031005242541620303,0.0006054721618325538,-0.00029541973641635075
Convalescent plasma,0.00031004467138209476,0.0,0.00031004467138209476
Diffuse alveolar damage,0.0003100049722804868,0.0006461944843415974,-0.0003361895120611106
Pulmonary alveolus,0.0003100049722804868,0.0006461944843415974,-0.0003361895120611106
Lung consolidation,0.0003100049722804868,0.0006461944843415974,-0.0003361895120611106
COVID-19 vaccination in Algeria,0.00031000389007182526,0.0,0.00031000389007182526
Infectious mononucleosis,0.00030988425586093364,0.0006101186272141989,-0.0003002343713532652
Cyclic adenosine monophosphate,0.00030984914273686135,0.0,0.00030984914273686135
Blood pressure,0.0003098430470487648,0.000608479267149268,-0.00029863622010050316
Zinc deficiency,0.000309811317284307,0.0006073567395529423,-0.0002975454222686353
Social impact of the COVID-19 pandemic in Malaysia,0.00030980898282568256,0.0,0.00030980898282568256
Economic impact of the COVID-19 pandemic in Malaysia,0.00030980898282568256,0.0,0.00030980898282568256
Impact of the COVID-19 pandemic on politics in Malaysia,0.00030980898282568256,0.0,0.00030980898282568256
Impact of the COVID-19 pandemic on the meat industry in the United States,0.00030977500001279465,0.0,0.00030977500001279465
COVID-19 pandemic in Myanmar,0.0003097042256807942,0.0,0.0003097042256807942
COVID-19 pandemic in Laos,0.0003097042256807942,0.0,0.0003097042256807942
COVID-19 surveillance,0.00030959396734430117,0.0,0.00030959396734430117
Interleukin 1,0.00030957114784579097,0.0006046752917837415,-0.00029510414393795056
Brain damage,0.00030957114784579097,0.0006046752917837415,-0.00029510414393795056
Vasoconstriction,0.00030957114784579097,0.0006046752917837415,-0.00029510414393795056
COVID-19 pandemic in Ohio,0.0003095384990533896,0.0,0.0003095384990533896
COVID-19 protests in the United Kingdom,0.0003095384990533896,0.0,0.0003095384990533896
COVID-19 pandemic in Central Visayas,0.0003095384990533896,0.0,0.0003095384990533896
First COVID-19 tier regulations in England,0.0003095371092220404,0.0,0.0003095371092220404
COVID-19 pandemic in Ceuta,0.0003095223483174951,0.0,0.0003095223483174951
Fernando Simón,0.0003095223483174951,0.0006443076473389429,-0.0003347852990214478
COVID-19 pandemic in Melilla,0.0003095223483174951,0.0,0.0003095223483174951
COVID-19 pandemic in Asturias,0.0003095223483174951,0.0,0.0003095223483174951
Javier Ortega Smith,0.0003095223483174951,0.0006443076473389429,-0.0003347852990214478
COVID-19 pandemic in the Community of Madrid,0.0003095223483174951,0.0,0.0003095223483174951
COVID-19 pandemic in the Canary Islands,0.0003095223483174951,0.0,0.0003095223483174951
Dog,0.00030951159804794585,0.0,0.00030951159804794585
Mosquito-borne disease,0.00030949005933851646,0.0006413025753158391,-0.0003318125159773226
Zika fever,0.00030949005933851646,0.0006413025753158391,-0.0003318125159773226
Pathogenesis,0.00030949005933851646,0.0,0.00030949005933851646
SARS-CoV-2 Kappa variant,0.0003094706493528505,0.0,0.0003094706493528505
Pulmonary aspiration,0.00030946106558989855,0.0006054721618325538,-0.0002960110962426552
NHS Nightingale Hospital London,0.00030944750270203085,0.0006130387093662049,-0.00030359120666417403
Impact of the COVID-19 pandemic on education in the United Kingdom,0.00030943588777930845,0.0,0.00030943588777930845
Methylphenidate,0.0003093635694011892,0.0,0.0003093635694011892
Psychostimulant,0.0003093635694011892,0.0,0.0003093635694011892
Myasthenia gravis,0.0003093170182847852,0.000627849296467605,-0.00031853227818281983
Varicella vaccine,0.00030931169633645025,0.0006519879373291889,-0.00034267624099273866
Metronidazole,0.00030931169633645025,0.0006338984690804975,-0.0003245867727440472
Law of declining virulence,0.0003092747885820893,0.0,0.0003092747885820893
Haemophilus influenzae,0.00030917252932672983,0.0006054721618325538,-0.00029629963250582395
Hannah Ritchie,0.0003091620641916255,0.0,0.0003091620641916255
Deborah Birx,0.0003091620641916255,0.0006016681864670273,-0.0002925061222754018
Operation Moonshot,0.0003091620641916255,0.0,0.0003091620641916255
Novel Coronavirus Expert Meeting,0.0003091620641916255,0.0,0.0003091620641916255
Coronavirus breathalyzer,0.0003091620641916255,0.0,0.0003091620641916255
COVID-19 misinformation in Canada,0.00030915073071289677,0.0,0.00030915073071289677
Saeed Namaki,0.00030913352322637267,0.0006272518629901767,-0.00031811833976380405
Noora (vaccine),0.00030913352322637267,0.0,0.00030913352322637267
FAKHRAVAC,0.00030913352322637267,0.0,0.00030913352322637267
2019–2022 Chilean protests,0.0003091274567701218,0.0,0.0003091274567701218
Yuen Kwok-yung,0.0003090670351575379,0.0006016681864670273,-0.00029260115130948943
Carbapenem,0.0003090529350110269,0.0006301261522051629,-0.000321073217194136
Acute (medicine),0.00030900748224977053,0.0006065764786567345,-0.000297568996406964
Smoking,0.00030897489407597054,0.000610380454022261,-0.00030140555994629043
COVID-19 pandemic in Albania,0.0003089745330247133,0.0006016681864670273,-0.00029269365344231405
COVID-19 pandemic in Mongolia,0.0003089745330247133,0.0006016681864670273,-0.00029269365344231405
Epinephrine,0.0003088778719017544,0.0006046752917837415,-0.00029579741988198713
Norepinephrine,0.0003088778719017544,0.0006046752917837415,-0.00029579741988198713
Magnetic resonance imaging,0.00030869880145793446,0.0,0.00030869880145793446
Clouding of consciousness,0.00030869880145793446,0.0,0.00030869880145793446
Sleep disorder,0.00030869880145793446,0.0006071115218974847,-0.0002984127204395502
Electrocardiogram,0.0003086795165669955,0.0006054721618325538,-0.00029679264526555826
Cough,0.0003086795165669955,0.0006461944843415974,-0.0003375149677746019
Vitamins,0.000308669634309372,0.0006481839619636625,-0.0003395143276542905
Umami,0.0003086636883338623,0.0006213479376386806,-0.00031268424930481836
Olfaction,0.0003086636883338623,0.0006213479376386806,-0.00031268424930481836
Otolaryngologist,0.0003086636883338623,0.0,0.0003086636883338623
Tongue,0.0003086636883338623,0.0006213479376386806,-0.00031268424930481836
Olfactory,0.0003086636883338623,0.0,0.0003086636883338623
Cyclic guanosine monophosphate,0.0003086636883338623,0.0,0.0003086636883338623
Salivary gland,0.0003086636883338623,0.0,0.0003086636883338623
Glucose,0.0003086636883338623,0.0,0.0003086636883338623
Sialadenitis,0.0003086636883338623,0.0,0.0003086636883338623
Burning mouth syndrome,0.0003086636883338623,0.0,0.0003086636883338623
Electrogustometry,0.0003086636883338623,0.0,0.0003086636883338623
Xerostomia,0.0003086636883338623,0.0,0.0003086636883338623
Radiation therapy,0.0003086636883338623,0.0006213479376386806,-0.00031268424930481836
Sense,0.0003086636883338623,0.0006213479376386806,-0.00031268424930481836
Tonsillectomy,0.0003086636883338623,0.0,0.0003086636883338623
Systemic inflammation,0.00030865759264576563,0.0,0.00030865759264576563
Chest pain,0.00030864692839319553,0.0006461944843415974,-0.0003375475559484019
Twindemic,0.00030857038611332066,0.0,0.00030857038611332066
Maskne,0.00030857038611332066,0.0,0.00030857038611332066
Doomscrolling,0.00030857038611332066,0.0,0.00030857038611332066
Autoimmune diseases,0.0003085431391258096,0.0006272518629901767,-0.0003187087238643671
Marburg virus disease,0.00030847390101423043,0.0,0.00030847390101423043
Gastrointestinal disease,0.00030847390101423043,0.0,0.00030847390101423043
Broad-spectrum antiviral drug,0.00030847390101423043,0.0,0.00030847390101423043
Wuhan Jinyintan Hospital,0.0003084728517668985,0.0,0.0003084728517668985
U.S. state and local government responses to the COVID-19 pandemic,0.00030843531255596724,0.0,0.00030843531255596724
Convidecia,0.0003084331465785079,0.0,0.0003084331465785079
VBI-2902,0.0003084331465785079,0.0,0.0003084331465785079
TRIPS Agreement waiver,0.0003084331465785079,0.0,0.0003084331465785079
World Bank high-income economy,0.0003084331465785079,0.0,0.0003084331465785079
Corbevax,0.0003084331465785079,0.0,0.0003084331465785079
Virus-like particle,0.0003084331465785079,0.0006311784771756956,-0.0003227453305971877
Viral vector vaccine,0.0003084331465785079,0.0,0.0003084331465785079
Canine coronavirus,0.0003084331465785079,0.0006403205428586932,-0.0003318873962801853
DelNS1-2019-nCoV-RBD-OPT,0.0003084331465785079,0.0,0.0003084331465785079
ZF2001,0.0003084331465785079,0.0,0.0003084331465785079
Coronaviridae,0.0003084331465785079,0.0006403205428586932,-0.0003318873962801853
Soberana Plus,0.0003084331465785079,0.0,0.0003084331465785079
INCOVACC,0.0003084331465785079,0.0,0.0003084331465785079
Soberana 02,0.0003084331465785079,0.0,0.0003084331465785079
Vaccine Taskforce,0.0003084331465785079,0.0,0.0003084331465785079
Ferrite (magnet),0.0003083856934427918,0.0,0.0003083856934427918
Radiograph,0.0003083856934427918,0.0,0.0003083856934427918
Neutralisation (immunology),0.0003083856934427918,0.0006423905089760711,-0.0003340048155332793
IgA,0.0003083856934427918,0.0,0.0003083856934427918
Hyperplasia,0.0003083856934427918,0.0006423905089760711,-0.0003340048155332793
Hypochlorous acid,0.0003083856934427918,0.0,0.0003083856934427918
Humectant,0.0003083856934427918,0.0006423905089760711,-0.0003340048155332793
Anthroponotic disease,0.0003083856934427918,0.0,0.0003083856934427918
Anti-HIV medications,0.0003083856934427918,0.0,0.0003083856934427918
Hyaluronic acid,0.0003083856934427918,0.0,0.0003083856934427918
Interferon-alpha,0.0003083856934427918,0.0,0.0003083856934427918
Room temperature,0.0003083856934427918,0.0,0.0003083856934427918
Intergovernmental Panel on Climate Change,0.0003083856934427918,0.0,0.0003083856934427918
Plasma cell,0.0003083856934427918,0.0006423905089760711,-0.0003340048155332793
Management of COVID-19,0.0003083856934427918,0.0,0.0003083856934427918
Genetic screening,0.0003083856934427918,0.0,0.0003083856934427918
Interleukin 7,0.0003083856934427918,0.0,0.0003083856934427918
Interleukin 2,0.0003083856934427918,0.0,0.0003083856934427918
Strain (biology),0.0003083856934427918,0.0006694287141358719,-0.0003610430206930801
Stomach,0.0003083856934427918,0.0006423905089760711,-0.0003340048155332793
Pneumocyte,0.0003083856934427918,0.0006423905089760711,-0.0003340048155332793
Rhinolophus sinicus,0.0003083856934427918,0.0,0.0003083856934427918
Macroeconomic,0.0003083856934427918,0.0,0.0003083856934427918
Arterioles,0.0003083856934427918,0.0,0.0003083856934427918
UpToDate,0.0003083856934427918,0.0,0.0003083856934427918
Political philosophy,0.0003083856934427918,0.0,0.0003083856934427918
Lymphocytic,0.0003083856934427918,0.0006423905089760711,-0.0003340048155332793
Ischemic heart disease,0.0003083856934427918,0.0,0.0003083856934427918
Respiratory symptom,0.0003083856934427918,0.0,0.0003083856934427918
Vasodilation,0.0003083856934427918,0.0,0.0003083856934427918
Macroscopic scale,0.0003083856934427918,0.0006423905089760711,-0.0003340048155332793
CCL3,0.0003083856934427918,0.0,0.0003083856934427918
CD4+ T cell,0.0003083856934427918,0.0,0.0003083856934427918
Intrauterine growth restriction,0.0003083856934427918,0.0,0.0003083856934427918
Testosterone,0.0003083856934427918,0.0,0.0003083856934427918
Encephalopathy,0.0003083856934427918,0.0,0.0003083856934427918
Enterocyte,0.0003083856934427918,0.0006423905089760711,-0.0003340048155332793
Endotheliitis,0.0003083856934427918,0.0,0.0003083856934427918
Pro-inflammatory cytokine,0.0003083856934427918,0.0,0.0003083856934427918
Premature delivery,0.0003083856934427918,0.0,0.0003083856934427918
Pre-existing condition,0.0003083856934427918,0.0006423905089760711,-0.0003340048155332793
Povidone-iodine,0.0003083856934427918,0.0006466092472479643,-0.00033822355380517253
Karolinska Institutet,0.0003083856934427918,0.0,0.0003083856934427918
Fatty liver disease,0.0003083856934427918,0.0,0.0003083856934427918
Relative humidity,0.0003083856934427918,0.0,0.0003083856934427918
Exudates,0.0003083856934427918,0.0006423905089760711,-0.0003340048155332793
Exudate,0.0003083856934427918,0.0006423905089760711,-0.0003340048155332793
Food and Drugs Administration,0.0003083856934427918,0.0,0.0003083856934427918
Environmental degradation,0.0003083856934427918,0.0,0.0003083856934427918
Emergency use authorisation,0.0003083856934427918,0.0,0.0003083856934427918
Antisepsis,0.0003083856934427918,0.0006423905089760711,-0.0003340048155332793
Angiotensin II receptor blocker,0.0003083856934427918,0.0006423905089760711,-0.0003340048155332793
Rectum,0.0003083856934427918,0.0006423905089760711,-0.0003340048155332793
Lineage (evolution),0.0003083856934427918,0.0,0.0003083856934427918
Laminar flow,0.0003083856934427918,0.0,0.0003083856934427918
Latino (demonym),0.0003083856934427918,0.0,0.0003083856934427918
Leukoerythroblastic,0.0003083856934427918,0.0,0.0003083856934427918
Symptoms of COVID‑19,0.0003083856934427918,0.0,0.0003083856934427918
Pulmonary fibrosis,0.0003083856934427918,0.0006423905089760711,-0.0003340048155332793
Hydrogen peroxide,0.0003083856934427918,0.0006466092472479643,-0.00033822355380517253
Neuron,0.0003083856934427918,0.0,0.0003083856934427918
Hypogonadism,0.0003083856934427918,0.0,0.0003083856934427918
Infiltration (medical),0.0003083856934427918,0.0006423905089760711,-0.0003340048155332793
Specificity (statistics),0.0003083856934427918,0.0006058869247389208,-0.000297501231296129
COVID‑19 vaccine,0.0003083856934427918,0.0,0.0003083856934427918
Max Planck Institute for Evolutionary Anthropology,0.0003083856934427918,0.0,0.0003083856934427918
Duodenum,0.0003083856934427918,0.0006423905089760711,-0.0003340048155332793
Phase IIb,0.0003083856934427918,0.0,0.0003083856934427918
COVID‑19 datasets,0.0003083856934427918,0.0,0.0003083856934427918
COVID‑19 testing,0.0003083856934427918,0.0,0.0003083856934427918
Medical record,0.0003083856934427918,0.0006423905089760711,-0.0003340048155332793
Interferon gamma,0.0003083856934427918,0.0,0.0003083856934427918
Gland,0.0003083856934427918,0.0006423905089760711,-0.0003340048155332793
Giant cell,0.0003083856934427918,0.0006423905089760711,-0.0003340048155332793
Stimulant use disorder,0.0003083856934427918,0.0,0.0003083856934427918
Demand controlled ventilation,0.0003083856934427918,0.0,0.0003083856934427918
Capillaries,0.0003083856934427918,0.0,0.0003083856934427918
BSL3,0.0003083856934427918,0.0,0.0003083856934427918
Turin,0.0003083856934427918,0.0006167174079512328,-0.00030833171450844103
Tumour necrosis factor,0.0003083856934427918,0.0,0.0003083856934427918
Pediatric multisystem inflammatory syndrome,0.0003083856934427918,0.0,0.0003083856934427918
Cardiac muscle cell,0.0003083856934427918,0.0,0.0003083856934427918
Type I interferon,0.0003083856934427918,0.0,0.0003083856934427918
Bronchoalveolar lavage fluid,0.0003083856934427918,0.0,0.0003083856934427918
CXCL10,0.0003083856934427918,0.0,0.0003083856934427918
Passive ventilation,0.0003083856934427918,0.0,0.0003083856934427918
Healing,0.0003083856934427918,0.0006423905089760711,-0.0003340048155332793
Allele,0.0003083856934427918,0.0,0.0003083856934427918
Indigenous peoples of the Americas,0.0003083856934427918,0.0,0.0003083856934427918
Scientific review,0.0003083856934427918,0.0,0.0003083856934427918
Tumor necrosis factor,0.0003083856934427918,0.0,0.0003083856934427918
Domestic duck,0.0003083856934427918,0.0,0.0003083856934427918
Medical research,0.0003083856934427918,0.0006423905089760711,-0.0003340048155332793
S protein,0.0003083856934427918,0.0,0.0003083856934427918
Astrocyte,0.0003083856934427918,0.0,0.0003083856934427918
Atrial fibrillation,0.0003083856934427918,0.0,0.0003083856934427918
Ultraviolet germicidal irradiation,0.0003083856934427918,0.0,0.0003083856934427918
Granulocyte-macrophage colony-stimulating factor,0.0003083856934427918,0.0,0.0003083856934427918
UV light,0.0003083856934427918,0.0,0.0003083856934427918
Type II cell,0.0003083856934427918,0.0006423905089760711,-0.0003340048155332793
Displacement ventilation,0.0003083856934427918,0.0,0.0003083856934427918
Disseminated intravascular coagulation,0.0003083856934427918,0.0006423905089760711,-0.0003340048155332793
Pig,0.0003083856934427918,0.0,0.0003083856934427918
DOCK2,0.0003083856934427918,0.0,0.0003083856934427918
Heat recovery ventilation,0.0003083856934427918,0.0,0.0003083856934427918
Cerebral infarction,0.0003083856934427918,0.0,0.0003083856934427918
Sensitivity (statistics),0.0003083856934427918,0.0006058869247389208,-0.000297501231296129
Chimeric antigen receptor T cell,0.0003083856934427918,0.0006423905089760711,-0.0003340048155332793
Chlorhexidine gluconate,0.0003083856934427918,0.0,0.0003083856934427918
Heptad repeat,0.0003083856934427918,0.0,0.0003083856934427918
Hemophagocytosis,0.0003083856934427918,0.0,0.0003083856934427918
Wildlife trade and zoonoses,0.0003083856934427918,0.0,0.0003083856934427918
White pulp,0.0003083856934427918,0.0,0.0003083856934427918
Opioid use disorder,0.0003083856934427918,0.0,0.0003083856934427918
Cross-reactivity,0.0003083856934427918,0.0,0.0003083856934427918
Health insurance,0.0003083856934427918,0.0,0.0003083856934427918
Cryptococcosis,0.0003083856934427918,0.0,0.0003083856934427918
Chemokine,0.0003083856934427918,0.0,0.0003083856934427918
Bacterial spore,0.0003083856934427918,0.0,0.0003083856934427918
Monocyte chemoattractant protein-1,0.0003083856934427918,0.0,0.0003083856934427918
DLCO,0.0003083856934427918,0.0,0.0003083856934427918
British Asian,0.0003083856934427918,0.0,0.0003083856934427918
Sodium hypochlorite,0.0003083856934427918,0.0006466092472479643,-0.00033822355380517253
Steatosis,0.0003083856934427918,0.0006423905089760711,-0.0003340048155332793
Healthcare policy,0.0003083856934427918,0.0,0.0003083856934427918
Normative economics,0.0003083856934427918,0.0,0.0003083856934427918
Benzalkonium chloride,0.0003083856934427918,0.0006466092472479643,-0.00033822355380517253
Neanderthal,0.0003083856934427918,0.0,0.0003083856934427918
Novel virus,0.0003083856934427918,0.0006466092472479643,-0.00033822355380517253
Blood cell,0.0003083856934427918,0.0,0.0003083856934427918
Weasel family,0.0003083856934427918,0.0,0.0003083856934427918
Black British people,0.0003083856934427918,0.0,0.0003083856934427918
Bioethics,0.0003083856934427918,0.0,0.0003083856934427918
Biomarker (medicine),0.0003083856934427918,0.0,0.0003083856934427918
Small intestine,0.0003083856934427918,0.00066712488809779,-0.00035873919465499824
Convalescent serum,0.0003083856934427918,0.0,0.0003083856934427918
Immunoglobulin therapy,0.0003083856934427918,0.0,0.0003083856934427918
Acute kidney injury,0.0003083856934427918,0.0006423905089760711,-0.0003340048155332793
COVID-19 pandemic in Metro Manila,0.00030834885988369567,0.0,0.00030834885988369567
COVID-19 pandemic in the Cook Islands,0.0003083291415102925,0.0,0.0003083291415102925
Cytomegalovirus,0.0003082710646888676,0.0006481116227044693,-0.0003398405580156017
Anorexia (symptom),0.0003082456921322997,0.0006088940300556349,-0.0003006483379233352
Autonomic nervous system,0.0003082131039584997,0.0006046752917837415,-0.00029646218782524185
Timeline of the COVID-19 pandemic in Wales (2020),0.00030818889084445727,0.0,0.00030818889084445727
Timeline of the COVID-19 pandemic in Northern Ireland (2020),0.00030818889084445727,0.0,0.00030818889084445727
COVID-19 pandemic in the San Francisco Bay Area,0.00030818682989799495,0.0,0.00030818682989799495
Zaire ebolavirus,0.00030814507307567475,0.0,0.00030814507307567475
Sanofi–GSK COVID-19 vaccine,0.00030813810320888654,0.0,0.00030813810320888654
CureVac COVID-19 vaccine,0.00030813810320888654,0.0,0.00030813810320888654
John Campbell (YouTuber),0.0003080663120731123,0.0,0.0003080663120731123
Zweli Mkhize,0.00030806147049226005,0.000641027688810334,-0.000332966218318074
National Institute for Communicable Diseases,0.00030806147049226005,0.000641027688810334,-0.000332966218318074
Otitis media,0.0003080132300321408,0.0006054721618325538,-0.000297458931800413
Þórólfur Guðnason,0.0003080124901026904,0.0,0.0003080124901026904
PANORAMIC trial,0.00030795569328989354,0.0,0.00030795569328989354
COVID-19 pandemic in U.S. immigration detention,0.0003079275851546869,0.0,0.0003079275851546869
COVID-19 Advisory Board,0.0003079275851546869,0.0,0.0003079275851546869
Microorganism,0.0003078994229979143,0.0006254296755064665,-0.00031753025250855216
Membrane protein,0.00030784178675220364,0.0,0.00030784178675220364
Masitinib,0.00030784178675220364,0.0,0.00030784178675220364
Measles virus,0.00030784178675220364,0.0,0.00030784178675220364
Thorax (journal),0.00030784178675220364,0.0,0.00030784178675220364
Transmembrane domain,0.00030784178675220364,0.0,0.00030784178675220364
Cytosine,0.00030784178675220364,0.0,0.00030784178675220364
Transmission electron microscopy,0.00030784178675220364,0.0,0.00030784178675220364
BANAL-52,0.00030784178675220364,0.0,0.00030784178675220364
Variants of severe acute respiratory syndrome coronavirus 2,0.00030784178675220364,0.0,0.00030784178675220364
Spillover event,0.00030784178675220364,0.0,0.00030784178675220364
Stool test,0.00030784178675220364,0.0006694287141358719,-0.00036158692738366824
Mojiang County,0.00030784178675220364,0.0,0.00030784178675220364
Speech,0.00030784178675220364,0.0,0.00030784178675220364
Adenine,0.00030784178675220364,0.0,0.00030784178675220364
Downregulation,0.00030784178675220364,0.0,0.00030784178675220364
Stainless steel,0.00030784178675220364,0.0,0.00030784178675220364
E484K,0.00030784178675220364,0.0,0.00030784178675220364
K417N,0.00030784178675220364,0.0,0.00030784178675220364
Cruise liner,0.00030784178675220364,0.0,0.00030784178675220364
Cryogenic electron microscopy,0.00030784178675220364,0.0006694287141358719,-0.00036158692738366824
Base pair,0.00030784178675220364,0.0,0.00030784178675220364
Basigin,0.00030784178675220364,0.0006694287141358719,-0.00036158692738366824
Neuropilin 1,0.00030784178675220364,0.0,0.00030784178675220364
Common ancestor,0.00030784178675220364,0.0006694287141358719,-0.00036158692738366824
Scanning electron micrographs,0.00030784178675220364,0.0,0.00030784178675220364
ScienceAlert,0.00030784178675220364,0.0,0.00030784178675220364
Sarbecovirus,0.00030784178675220364,0.0006694287141358719,-0.00036158692738366824
Fusion peptide,0.00030784178675220364,0.0006694287141358719,-0.00036158692738366824
Nanometre,0.00030784178675220364,0.0006694287141358719,-0.00036158692738366824
National Center for Biotechnology Information,0.00030784178675220364,0.0006800885793538508,-0.0003722467926016472
Alphacoronavirus 1,0.00030784178675220364,0.0,0.00030784178675220364
Bat SARS-like coronavirus WIV1,0.00030784178675220364,0.0006694287141358719,-0.00036158692738366824
Codon usage bias,0.00030784178675220364,0.0,0.00030784178675220364
CpG dinucleotides,0.00030784178675220364,0.0,0.00030784178675220364
Nasal cavity,0.00030784178675220364,0.0,0.00030784178675220364
Feuang district,0.00030784178675220364,0.0,0.00030784178675220364
GC skew,0.00030784178675220364,0.0,0.00030784178675220364
SAE 304 stainless steel,0.00030784178675220364,0.0,0.00030784178675220364
Reverse genetics,0.00030784178675220364,0.0006785657414655681,-0.00037072395471336446
Genetic diversity,0.00030784178675220364,0.0,0.00030784178675220364
Overlapping gene,0.00030784178675220364,0.0,0.00030784178675220364
Open-science,0.00030784178675220364,0.0,0.00030784178675220364
Oral medicine,0.00030784178675220364,0.0,0.00030784178675220364
Sense (molecular biology),0.00030784178675220364,0.0,0.00030784178675220364
Glycan,0.00030784178675220364,0.0,0.00030784178675220364
Patented,0.00030784178675220364,0.0,0.00030784178675220364
Betacoronavirus pandemicum,0.00030784178675220364,0.0,0.00030784178675220364
Phenotypic plasticity,0.00030784178675220364,0.0,0.00030784178675220364
Beta-CoV,0.00030784178675220364,0.0006694287141358719,-0.00036158692738366824
Pangolins,0.00030784178675220364,0.0006557462745776605,-0.0003479044878254569
P681H,0.00030784178675220364,0.0,0.00030784178675220364
PH,0.00030784178675220364,0.0,0.00030784178675220364
Respiratory droplets,0.00030784178675220364,0.0007143697749168089,-0.0004065279881646052
Virulence factor,0.00030784178675220364,0.0006694287141358719,-0.00036158692738366824
Virus Pathogen Database and Analysis Resource,0.00030784178675220364,0.0006694287141358719,-0.00036158692738366824
Virion,0.00030784178675220364,0.0006694287141358719,-0.00036158692738366824
Guanine,0.00030784178675220364,0.0,0.00030784178675220364
Popular Science,0.00030784178675220364,0.0006694287141358719,-0.00036158692738366824
Protein Data Bank,0.00030784178675220364,0.0006694287141358719,-0.00036158692738366824
Viral species,0.00030784178675220364,0.0006694287141358719,-0.00036158692738366824
Public health intervention,0.00030784178675220364,0.0,0.00030784178675220364
Protein structure prediction,0.00030784178675220364,0.0006694287141358719,-0.00036158692738366824
Uracil,0.00030784178675220364,0.0,0.00030784178675220364
Airborne pathogen,0.00030784178675220364,0.0,0.00030784178675220364
Antiviral protein,0.00030784178675220364,0.0,0.00030784178675220364
Synonym (taxonomy),0.00030784178675220364,0.0006694287141358719,-0.00036158692738366824
Aerosol transmission,0.00030784178675220364,0.0,0.00030784178675220364
The Sun (Nigeria),0.00030784178675220364,0.0006694287141358719,-0.00036158692738366824
COVID-19 pandemic in Nebraska,0.0003078063380880208,0.0,0.0003078063380880208
Pulse oximetry,0.0003077784577820589,0.0006054721618325538,-0.0002976937040504949
Hyperventilation,0.0003076924174987552,0.000630094493714971,-0.0003224020762162158
COVID-19 hospitals in the United Kingdom,0.0003075884729212007,0.0,0.0003075884729212007
Handwashing,0.00030758290723565665,0.0006054721618325538,-0.00029788925459689713
Kandakadu Treatment and Rehabilitation Centre,0.00030755892959661137,0.0,0.00030755892959661137
Rhinitis,0.000307554388480163,0.0006391392278393167,-0.0003315848393591537
COVID-19 vaccination in Moldova,0.0003075532504890348,0.0,0.0003075532504890348
Human orthopneumovirus,0.0003075532504890348,0.0,0.0003075532504890348
German government response to the COVID-19 pandemic,0.0003074594435335845,0.0,0.0003074594435335845
COVID-19 pandemic in New South Wales,0.0003074123696116236,0.0,0.0003074123696116236
COVID-19 pandemic on Grand Princess,0.0003073655852994892,0.0,0.0003073655852994892
COVID-19 pandemic in Hawaii,0.0003073655852994892,0.0,0.0003073655852994892
COVID-19 pandemic on USS Theodore Roosevelt,0.0003073655852994892,0.0,0.0003073655852994892
COVID-19 pandemic in Utah,0.0003073655852994892,0.0,0.0003073655852994892
COVID-19 pandemic in Sevastopol,0.0003073588439504462,0.0,0.0003073588439504462
COVID-19 pandemic in Crimea,0.0003073588439504462,0.0,0.0003073588439504462
Arthropod,0.00030733173241422485,0.0,0.00030733173241422485
Rodent,0.00030733173241422485,0.0,0.00030733173241422485
Rotavirus,0.00030733173241422485,0.0006869471082108584,-0.00037961537579663353
Kyasanur Forest disease,0.00030733173241422485,0.0006869471082108584,-0.00037961537579663353
COVID-19 scams,0.00030730331585478903,0.0,0.00030730331585478903
COVID-19 pandemic in Tuvalu,0.00030728391554216833,0.0,0.00030728391554216833
COVID-19 pandemic in Turkmenistan,0.00030728391554216833,0.0,0.00030728391554216833
COVID-19 pandemic in Burundi,0.00030728143158740976,0.0,0.00030728143158740976
COVID-19 pandemic in Tanzania,0.00030728143158740976,0.0,0.00030728143158740976
COVID-19 pandemic in Uruguay,0.00030728143158740976,0.0,0.00030728143158740976
COVID-19 Response Acceleration Task Force,0.0003072692082425765,0.0,0.0003072692082425765
Chemotherapy,0.00030725700877380245,0.0006565620634516407,-0.00034930505467783827
COVID-19 pandemic in Shanghai,0.0003072338141544464,0.0,0.0003072338141544464
Xishuangbanna,0.0003072338141544464,0.0,0.0003072338141544464
Zeng Guang,0.0003072338141544464,0.0006121105034152516,-0.00030487668926080516
Chang Shan-chwen,0.0003071581723858185,0.0,0.0003071581723858185
Chen Shih-chung,0.0003071581723858185,0.0006357797551645597,-0.00032862158277874125
Impact of the COVID-19 pandemic on sports in the Republic of Ireland,0.0003071308197671878,0.0,0.0003071308197671878
Impact of the COVID-19 pandemic on education in the Republic of Ireland,0.0003071308197671878,0.0,0.0003071308197671878
Economic impact of the COVID-19 pandemic in the Republic of Ireland,0.0003071308197671878,0.0,0.0003071308197671878
Impact of the COVID-19 pandemic on politics in the Republic of Ireland,0.0003071308197671878,0.0,0.0003071308197671878
COVID-19 Pandemic Unemployment Payment,0.0003071308197671878,0.0,0.0003071308197671878
Impact of the COVID-19 pandemic on public transport,0.0003070822202044266,0.0,0.0003070822202044266
Gastrointestinal symptom,0.0003070602377293005,0.0,0.0003070602377293005
Intracerebral hemorrhage,0.0003070602377293005,0.0,0.0003070602377293005
Altered mental state,0.0003070602377293005,0.0,0.0003070602377293005
Nasal congestion,0.0003070602377293005,0.0,0.0003070602377293005
NT-proBNP,0.0003070602377293005,0.0,0.0003070602377293005
Neutrophilia,0.0003070602377293005,0.0,0.0003070602377293005
Non-specific symptom,0.0003070602377293005,0.0006058869247389208,-0.0002988266870096203
Night sweats,0.0003070602377293005,0.0,0.0003070602377293005
Columbia University Irving Medical Center,0.0003070602377293005,0.0,0.0003070602377293005
Nose,0.0003070602377293005,0.0,0.0003070602377293005
Productive cough,0.0003070602377293005,0.0,0.0003070602377293005
Hypoesthesia,0.0003070602377293005,0.0,0.0003070602377293005
Endomyocardial biopsy,0.0003070602377293005,0.0,0.0003070602377293005
Acute myocarditis,0.0003070602377293005,0.0,0.0003070602377293005
University of Southern California,0.0003070602377293005,0.0,0.0003070602377293005
Rash,0.0003070602377293005,0.0006016681864670273,-0.00029460794873772684
Peripheral nerve,0.0003070602377293005,0.0,0.0003070602377293005
Headache,0.0003070602377293005,0.0,0.0003070602377293005
University of Pennsylvania Smell Identification Test,0.0003070602377293005,0.0,0.0003070602377293005
Acute disseminated encephalomyelitis,0.0003070602377293005,0.0,0.0003070602377293005
COVID variant,0.0003070602377293005,0.0,0.0003070602377293005
Lung fibrosis,0.0003070602377293005,0.0,0.0003070602377293005
Sinus tachycardia,0.0003070602377293005,0.0,0.0003070602377293005
Troponin,0.0003070602377293005,0.0,0.0003070602377293005
Fire hazard,0.0003070602377293005,0.0,0.0003070602377293005
Skeletal muscle,0.0003070602377293005,0.0,0.0003070602377293005
Chilblain,0.0003070602377293005,0.0,0.0003070602377293005
Peripheral nervous system,0.0003070602377293005,0.0,0.0003070602377293005
Sustentacular cell,0.0003070602377293005,0.0,0.0003070602377293005
Eye irritation,0.0003070602377293005,0.0,0.0003070602377293005
"Kidney failure, acute",0.0003070602377293005,0.0,0.0003070602377293005
Smell training,0.0003070602377293005,0.0,0.0003070602377293005
Disorientation,0.0003070602377293005,0.0,0.0003070602377293005
Metabolic acidosis,0.0003070602377293005,0.0,0.0003070602377293005
Asthenia,0.0003070602377293005,0.0,0.0003070602377293005
Systematic review,0.0003070602377293005,0.0,0.0003070602377293005
Tim Spector,0.0003070602377293005,0.0,0.0003070602377293005
Ataxia,0.0003070602377293005,0.0,0.0003070602377293005
Renin–angiotensin system,0.0003070383138080706,0.0,0.0003070383138080706
Tilt table test,0.0003070276495555005,0.0,0.0003070276495555005
Thrombophilia,0.0003070276495555005,0.0,0.0003070276495555005
Electrolyte,0.0003070276495555005,0.0,0.0003070276495555005
Microclots,0.0003070276495555005,0.0,0.0003070276495555005
Differential diagnosis,0.0003070276495555005,0.0006694287141358719,-0.00036240106458037137
Cause (medicine),0.0003070276495555005,0.0,0.0003070276495555005
Perfusion,0.0003070276495555005,0.0,0.0003070276495555005
Olfactory bulb,0.0003070276495555005,0.0,0.0003070276495555005
Office of Long COVID Research and Practice,0.0003070276495555005,0.0,0.0003070276495555005
Post-acute infection syndrome,0.0003070276495555005,0.0,0.0003070276495555005
Loratadine,0.0003070276495555005,0.0,0.0003070276495555005
Post-intensive care syndrome,0.0003070276495555005,0.0,0.0003070276495555005
Post-viral fatigue syndrome,0.0003070276495555005,0.0,0.0003070276495555005
Institute for Fiscal Studies,0.0003070276495555005,0.0,0.0003070276495555005
Postural orthostatic tachycardia syndrome,0.0003070276495555005,0.0,0.0003070276495555005
Agency for Healthcare Research and Quality,0.0003070276495555005,0.0,0.0003070276495555005
Brainstem,0.0003070276495555005,0.0,0.0003070276495555005
Radiological,0.0003070276495555005,0.0,0.0003070276495555005
Post viral cerebellar ataxia,0.0003070276495555005,0.0,0.0003070276495555005
Post-Ebola syndrome,0.0003070276495555005,0.0,0.0003070276495555005
Endothelial dysfunction,0.0003070276495555005,0.0,0.0003070276495555005
Phenotype (clinical medicine),0.0003070276495555005,0.0,0.0003070276495555005
Type 1 diabetes,0.0003070276495555005,0.0,0.0003070276495555005
Dual-energy CT,0.0003070276495555005,0.0,0.0003070276495555005
Medical Expenditure Panel Survey,0.0003070276495555005,0.0,0.0003070276495555005
Fertility,0.0003070276495555005,0.0,0.0003070276495555005
Microbiota,0.0003070276495555005,0.0,0.0003070276495555005
Museum of Vancouver,0.0003070276495555005,0.0,0.0003070276495555005
BC-007,0.0003070276495555005,0.0,0.0003070276495555005
Deep vein,0.0003070276495555005,0.0,0.0003070276495555005
Mitochondrion,0.0003070276495555005,0.0,0.0003070276495555005
Vagus nerve,0.0003070276495555005,0.0,0.0003070276495555005
Skin rashes,0.0003070276495555005,0.0,0.0003070276495555005
Signs and symptoms,0.0003070276495555005,0.0,0.0003070276495555005
Diagnosis,0.0003070276495555005,0.0006423905089760711,-0.0003353628594205706
Patient and public involvement,0.0003070276495555005,0.0,0.0003070276495555005
Pathophysiology,0.0003070276495555005,0.0,0.0003070276495555005
General practitioner,0.0003070276495555005,0.0,0.0003070276495555005
Palpitations,0.0003070276495555005,0.0006423905089760711,-0.0003353628594205706
Rivaroxaban,0.0003070276495555005,0.0,0.0003070276495555005
Heart muscle,0.0003070276495555005,0.0,0.0003070276495555005
Royal College of General Practitioners,0.0003070276495555005,0.0,0.0003070276495555005
Outpatient department,0.0003070276495555005,0.0,0.0003070276495555005
Clinical case definition,0.0003070276495555005,0.0,0.0003070276495555005
Compression garment,0.0003070276495555005,0.0,0.0003070276495555005
Pelvis,0.0003070276495555005,0.0,0.0003070276495555005
Caregiver,0.0003070276495555005,0.0,0.0003070276495555005
Respiratory tract infection,0.00030693120415083467,0.0006065764786567345,-0.00029964527450589986
Sarilumab,0.00030668934273324713,0.0006123280516850063,-0.00030563870895175917
Innate immune system,0.00030665178585117256,0.0,0.00030665178585117256
Crisis Preparedness and Response Centre,0.0003066218805107475,0.0,0.0003066218805107475
MySejahtera,0.0003066218805107475,0.0,0.0003066218805107475
Alpha blocker,0.000306596605397072,0.0006220212915941033,-0.0003154246861970313
2021 hospital crisis in the U.S. from COVID-19,0.0003065878976978595,0.0,0.0003065878976978595
COVID-19 pandemic in the Navajo Nation,0.0003065878976978595,0.0,0.0003065878976978595
"Coronavirus Preparedness and Response Supplemental Appropriations Act, 2020",0.0003065878976978595,0.0006165467899568996,-0.00030995889225904013
COVID-19 pandemic in Afghanistan,0.00030643475143013,0.0,0.00030643475143013
COVID-19 pandemic in Azerbaijan,0.00030643475143013,0.0006016681864670273,-0.00029523343503689735
COVID-19 pandemic in Oman,0.00030643475143013,0.0006016681864670273,-0.00029523343503689735
COVID-19 pandemic in Monaco,0.00030643475143013,0.0006016681864670273,-0.00029523343503689735
COVID-19 pandemic in Qatar,0.00030643475143013,0.0006016681864670273,-0.00029523343503689735
COVID-19 pandemic in Kuwait,0.00030643475143013,0.0006016681864670273,-0.00029523343503689735
COVID-19 pandemic in Lithuania,0.00030643475143013,0.0006016681864670273,-0.00029523343503689735
COVID-19 pandemic in Luxembourg,0.00030643475143013,0.0006016681864670273,-0.00029523343503689735
COVID-19 pandemic in Georgia (country),0.00030643475143013,0.0006016681864670273,-0.00029523343503689735
COVID-19 pandemic in Estonia,0.00030643475143013,0.0006016681864670273,-0.00029523343503689735
COVID-19 pandemic in Iraq,0.00030643475143013,0.0006016681864670273,-0.00029523343503689735
Oxford English Dictionary,0.00030643268756862815,0.0,0.00030643268756862815
Virus classification,0.00030643268756862815,0.0,0.00030643268756862815
Streptococcal pharyngitis,0.00030639395119444566,0.0,0.00030639395119444566
Sickness behavior,0.0003063870644453851,0.0006101186272141989,-0.00030373156276881376
COVID-19 vaccination in the United Kingdom,0.0003062487854643733,0.0,0.0003062487854643733
ISSN (identifier),0.0003062487854643733,0.0,0.0003062487854643733
COVID-19 pandemic in the British Overseas Territories,0.0003062487854643733,0.0,0.0003062487854643733
United Kingdom responses to the COVID-19 pandemic,0.0003062487854643733,0.0,0.0003062487854643733
COVID-19 pandemic in Jammu and Kashmir,0.00030613461515625754,0.0,0.00030613461515625754
2020 Tablighi Jamaat COVID-19 hotspot in Pakistan,0.00030613461515625754,0.0,0.00030613461515625754
Cushing's syndrome,0.00030609409037327627,0.0006412496443485674,-0.00033515555397529116
BriLife,0.0003060734026271193,0.0,0.0003060734026271193
COVID-19 vaccination in Israel,0.0003060734026271193,0.0,0.0003060734026271193
COVID-19 pandemic in Texas,0.0003060648288782913,0.0,0.0003060648288782913
COVID-19 pandemic in Alabama,0.0003060648288782913,0.0,0.0003060648288782913
COVID-19 pandemic in Arizona,0.0003060648288782913,0.0,0.0003060648288782913
COVID-19 pandemic in Mississippi,0.0003060648288782913,0.0,0.0003060648288782913
COVID-19 pandemic in Oklahoma,0.0003060648288782913,0.0,0.0003060648288782913
COVID-19 pandemic in Louisiana,0.0003060648288782913,0.0,0.0003060648288782913
COVID-19 pandemic and animals,0.0003060370719601892,0.0,0.0003060370719601892
Viral pneumonia,0.00030602960202713483,0.0006822204778129709,-0.0003761908757858361
Hospital-acquired infection,0.00030602960202713483,0.0006301276324047498,-0.000324098030377615
Neuromuscular disease,0.0003060040515421832,0.0006221607433816902,-0.00031615669183950696
The Joe Rogan Experience,0.0003059636283979616,0.0006016681864670273,-0.0002957045580690657
The Epoch Times,0.0003059636283979616,0.0006016681864670273,-0.0002957045580690657
Crimean–Congo hemorrhagic fever,0.0003059636283979616,0.0006108052137967236,-0.00030484158539876194
Jim Bakker,0.0003059636283979616,0.0006108052137967236,-0.00030484158539876194
Corona Rintawan,0.0003059295207857492,0.0006382162957858121,-0.00033228677500006293
Doni Monardo,0.0003059295207857492,0.0,0.0003059295207857492
COVID-19 pandemic in Michigan,0.0003058664492583199,0.0,0.0003058664492583199
COVID-19 pandemic in Minnesota,0.0003058664492583199,0.0,0.0003058664492583199
COVID-19 pandemic in Virginia,0.0003058664492583199,0.0,0.0003058664492583199
Irish government response to the COVID-19 pandemic,0.0003057911323103605,0.0,0.0003057911323103605
Federal aid during the COVID-19 pandemic in Canada,0.00030571340357872826,0.0,0.00030571340357872826
2021 Idar-Oberstein shooting,0.00030561202867547673,0.0,0.00030561202867547673
COVID-19 pandemic in Sri Lanka,0.0003053616306738201,0.0006016681864670273,-0.0002963065557932072
Human rights issues related to the COVID-19 pandemic,0.00030529185743858776,0.0006016681864670273,-0.0002963763290284396
COVID-19 pandemic in popular culture,0.00030529185743858776,0.0,0.00030529185743858776
Impact of the COVID-19 pandemic on prisons,0.00030529185743858776,0.0006016681864670273,-0.0002963763290284396
Charitable activities related to the COVID-19 pandemic,0.00030529185743858776,0.0,0.00030529185743858776
Impact of the COVID-19 pandemic on migration,0.00030529185743858776,0.0,0.00030529185743858776
Impact of the COVID-19 pandemic on people with disabilities,0.00030529185743858776,0.0,0.00030529185743858776
Impact of the COVID-19 pandemic on the performing arts,0.00030529185743858776,0.0,0.00030529185743858776
Impact of the COVID-19 pandemic on the military,0.00030529185743858776,0.0,0.00030529185743858776
Social stigma associated with COVID-19,0.00030529185743858776,0.0,0.00030529185743858776
Crimson Contagion,0.00030518823248330113,0.0,0.00030518823248330113
Middle East respiratory syndrome–related coronavirus,0.00030518823248330113,0.0,0.00030518823248330113
Organ transplantation,0.0003051339049172124,0.0006054721618325538,-0.00030033825691534136
COVID-19 vaccination in Brazil,0.00030507172984552426,0.0,0.00030507172984552426
COVID-19 managed isolation in New Zealand,0.00030498395963036464,0.0,0.00030498395963036464
Ashley Bloomfield,0.00030498395963036464,0.000641027688810334,-0.0003360437291799694
COVID-19 Protection Framework,0.00030498395963036464,0.0,0.00030498395963036464
NZ COVID Tracer,0.00030498395963036464,0.0,0.00030498395963036464
Destiny Church (New Zealand),0.00030498395963036464,0.000641027688810334,-0.0003360437291799694
Pharmaceutical drug,0.0003049204859328615,0.0006146142275155514,-0.0003096937415826899
Mycobacterium tuberculosis,0.00030490291749216494,0.0006201367138737148,-0.00031523379638154984
Iwate Prefecture,0.00030486226832042364,0.0,0.00030486226832042364
Naomichi Suzuki,0.00030486226832042364,0.0006382162957858121,-0.0003333540274653885
COVID-19 pandemic in Tokyo,0.00030486226832042364,0.0,0.00030486226832042364
Antibiotics,0.0003048334103172006,0.0006567913296172196,-0.000351957919300019
CoviVac (Russia COVID-19 vaccine),0.0003048207125738411,0.0,0.0003048207125738411
Sputnik Light,0.0003048207125738411,0.0,0.0003048207125738411
Allergies,0.0003047283681511443,0.0006207896322807065,-0.00031606126412956216
GX P2V,0.0003046973845033619,0.0,0.0003046973845033619
SARS-CoV-2 lineage B.1.617,0.0003046973845033619,0.0,0.0003046973845033619
SARS-CoV-2 Iota variant,0.0003046973845033619,0.0,0.0003046973845033619
Vaccine Maitri,0.0003046684263183215,0.0,0.0003046684263183215
Philippine government response to the COVID-19 pandemic,0.00030457459992403,0.0,0.00030457459992403
Little Mix,0.00030455521071670263,0.0,0.00030455521071670263
Clinical depression,0.00030455521071670263,0.0006073567395529423,-0.00030280152883623967
Horse,0.00030448666149816557,0.0006046752917837415,-0.00030018863028557596
Typhoid fever,0.0003044690930574691,0.0007216745499174997,-0.00041720545686003063
Typhus,0.0003044690930574691,0.0006193398438249025,-0.00031487075076743344
Interleukin 8,0.0003044633835657349,0.0,0.0003044633835657349
Ciprofloxacin,0.00030445227553310824,0.0006071115218974847,-0.0003026592463643764
Cortisol,0.00030445227553310824,0.0006158813400909993,-0.00031142906455789105
Addison's disease,0.00030445227553310824,0.0006158813400909993,-0.00031142906455789105
Guan Yi,0.0003044103231894398,0.0006263236570392234,-0.0003219133338497836
Sarcoidosis,0.00030439958588250474,0.0006152721370593637,-0.00031087255117685894
Northwick Park Hospital,0.00030436357168532125,0.0006389050452163111,-0.00033454147353098986
Analgesics,0.0003043464639036173,0.0006054721618325538,-0.0003011256979289365
Hendra virus,0.00030433289963974935,0.0006509972981396734,-0.00034666439849992403
Anthony L. Komaroff,0.00030433289963974935,0.0006167174079512328,-0.0003123845083114835
United States responses to the COVID-19 pandemic,0.0003040930470830448,0.0,0.0003040930470830448
COVID-19 vaccination in Argentina,0.0003040829971477062,0.0,0.0003040829971477062
Carla Vizzotti,0.0003040829971477062,0.0,0.0003040829971477062
Human parainfluenza viruses,0.0003040829971477062,0.0,0.0003040829971477062
Timeline of the COVID-19 pandemic in Vietnam,0.0003040482582478771,0.0,0.0003040482582478771
Contaminate,0.00030404027439603454,0.0,0.00030404027439603454
Infectivity,0.00030404027439603454,0.0,0.00030404027439603454
Upper respiratory tract,0.00030404027439603454,0.0,0.00030404027439603454
Temperature,0.00030404027439603454,0.0,0.00030404027439603454
Sneeze,0.00030404027439603454,0.0006472988011657783,-0.00034325852676974375
Source control (respiratory disease),0.00030404027439603454,0.0,0.00030404027439603454
Drop (liquid),0.00030404027439603454,0.0,0.00030404027439603454
Evaporate,0.00030404027439603454,0.0,0.00030404027439603454
Gram-negative bacteria,0.00030396657803367347,0.0006046752917837415,-0.00030070871375006806
Responses to the COVID-19 pandemic in January 2020,0.0003039565541739762,0.0,0.0003039565541739762
Vietnamese government response to the COVID-19 pandemic,0.00030395556772590086,0.0,0.00030395556772590086
Impact of the COVID-19 pandemic on hospitals,0.00030395216998176046,0.0,0.00030395216998176046
Impact of the COVID-19 pandemic on the LGBT community,0.00030395216998176046,0.0,0.00030395216998176046
Tony Holohan,0.00030394371745225276,0.000630094493714971,-0.00032615077626271826
COVID-19 vaccination in the Republic of Ireland,0.00030394371745225276,0.0,0.00030394371745225276
Green recovery,0.00030389511788949156,0.0,0.00030389511788949156
COVID-19 pandemic in the Northwest Territories,0.0003038659887206205,0.0,0.0003038659887206205
COVID-19 vaccination in Canada,0.0003038659887206205,0.0,0.0003038659887206205
COVID Alert,0.0003038659887206205,0.0,0.0003038659887206205
COVID-19 pandemic in Nova Scotia,0.0003038659887206205,0.0,0.0003038659887206205
COVID-19 pandemic in New Brunswick,0.0003038659887206205,0.0,0.0003038659887206205
COVID-19 pandemic in Newfoundland and Labrador,0.0003038659887206205,0.0,0.0003038659887206205
COVID-19 pandemic in Yukon,0.0003038659887206205,0.0,0.0003038659887206205
COVID-19 pandemic in Nunavut,0.0003038659887206205,0.0,0.0003038659887206205
COVID-19 pandemic in Prince Edward Island,0.0003038659887206205,0.0,0.0003038659887206205
Steve Kirsch,0.0003037865645315722,0.0006016681864670273,-0.0002978816219354551
Vaccine diplomacy,0.0003037865645315722,0.0,0.0003037865645315722
MVC COVID-19 vaccine,0.0003037865645315722,0.0,0.0003037865645315722
Viral culture,0.00030372743170548804,0.0006054721618325538,-0.00030174473012706574
ARCT-154,0.00030353045813995196,0.0,0.00030353045813995196
Adaptive immune system,0.00030353045813995196,0.0006656273777749006,-0.0003620969196349486
Primate,0.00030353045813995196,0.0,0.00030353045813995196
Rhabdoviridae,0.00030353045813995196,0.0,0.00030353045813995196
Great Resignation,0.00030344444258048,0.0,0.00030344444258048
COVID-19 vaccine clinical research,0.00030344444258048,0.0,0.00030344444258048
History of COVID-19 vaccine development,0.00030344444258048,0.0,0.00030344444258048
2020–2023 global chip shortage,0.00030344444258048,0.0,0.00030344444258048
Clinical research,0.0003033012070951665,0.0006108102521500251,-0.0003075090450548586
Silicosis,0.00030328363865447,0.0006163327385081883,-0.0003130490998537183
Otorhinolaryngology,0.00030321413147950556,0.0006749551229425578,-0.00037174099146305224
Michael Osterholm,0.0003031858877022513,0.0007722260299546893,-0.000469040142252438
Timeline of the COVID-19 pandemic in the United Kingdom (January–June 2020),0.0003031823493541846,0.0,0.0003031823493541846
Timeline of the COVID-19 pandemic in the United Kingdom (July–December 2020),0.0003031823493541846,0.0,0.0003031823493541846
Evacuations related to the COVID-19 pandemic,0.00030314651695446916,0.0006016681864670273,-0.0002985216695125582
COVIDSafe,0.0003031206576031201,0.0,0.0003031206576031201
COVID-19 pandemic in the Northern Territory,0.0003031206576031201,0.0,0.0003031206576031201
COVID-19 pandemic in Western Australia,0.0003031206576031201,0.0,0.0003031206576031201
COVID-19 pandemic in the Australian Capital Territory,0.0003031206576031201,0.0,0.0003031206576031201
Antidepressant,0.0003031206576031201,0.0,0.0003031206576031201
COVID-19 pandemic in Tasmania,0.0003031206576031201,0.0,0.0003031206576031201
National COVID-19 Commission Advisory Board,0.0003031206576031201,0.0,0.0003031206576031201
COVID-19 pandemic in South Australia,0.0003031206576031201,0.0,0.0003031206576031201
Coronavirus Australia,0.0003031206576031201,0.0,0.0003031206576031201
National Cabinet (Australia),0.0003031206576031201,0.0,0.0003031206576031201
COVID-19 pandemic in Queensland,0.0003031206576031201,0.0,0.0003031206576031201
Anakinra,0.00030301320775694813,0.0,0.00030301320775694813
COVID-19 pandemic in Andorra,0.00030298971957890637,0.0006016681864670273,-0.00029867846688812097
COVID-19 pandemic in Brunei,0.00030298971957890637,0.0006016681864670273,-0.00029867846688812097
COVID-19 pandemic in the Turks and Caicos Islands,0.00030298971957890637,0.0,0.00030298971957890637
COVID-19 pandemic in Curaçao,0.00030298971957890637,0.0,0.00030298971957890637
COVID-19 pandemic in Djibouti,0.00030298971957890637,0.0,0.00030298971957890637
COVID-19 pandemic in Cyprus,0.00030298971957890637,0.0006016681864670273,-0.00029867846688812097
COVID-19 pandemic in Dominica,0.00030298971957890637,0.0,0.00030298971957890637
COVID-19 pandemic in El Salvador,0.00030298971957890637,0.0,0.00030298971957890637
COVID-19 pandemic in Eritrea,0.00030298971957890637,0.0,0.00030298971957890637
COVID-19 pandemic in Equatorial Guinea,0.00030298971957890637,0.0,0.00030298971957890637
COVID-19 pandemic in Belize,0.00030298971957890637,0.0,0.00030298971957890637
COVID-19 pandemic in Benin,0.00030298971957890637,0.0,0.00030298971957890637
COVID-19 pandemic in Eswatini,0.00030298971957890637,0.0,0.00030298971957890637
COVID-19 pandemic in Cape Verde,0.00030298971957890637,0.0,0.00030298971957890637
COVID-19 pandemic in Cameroon,0.00030298971957890637,0.0006016681864670273,-0.00029867846688812097
COVID-19 pandemic in Burkina Faso,0.00030298971957890637,0.0,0.00030298971957890637
COVID-19 pandemic in Bolivia,0.00030298971957890637,0.0,0.00030298971957890637
COVID-19 pandemic in Bermuda,0.00030298971957890637,0.0,0.00030298971957890637
COVID-19 pandemic in the Northern Mariana Islands,0.00030298971957890637,0.0,0.00030298971957890637
COVID-19 pandemic in Chad,0.00030298971957890637,0.0,0.00030298971957890637
COVID-19 pandemic in Colombia,0.00030298971957890637,0.0006016681864670273,-0.00029867846688812097
COVID-19 pandemic in Costa Rica,0.00030298971957890637,0.0006016681864670273,-0.00029867846688812097
COVID-19 pandemic in Bosnia and Herzegovina,0.00030298971957890637,0.0006016681864670273,-0.00029867846688812097
COVID-19 pandemic in Aruba,0.00030298971957890637,0.0,0.00030298971957890637
COVID-19 pandemic in Botswana,0.00030298971957890637,0.0,0.00030298971957890637
COVID-19 pandemic in Åland,0.00030298971957890637,0.0,0.00030298971957890637
COVID-19 pandemic in Bangladesh,0.00030298971957890637,0.0,0.00030298971957890637
COVID-19 pandemic in Barbados,0.00030298971957890637,0.0,0.00030298971957890637
COVID-19 pandemic in the United States Virgin Islands,0.00030298971957890637,0.0,0.00030298971957890637
COVID-19 pandemic in Antigua and Barbuda,0.00030298971957890637,0.0,0.00030298971957890637
COVID-19 pandemic in Anguilla,0.00030298971957890637,0.0,0.00030298971957890637
COVID-19 pandemic in Angola,0.00030298971957890637,0.0,0.00030298971957890637
COVID-19 pandemic in Zambia,0.00030298971957890637,0.0,0.00030298971957890637
COVID-19 pandemic in Zimbabwe,0.00030298971957890637,0.0,0.00030298971957890637
COVID-19 pandemic in Kazakhstan,0.00030298971957890637,0.0,0.00030298971957890637
COVID-19 pandemic in Ivory Coast,0.00030298971957890637,0.0,0.00030298971957890637
COVID-19 pandemic in Kenya,0.00030298971957890637,0.0,0.00030298971957890637
COVID-19 pandemic in Honduras,0.00030298971957890637,0.0,0.00030298971957890637
COVID-19 pandemic in Mauritania,0.00030298971957890637,0.0,0.00030298971957890637
COVID-19 pandemic in Martinique,0.00030298971957890637,0.0,0.00030298971957890637
COVID-19 pandemic in Malta,0.00030298971957890637,0.0006016681864670273,-0.00029867846688812097
COVID-19 pandemic in Mali,0.00030298971957890637,0.0,0.00030298971957890637
COVID-19 pandemic in Togo,0.00030298971957890637,0.0006016681864670273,-0.00029867846688812097
COVID-19 pandemic in Libya,0.00030298971957890637,0.0,0.00030298971957890637
COVID-19 pandemic in Latvia,0.00030298971957890637,0.0006016681864670273,-0.00029867846688812097
COVID-19 pandemic in Liberia,0.00030298971957890637,0.0,0.00030298971957890637
COVID-19 pandemic in Guinea,0.00030298971957890637,0.0,0.00030298971957890637
COVID-19 pandemic in Guatemala,0.00030298971957890637,0.0,0.00030298971957890637
COVID-19 pandemic in Guam,0.00030298971957890637,0.0,0.00030298971957890637
COVID-19 pandemic in Guadeloupe,0.00030298971957890637,0.0,0.00030298971957890637
COVID-19 pandemic in Tunisia,0.00030298971957890637,0.0,0.00030298971957890637
COVID-19 pandemic in Transnistria,0.00030298971957890637,0.0,0.00030298971957890637
COVID-19 pandemic in the British Virgin Islands,0.00030298971957890637,0.0,0.00030298971957890637
COVID-19 pandemic in the Bahamas,0.00030298971957890637,0.0,0.00030298971957890637
COVID-19 pandemic in the Dominican Republic,0.00030298971957890637,0.0006016681864670273,-0.00029867846688812097
COVID-19 pandemic in Gabon,0.00030298971957890637,0.0,0.00030298971957890637
COVID-19 pandemic in the Central African Republic,0.00030298971957890637,0.0,0.00030298971957890637
COVID-19 pandemic in Uzbekistan,0.00030298971957890637,0.0,0.00030298971957890637
COVID-19 pandemic in Haiti,0.00030298971957890637,0.0,0.00030298971957890637
COVID-19 pandemic in Venezuela,0.00030298971957890637,0.0,0.00030298971957890637
COVID-19 pandemic in Cuba,0.00030298971957890637,0.0,0.00030298971957890637
COVID-19 pandemic in Guinea-Bissau,0.00030298971957890637,0.0,0.00030298971957890637
COVID-19 pandemic in Grenada,0.00030298971957890637,0.0,0.00030298971957890637
COVID-19 pandemic in Greenland,0.00030298971957890637,0.0,0.00030298971957890637
COVID-19 pandemic in Gibraltar,0.00030298971957890637,0.0,0.00030298971957890637
COVID-19 pandemic in Ghana,0.00030298971957890637,0.0,0.00030298971957890637
COVID-19 pandemic in the Gambia,0.00030298971957890637,0.0,0.00030298971957890637
COVID-19 pandemic in the Faroe Islands,0.00030298971957890637,0.0,0.00030298971957890637
COVID-19 pandemic in the Republic of the Congo,0.00030298971957890637,0.0,0.00030298971957890637
COVID-19 pandemic in Fiji,0.00030298971957890637,0.0,0.00030298971957890637
COVID-19 pandemic in French Polynesia,0.00030298971957890637,0.0,0.00030298971957890637
COVID-19 pandemic in the Democratic Republic of the Congo,0.00030298971957890637,0.0,0.00030298971957890637
COVID-19 pandemic in New Caledonia,0.00030298971957890637,0.0,0.00030298971957890637
COVID-19 pandemic in Uganda,0.00030298971957890637,0.0,0.00030298971957890637
COVID-19 pandemic in Namibia,0.00030298971957890637,0.0,0.00030298971957890637
COVID-19 pandemic in Sudan,0.00030298971957890637,0.0,0.00030298971957890637
COVID-19 pandemic in Suriname,0.00030298971957890637,0.0,0.00030298971957890637
COVID-19 pandemic in Mozambique,0.00030298971957890637,0.0,0.00030298971957890637
COVID-19 pandemic in Montserrat,0.00030298971957890637,0.0,0.00030298971957890637
COVID-19 pandemic in Montenegro,0.00030298971957890637,0.0,0.00030298971957890637
COVID-19 pandemic in Mayotte,0.00030298971957890637,0.0,0.00030298971957890637
COVID-19 pandemic in Mauritius,0.00030298971957890637,0.0,0.00030298971957890637
COVID-19 pandemic in Syria,0.00030298971957890637,0.0,0.00030298971957890637
COVID-19 pandemic in Niger,0.00030298971957890637,0.0,0.00030298971957890637
COVID-19 pandemic in Sint Eustatius,0.00030298971957890637,0.0,0.00030298971957890637
COVID-19 pandemic in Somaliland,0.00030298971957890637,0.0,0.00030298971957890637
COVID-19 pandemic in Somalia,0.00030298971957890637,0.0,0.00030298971957890637
COVID-19 pandemic in Sint Maarten,0.00030298971957890637,0.0,0.00030298971957890637
COVID-19 pandemic in Sierra Leone,0.00030298971957890637,0.0,0.00030298971957890637
COVID-19 pandemic in Réunion,0.00030298971957890637,0.0,0.00030298971957890637
COVID-19 pandemic in Saint Barthélemy,0.00030298971957890637,0.0,0.00030298971957890637
COVID-19 pandemic in Papua New Guinea,0.00030298971957890637,0.0,0.00030298971957890637
COVID-19 pandemic in Panama,0.00030298971957890637,0.0,0.00030298971957890637
COVID-19 pandemic in Paraguay,0.00030298971957890637,0.0,0.00030298971957890637
COVID-19 pandemic in Saint Lucia,0.00030298971957890637,0.0,0.00030298971957890637
COVID-19 pandemic in Saint Vincent and the Grenadines,0.00030298971957890637,0.0,0.00030298971957890637
COVID-19 pandemic in Seychelles,0.00030298971957890637,0.0,0.00030298971957890637
COVID-19 pandemic in Armenia,0.00030298971957890637,0.0006016681864670273,-0.00029867846688812097
COPD,0.0003029613346922092,0.0006262494604224722,-0.00032328812573026303
Kidney disease,0.0003029380388614695,0.0006128000749833996,-0.00030986203612193015
Hypothyroidism,0.0003029380388614695,0.0006324798261550529,-0.00032954178729358344
Liver disease,0.00030288616579673055,0.000616604050348926,-0.0003137178845521954
Suspension of the 2019–20 NBA season,0.00030283164001391365,0.0006229879169029852,-0.0003201562768890715
Muscle atrophy,0.0003027811236306744,0.0,0.0003027811236306744
Confusion,0.0003027811236306744,0.0,0.0003027811236306744
Glucocorticoid,0.0003027811236306744,0.0006158813400909993,-0.0003131002164603249
Irritability,0.0003027811236306744,0.0,0.0003027811236306744
Arthritis,0.0003027463998300881,0.0006162535875804823,-0.0003135071877503942
Inter-Agency Task Force for the Management of Emerging Infectious Diseases,0.00030272718506592225,0.0,0.00030272718506592225
COVID-19 vaccination in the Philippines,0.00030272718506592225,0.0,0.00030272718506592225
Enhanced community quarantine in Luzon,0.00030272718506592225,0.0,0.00030272718506592225
Parainfluenza virus,0.00030269452676534917,0.0,0.00030269452676534917
H5N1,0.00030269452676534917,0.0006054721618325538,-0.0003027776350672046
Hantavirus,0.00030269452676534917,0.0006054721618325538,-0.0003027776350672046
IFN-β,0.00030252751025751335,0.00062545259037366,-0.00032292508011614663
Meningitis,0.0003024523413620347,0.0006645120575280315,-0.0003620597161659968
COVID-19 pandemic in South Dakota,0.00030224563222493704,0.0,0.00030224563222493704
COVID-19 pandemic in North Dakota,0.00030224563222493704,0.0,0.00030224563222493704
COVID-19 pandemic in Selangor,0.00030224563222493704,0.0,0.00030224563222493704
COVID-19 pandemic in Iowa,0.00030224563222493704,0.0,0.00030224563222493704
COVID-19 pandemic in Wyoming,0.00030224563222493704,0.0,0.00030224563222493704
COVID-19 pandemic in Arkansas,0.00030224563222493704,0.0,0.00030224563222493704
COVID-19 pandemic in Sabah,0.00030224563222493704,0.0,0.00030224563222493704
Nguyễn Thanh Long,0.0003021081528677931,0.0,0.0003021081528677931
Nanocovax,0.0003021081528677931,0.0,0.0003021081528677931
Vabiotech COVID-19 vaccine,0.0003021081528677931,0.0,0.0003021081528677931
Abdala (vaccine),0.0003021081528677931,0.0,0.0003021081528677931
COVID-19 vaccination in Vietnam,0.0003021081528677931,0.0,0.0003021081528677931
Maria Van Kerkhove,0.00030201644879389235,0.0,0.00030201644879389235
Mast cell activation syndrome,0.0003015723166393374,0.0,0.0003015723166393374
Beta blocker,0.0003015723166393374,0.0006071115218974847,-0.00030553920525814725
Smoking cessation,0.0003015204435745986,0.000610380454022261,-0.00030886001044766237
Chronic (medicine),0.0003015204435745986,0.000610380454022261,-0.00030886001044766237
Inhalation,0.0003015204435745986,0.000610380454022261,-0.00030886001044766237
Bronchiectasis,0.0003015204435745986,0.000610380454022261,-0.00030886001044766237
Cough medicine,0.0003015204435745986,0.000610380454022261,-0.00030886001044766237
Corticosteroids,0.0003015204435745986,0.0006315725155185463,-0.0003300520719439477
Cough reflex,0.0003015204435745986,0.000610380454022261,-0.00030886001044766237
Acute bronchitis,0.0003015204435745986,0.000610380454022261,-0.00030886001044766237
COVID-19 pandemic in Vanuatu,0.0003012991020963614,0.0,0.0003012991020963614
COVID-19 pandemic in Maldives,0.0003012991020963614,0.0,0.0003012991020963614
COVID-19 pandemic in Samoa,0.0003012991020963614,0.0,0.0003012991020963614
COVID-19 pandemic in Niue,0.0003012991020963614,0.0,0.0003012991020963614
COVID-19 pandemic in Palau,0.0003012991020963614,0.0,0.0003012991020963614
COVID-19 pandemic in Nauru,0.0003012991020963614,0.0,0.0003012991020963614
COVID-19 pandemic in Timor-Leste,0.0003012991020963614,0.0,0.0003012991020963614
COVID-19 pandemic in Guyana,0.0003012991020963614,0.0,0.0003012991020963614
"COVID-19 pandemic in Saint Helena, Ascension and Tristan da Cunha",0.0003012991020963614,0.0,0.0003012991020963614
COVID-19 pandemic in South Ossetia,0.0003012991020963614,0.0,0.0003012991020963614
COVID-19 pandemic in French Guiana,0.0003012991020963614,0.0,0.0003012991020963614
COVID-19 pandemic in the Sahrawi Arab Democratic Republic,0.0003012991020963614,0.0,0.0003012991020963614
COVID-19 pandemic in the Federated States of Micronesia,0.0003012991020963614,0.0,0.0003012991020963614
COVID-19 pandemic in Tonga,0.0003012991020963614,0.0,0.0003012991020963614
COVID-19 pandemic in the British Indian Ocean Territory,0.0003012991020963614,0.0,0.0003012991020963614
COVID-19 pandemic in Tokelau,0.0003012991020963614,0.0,0.0003012991020963614
COVID-19 pandemic in the Cocos (Keeling) Islands,0.0003012991020963614,0.0,0.0003012991020963614
COVID-19 pandemic in the Solomon Islands,0.0003012991020963614,0.0,0.0003012991020963614
COVID-19 pandemic in the Pitcairn Islands,0.0003012991020963614,0.0,0.0003012991020963614
COVID-19 pandemic in the Marshall Islands,0.0003012991020963614,0.0,0.0003012991020963614
COVID-19 pandemic in Christmas Island,0.0003012991020963614,0.0,0.0003012991020963614
COVID-19 pandemic in American Samoa,0.0003012991020963614,0.0,0.0003012991020963614
COVID-19 pandemic in Kiribati,0.0003012991020963614,0.0,0.0003012991020963614
COVID-19 pandemic in Wallis and Futuna,0.0003012991020963614,0.0,0.0003012991020963614
COVID-19 pandemic in Norfolk Island,0.0003012991020963614,0.0,0.0003012991020963614
Nasal polyp,0.0003012668869590355,0.0006073567395529423,-0.0003060898525939068
Hyperosmia,0.0003012668869590355,0.0006073567395529423,-0.0003060898525939068
Hydrogen sulfide,0.0003012668869590355,0.0,0.0003012668869590355
Idiopathic intracranial hypertension,0.0003012668869590355,0.0006073567395529423,-0.0003060898525939068
Amiodarone,0.0003012668869590355,0.0006073567395529423,-0.0003060898525939068
Paranasal sinus,0.0003012668869590355,0.0006073567395529423,-0.0003060898525939068
Cerebral aneurysm,0.0003012668869590355,0.0006073567395529423,-0.0003060898525939068
Zicam,0.0003012668869590355,0.0006073567395529423,-0.0003060898525939068
Temporal lobe,0.0003012668869590355,0.0006073567395529423,-0.0003060898525939068
Glucocorticoids,0.0003012668869590355,0.000648079062061986,-0.0003468121751029504
Aspirin-exacerbated respiratory disease,0.0003012668869590355,0.0,0.0003012668869590355
William Wordsworth,0.0003012668869590355,0.0,0.0003012668869590355
Anosmia Awareness Day,0.0003012668869590355,0.0006073567395529423,-0.0003060898525939068
Paget's disease of bone,0.0003012668869590355,0.0006073567395529423,-0.0003060898525939068
Nasal polyps,0.0003012668869590355,0.0006073567395529423,-0.0003060898525939068
Kathy Clugston,0.0003012668869590355,0.0,0.0003012668869590355
Ventricular tachycardia,0.0003012668869590355,0.0006073567395529423,-0.0003060898525939068
Pernicious anemia,0.0003012668869590355,0.0006073567395529423,-0.0003060898525939068
Cadmium poisoning,0.0003012668869590355,0.0006073567395529423,-0.0003060898525939068
Phantosmia,0.0003012668869590355,0.0006073567395529423,-0.0003060898525939068
Olfactory nerve,0.0003012668869590355,0.0006073567395529423,-0.0003060898525939068
Olfactory memory,0.0003012668869590355,0.0006073567395529423,-0.0003060898525939068
Kallmann syndrome,0.0003012668869590355,0.0006073567395529423,-0.0003060898525939068
Schizophrenia,0.0003012668869590355,0.0006073567395529423,-0.0003060898525939068
Foster Kennedy syndrome,0.0003012668869590355,0.0006073567395529423,-0.0003060898525939068
Congenital anosmia,0.0003012668869590355,0.0,0.0003012668869590355
Tracheostomy,0.0003012668869590355,0.0006073567395529423,-0.0003060898525939068
IFT88,0.0003012668869590355,0.0006073567395529423,-0.0003060898525939068
Nasal passage,0.0003012668869590355,0.0006073567395529423,-0.0003060898525939068
Refsum's disease,0.0003012668869590355,0.0006073567395529423,-0.0003060898525939068
Neo-Latin,0.0003012668869590355,0.0,0.0003012668869590355
Turbinate,0.0003012668869590355,0.0006073567395529423,-0.0003060898525939068
Methacrylate,0.0003012668869590355,0.0006073567395529423,-0.0003060898525939068
Meningioma,0.0003012668869590355,0.0006073567395529423,-0.0003060898525939068
Simon Tatham,0.0003012668869590355,0.0,0.0003012668869590355
Neurosyphilis,0.0003012668869590355,0.0006073567395529423,-0.0003060898525939068
Neurotropic virus,0.0003012668869590355,0.0006073567395529423,-0.0003060898525939068
Congenital,0.0003012668869590355,0.0006073567395529423,-0.0003060898525939068
Adrenergic agonist,0.0003012668869590355,0.0006073567395529423,-0.0003060898525939068
Smell of freshly cut grass,0.0003012668869590355,0.0,0.0003012668869590355
Neurodegenerative disease,0.0003012668869590355,0.0,0.0003012668869590355
Bell's Palsy,0.0003012668869590355,0.0006073567395529423,-0.0003060898525939068
Tumors,0.0003012668869590355,0.0006073567395529423,-0.0003060898525939068
Recreational drug use,0.0003012668869590355,0.0006073567395529423,-0.0003060898525939068
Sella turcica,0.0003012668869590355,0.0006073567395529423,-0.0003060898525939068
Gas leak,0.0003012668869590355,0.0006073567395529423,-0.0003060898525939068
Jason Sudeikis,0.0003012668869590355,0.0,0.0003012668869590355
Cranial nerves,0.0003012668869590355,0.0,0.0003012668869590355
Ben Cohen (businessman),0.0003012668869590355,0.0,0.0003012668869590355
Perrie Edwards,0.0003012668869590355,0.0,0.0003012668869590355
Hypoglycaemia,0.0003012668869590355,0.0006073567395529423,-0.0003060898525939068
Acrylate,0.0003012668869590355,0.0006073567395529423,-0.0003060898525939068
Laryngectomy,0.0003012668869590355,0.0006073567395529423,-0.0003060898525939068
Dementia with Lewy bodies,0.0003012668869590355,0.0006073567395529423,-0.0003060898525939068
Olfactory fatigue,0.0003012668869590355,0.0,0.0003012668869590355
Ciliopathy,0.0003012668869590355,0.0006073567395529423,-0.0003060898525939068
Olfactory system,0.0003012668869590355,0.0006073567395529423,-0.0003060898525939068
Esthesioneuroblastoma,0.0003012668869590355,0.0,0.0003012668869590355
Ethmoid bone,0.0003012668869590355,0.0006073567395529423,-0.0003060898525939068
Cadmium,0.0003012668869590355,0.0006073567395529423,-0.0003060898525939068
Lorenzo de' Medici,0.0003012668869590355,0.0,0.0003012668869590355
Human nose,0.0003012668869590355,0.0006073567395529423,-0.0003060898525939068
Insufflation (medicine),0.0003012668869590355,0.0006073567395529423,-0.0003060898525939068
Hypogonadotropic hypogonadism,0.0003012668869590355,0.0006073567395529423,-0.0003060898525939068
Bill Pullman,0.0003012668869590355,0.0,0.0003012668869590355
Acquired brain injury,0.0003012668869590355,0.0006073567395529423,-0.0003060898525939068
EMedicine,0.0003012668869590355,0.0006128000749833996,-0.0003115331880243641
Primary ciliary dyskinesia,0.0003012668869590355,0.0006073567395529423,-0.0003060898525939068
Libido,0.0003012668869590355,0.0006073567395529423,-0.0003060898525939068
Head injury,0.0003012668869590355,0.0,0.0003012668869590355
Chronic atrophic rhinitis,0.0003012668869590355,0.0006073567395529423,-0.0003060898525939068
Post-perfusion syndrome,0.0003012668869590355,0.0006073567395529423,-0.0003060898525939068
Hayfever,0.0003012668869590355,0.0006073567395529423,-0.0003060898525939068
Odor,0.0003012668869590355,0.0006073567395529423,-0.0003060898525939068
Frontal lobe,0.0003012668869590355,0.0006073567395529423,-0.0003060898525939068
Primary amoebic meningoencephalitis,0.0003012668869590355,0.0006073567395529423,-0.0003060898525939068
Practical Neurology,0.0003012668869590355,0.0,0.0003012668869590355
NHS Nightingale Hospital North East,0.00030124224397410065,0.0,0.00030124224397410065
Captain Tom Moore,0.00030124224397410065,0.0,0.00030124224397410065
Sense of smell,0.00030124224397410065,0.0,0.00030124224397410065
Pandemic fatigue,0.0003011410225313687,0.0,0.0003011410225313687
Impact of the COVID-19 pandemic on the fashion industry,0.0003011410225313687,0.0,0.0003011410225313687
Impact of the COVID-19 pandemic on the meat industry in Canada,0.0003011410225313687,0.0,0.0003011410225313687
Impact of the COVID-19 pandemic on the cannabis industry,0.0003011410225313687,0.0,0.0003011410225313687
Impact of the COVID-19 pandemic on foster care in the United States,0.0003011410225313687,0.0,0.0003011410225313687
Economic impact of the COVID-19 pandemic in Canada,0.0003011410225313687,0.0,0.0003011410225313687
Impact of the COVID-19 pandemic on cricket,0.0003011410225313687,0.0,0.0003011410225313687
Impact of the COVID-19 pandemic on consumer products,0.0003011410225313687,0.0,0.0003011410225313687
Social impact of the COVID-19 pandemic in Russia,0.0003011410225313687,0.0,0.0003011410225313687
Social impact of the COVID-19 pandemic in New Zealand,0.0003011410225313687,0.0,0.0003011410225313687
Impact of the COVID-19 pandemic on rugby league,0.0003011410225313687,0.0,0.0003011410225313687
Impact of the COVID-19 pandemic on television in the United States,0.0003011410225313687,0.0,0.0003011410225313687
Impact of the COVID-19 pandemic on the restaurant industry in the United States,0.0003011410225313687,0.0,0.0003011410225313687
Impact of the COVID-19 pandemic on healthcare workers,0.0003011410225313687,0.0,0.0003011410225313687
Impact of the COVID-19 pandemic on human rights in Argentina,0.0003011410225313687,0.0,0.0003011410225313687
Impact of the COVID-19 pandemic on international relations,0.0003011410225313687,0.0,0.0003011410225313687
Impact of the COVID-19 pandemic on motorsport,0.0003011410225313687,0.0,0.0003011410225313687
Impact of the COVID-19 pandemic on politics in Russia,0.0003011410225313687,0.0,0.0003011410225313687
Impact of the COVID-19 pandemic on the Catholic Church,0.0003011410225313687,0.0,0.0003011410225313687
Impact of the COVID-19 pandemic on education in Ghana,0.0003011410225313687,0.0,0.0003011410225313687
Impact of the COVID-19 pandemic on education in the United States,0.0003011410225313687,0.0,0.0003011410225313687
Impact of the COVID-19 pandemic on disc golf,0.0003011410225313687,0.0,0.0003011410225313687
Economic impact of the COVID-19 pandemic in New Zealand,0.0003011410225313687,0.0,0.0003011410225313687
United Nations response to the COVID-19 pandemic,0.0003011410225313687,0.0,0.0003011410225313687
Strikes during the COVID-19 pandemic,0.0003011410225313687,0.0,0.0003011410225313687
Impact of the COVID-19 pandemic on association football,0.0003011410225313687,0.0,0.0003011410225313687
Impact of the COVID-19 pandemic on abortion in the United States,0.0003011410225313687,0.0,0.0003011410225313687
Impact of the COVID-19 pandemic on Philippine sports,0.0003011410225313687,0.0,0.0003011410225313687
Impact of the COVID-19 pandemic on Native American tribes and tribal communities,0.0003011410225313687,0.0,0.0003011410225313687
Impact of the COVID-19 pandemic on Gaelic games,0.0003011410225313687,0.0,0.0003011410225313687
Impact of the COVID-19 pandemic on ICU capacity,0.0003011410225313687,0.0,0.0003011410225313687
Economic impact of the COVID-19 pandemic in Russia,0.0003011410225313687,0.0,0.0003011410225313687
Economic impact of the COVID-19 pandemic in the United States,0.0003011410225313687,0.0,0.0003011410225313687
Latin,0.00030108661913990275,0.0006503059064824924,-0.0003492192873425896
Idiopathic,0.00030107524792765425,0.0,0.00030107524792765425
STAT1,0.00030107524792765425,0.0,0.00030107524792765425
STX8,0.00030107524792765425,0.0,0.00030107524792765425
DPP6,0.00030107524792765425,0.0,0.00030107524792765425
Theralizumab,0.00030107524792765425,0.0,0.00030107524792765425
CDCP1,0.00030107524792765425,0.0,0.00030107524792765425
Vascular permeability,0.00030107524792765425,0.0,0.00030107524792765425
Interleukin,0.00030107524792765425,0.0,0.00030107524792765425
Hemophagocytic lymphohistiocytosis,0.00030107524792765425,0.0,0.00030107524792765425
PTN (gene),0.00030107524792765425,0.0,0.00030107524792765425
Parexel,0.00030107524792765425,0.0,0.00030107524792765425
PD-L1,0.00030107524792765425,0.0,0.00030107524792765425
Etiologies,0.00030107524792765425,0.0,0.00030107524792765425
Oncostatin M,0.00030107524792765425,0.0,0.00030107524792765425
Nicotinamide,0.00030107524792765425,0.0,0.00030107524792765425
EDIL3,0.00030107524792765425,0.0,0.00030107524792765425
Adenosine deaminase,0.00030107524792765425,0.0,0.00030107524792765425
ENTPD2,0.00030107524792765425,0.0,0.00030107524792765425
CD40 (protein),0.00030107524792765425,0.0,0.00030107524792765425
Fulminant,0.00030107524792765425,0.0,0.00030107524792765425
Viremia,0.00030107524792765425,0.0,0.00030107524792765425
Aspartate aminotransferase,0.00030107524792765425,0.0,0.00030107524792765425
Interleukin-6,0.00030107524792765425,0.0,0.00030107524792765425
Carbonic anhydrase 12,0.00030107524792765425,0.0,0.00030107524792765425
Cardiovascular,0.00030107524792765425,0.0,0.00030107524792765425
Chemokines,0.00030107524792765425,0.0,0.00030107524792765425
Risk factor,0.00030107524792765425,0.0006423905089760711,-0.00034131526104841685
Karolinska University Hospital,0.00030107524792765425,0.0,0.00030107524792765425
Animal study,0.00030107524792765425,0.0,0.00030107524792765425
Creatinine,0.00030107524792765425,0.0,0.00030107524792765425
FMS-like tyrosine kinase 3 ligand,0.00030107524792765425,0.0,0.00030107524792765425
Vitamin B3,0.00030107524792765425,0.0,0.00030107524792765425
Macrophage activation syndrome,0.00030107524792765425,0.0,0.00030107524792765425
Alveolar macrophage,0.00030107524792765425,0.0,0.00030107524792765425
Janus kinase,0.00030107524792765425,0.0,0.00030107524792765425
CXCL9,0.00030107524792765425,0.0,0.00030107524792765425
Neutrophils,0.00030107524792765425,0.0,0.00030107524792765425
Medical literature,0.00030107524792765425,0.0,0.00030107524792765425
Betacellulin,0.00030107524792765425,0.0,0.00030107524792765425
Inflammatory response,0.00030107524792765425,0.0,0.00030107524792765425
Arterial,0.00030107524792765425,0.0,0.00030107524792765425
Graft vs. host disease,0.00030107524792765425,0.0,0.00030107524792765425
Graft-versus-host disease,0.00030107524792765425,0.0,0.00030107524792765425
Magnesium,0.00030107524792765425,0.0,0.00030107524792765425
LRP1,0.00030107524792765425,0.0,0.00030107524792765425
Prognosis,0.00030107524792765425,0.0,0.00030107524792765425
VEGFA,0.00030107524792765425,0.0,0.00030107524792765425
Postmortem examination,0.00030107524792765425,0.0,0.00030107524792765425
CAPG,0.00030107524792765425,0.0,0.00030107524792765425
Lymphoma,0.0003008105265218667,0.0006101186272141989,-0.0003093081006923322
Sleepiness,0.0003008105265218667,0.0006046752917837415,-0.00030386476526187485
Lethargy,0.0003008105265218667,0.0006101186272141989,-0.0003093081006923322
Leukemia,0.0003008105265218667,0.0006101186272141989,-0.0003093081006923322
Metabolic disorder,0.0003008105265218667,0.0006046752917837415,-0.00030386476526187485
Hippocrates,0.00030075865345712775,0.000608479267149268,-0.0003077206136921402
Plasmodium malariae,0.00030075865345712775,0.000608479267149268,-0.0003077206136921402
Acute exacerbation of chronic obstructive pulmonary disease,0.0002999011647369036,0.0006065764786567345,-0.00030667531391983095
Dictyocaulus,0.0002999011647369036,0.0,0.0002999011647369036
X-rays,0.0002999011647369036,0.0006065764786567345,-0.00030667531391983095
Tic disorder,0.0002999011647369036,0.0006065764786567345,-0.00030667531391983095
Urination,0.0002999011647369036,0.0006065764786567345,-0.00030667531391983095
Cystocele,0.0002999011647369036,0.0006065764786567345,-0.00030667531391983095
Salbutamol,0.0002999011647369036,0.0006065764786567345,-0.00030667531391983095
Diagnostic workup,0.0002999011647369036,0.0,0.0002999011647369036
Dextromethorphan,0.0002999011647369036,0.0006065764786567345,-0.00030667531391983095
Bronchitis,0.0002999011647369036,0.0006065764786567345,-0.00030667531391983095
Lung tumors,0.0002999011647369036,0.0006065764786567345,-0.00030667531391983095
Crocodile,0.0002999011647369036,0.0,0.0002999011647369036
Cats,0.0002999011647369036,0.0006065764786567345,-0.00030667531391983095
Supine position,0.0002999011647369036,0.0006065764786567345,-0.00030667531391983095
Fracture,0.0002999011647369036,0.0006065764786567345,-0.00030667531391983095
Carpal tunnel syndrome,0.0002999011647369036,0.0006065764786567345,-0.00030667531391983095
Glottis,0.0002999011647369036,0.0006065764786567345,-0.00030667531391983095
Mucoactive agent,0.0002999011647369036,0.0,0.0002999011647369036
Gastroesophageal reflux disease,0.0002999011647369036,0.0006065764786567345,-0.00030667531391983095
Whales,0.0002999011647369036,0.0,0.0002999011647369036
Mouth breathing,0.0002999011647369036,0.0006065764786567345,-0.00030667531391983095
Fainting,0.0002999011647369036,0.0006065764786567345,-0.00030667531391983095
Family history,0.0002999011647369036,0.0006065764786567345,-0.00030667531391983095
Infant,0.0002999011647369036,0.0006065764786567345,-0.00030667531391983095
Red eye (medicine),0.0002999011647369036,0.0006065764786567345,-0.00030667531391983095
Codeine,0.0002999011647369036,0.0006065764786567345,-0.00030667531391983095
Vertebrate trachea,0.0002999011647369036,0.0006065764786567345,-0.00030667531391983095
Reflex,0.0002999011647369036,0.0006065764786567345,-0.00030667531391983095
Benign,0.0002999011647369036,0.0006065764786567345,-0.00030667531391983095
Bronchial hyperresponsiveness,0.0002999011647369036,0.0006065764786567345,-0.00030667531391983095
Respiratory tract infections,0.0002999011647369036,0.0006065764786567345,-0.00030667531391983095
Tourette syndrome,0.0002999011647369036,0.0006065764786567345,-0.00030667531391983095
Tobacco smoke,0.0002999011647369036,0.0006065764786567345,-0.00030667531391983095
Cough-variant asthma,0.0002999011647369036,0.0006065764786567345,-0.00030667531391983095
Costochondritis,0.0002999011647369036,0.0006065764786567345,-0.00030667531391983095
Phlegm,0.0002999011647369036,0.000610380454022261,-0.0003104792892853574
GERD,0.0002999011647369036,0.0006065764786567345,-0.00030667531391983095
American Academy of Pediatrics,0.0002999011647369036,0.0006065764786567345,-0.00030667531391983095
Cough suppressant,0.0002999011647369036,0.0006065764786567345,-0.00030667531391983095
Metacommunication,0.0002999011647369036,0.0,0.0002999011647369036
Dogs,0.0002999011647369036,0.0006065764786567345,-0.00030667531391983095
Myelin,0.0002999011647369036,0.0006065764786567345,-0.00030667531391983095
Host (biology),0.0002999011647369036,0.0006065764786567345,-0.00030667531391983095
Capsaicin,0.0002999011647369036,0.0006065764786567345,-0.00030667531391983095
Paralingual,0.0002999011647369036,0.0,0.0002999011647369036
Kennel cough,0.0002999011647369036,0.0,0.0002999011647369036
Spirometry,0.0002999011647369036,0.0006065764786567345,-0.00030667531391983095
Left ventricle,0.0002999011647369036,0.0,0.0002999011647369036
Pneumoconiosis,0.0002999011647369036,0.0006065764786567345,-0.00030667531391983095
Exhalation,0.0002999011647369036,0.0006065764786567345,-0.00030667531391983095
Subconjunctival hemorrhage,0.0002999011647369036,0.0006065764786567345,-0.00030667531391983095
Subacute,0.0002999011647369036,0.0006065764786567345,-0.00030667531391983095
Eosinophilic bronchitis,0.0002999011647369036,0.0006065764786567345,-0.00030667531391983095
Foreign body,0.0002999011647369036,0.0006065764786567345,-0.00030667531391983095
Habit cough,0.0002999011647369036,0.0006065764786567345,-0.00030667531391983095
Hairball,0.0002999011647369036,0.0006065764786567345,-0.00030667531391983095
Protracted bacterial bronchitis,0.0002999011647369036,0.0006065764786567345,-0.00030667531391983095
Nonverbal,0.0002999011647369036,0.0,0.0002999011647369036
Merck Manuals,0.0002999011647369036,0.0006065764786567345,-0.00030667531391983095
Chronic (medical),0.0002999011647369036,0.0006065764786567345,-0.00030667531391983095
Psychological,0.0002999011647369036,0.0006065764786567345,-0.00030667531391983095
Dolphins,0.0002999011647369036,0.0006065764786567345,-0.00030667531391983095
Interstitial lung disease,0.0002999011647369036,0.0006065764786567345,-0.00030667531391983095
Choking,0.0002999011647369036,0.0006065764786567345,-0.00030667531391983095
Diphenhydramine,0.0002999011647369036,0.0006065764786567345,-0.00030667531391983095
Smoker's cough,0.0002999011647369036,0.0006065764786567345,-0.00030667531391983095
Invertebrates,0.0002999011647369036,0.0,0.0002999011647369036
Airway clearance therapy,0.0002999011647369036,0.0,0.0002999011647369036
Pulmonary veins,0.0002999011647369036,0.0,0.0002999011647369036
Eosinophils,0.0002999011647369036,0.0006065764786567345,-0.00030667531391983095
Atopy,0.0002999011647369036,0.0006065764786567345,-0.00030667531391983095
Spiders,0.0002999011647369036,0.0,0.0002999011647369036
Hernia,0.0002999011647369036,0.0006065764786567345,-0.00030667531391983095
Prolapse,0.0002999011647369036,0.0006065764786567345,-0.00030667531391983095
Ipratropium,0.0002999011647369036,0.0,0.0002999011647369036
Dysphagia,0.0002999011647369036,0.0006065764786567345,-0.00030667531391983095
Group C nerve fiber,0.0002999011647369036,0.0006065764786567345,-0.00030667531391983095
Post-nasal drip,0.0002999011647369036,0.0006065764786567345,-0.00030667531391983095
Post-viral cough,0.0002999011647369036,0.0006065764786567345,-0.00030667531391983095
Insects,0.0002999011647369036,0.0,0.0002999011647369036
Inhaled corticosteroid,0.0002999011647369036,0.0006065764786567345,-0.00030667531391983095
Uterus,0.0002999011647369036,0.0006065764786567345,-0.00030667531391983095
Afferent nerve,0.0002999011647369036,0.0006065764786567345,-0.00030667531391983095
Horses,0.0002999011647369036,0.0006065764786567345,-0.00030667531391983095
ACE inhibitors,0.0002999011647369036,0.0006423905089760711,-0.0003424893442391675
Timeline of the COVID-19 pandemic in Australia (2020),0.0002998940255965175,0.0,0.0002998940255965175
Timeline of the COVID-19 pandemic in Australia (2022),0.0002998940255965175,0.0,0.0002998940255965175
Timeline of the COVID-19 pandemic in Australia (January–June 2021),0.0002998940255965175,0.0,0.0002998940255965175
Timeline of the COVID-19 pandemic in Bangladesh,0.0002998940255965175,0.0,0.0002998940255965175
Timeline of the COVID-19 pandemic in Australia (July–December 2021),0.0002998940255965175,0.0,0.0002998940255965175
Timeline of the COVID-19 pandemic in Boston,0.0002998940255965175,0.0,0.0002998940255965175
Timeline of the COVID-19 pandemic in Saskatchewan,0.0002998940255965175,0.0,0.0002998940255965175
Timeline of the COVID-19 pandemic in Scotland (2022),0.0002998940255965175,0.0,0.0002998940255965175
Timeline of the COVID-19 pandemic in Russia (July–December 2020),0.0002998940255965175,0.0,0.0002998940255965175
Timeline of the COVID-19 pandemic in Scotland (2021),0.0002998940255965175,0.0,0.0002998940255965175
Timeline of the COVID-19 pandemic in Scotland (2020),0.0002998940255965175,0.0,0.0002998940255965175
Timeline of the COVID-19 pandemic in Singapore (2020),0.0002998940255965175,0.0,0.0002998940255965175
Timeline of the COVID-19 pandemic in Massachusetts,0.0002998940255965175,0.0,0.0002998940255965175
Timeline of the COVID-19 pandemic in Malaysia (2023),0.0002998940255965175,0.0,0.0002998940255965175
Timeline of the COVID-19 pandemic in India (January–May 2020),0.0002998940255965175,0.0,0.0002998940255965175
Timeline of the COVID-19 pandemic in the Philippines (2021),0.0002998940255965175,0.0,0.0002998940255965175
Timeline of the COVID-19 pandemic in the Philippines (2022),0.0002998940255965175,0.0,0.0002998940255965175
Timeline of the COVID-19 pandemic in New Zealand (2023),0.0002998940255965175,0.0,0.0002998940255965175
Timeline of the COVID-19 pandemic in Maryland,0.0002998940255965175,0.0,0.0002998940255965175
Timeline of the COVID-19 pandemic in New Zealand (2021),0.0002998940255965175,0.0,0.0002998940255965175
Timeline of the COVID-19 pandemic in New Zealand (2020),0.0002998940255965175,0.0,0.0002998940255965175
Timeline of the COVID-19 pandemic in New York City,0.0002998940255965175,0.0,0.0002998940255965175
Timeline of the COVID-19 pandemic in the Philippines (2020),0.0002998940255965175,0.0,0.0002998940255965175
Timeline of the COVID-19 pandemic in Mexico,0.0002998940255965175,0.0,0.0002998940255965175
Timeline of the COVID-19 pandemic in New Zealand (2022),0.0002998940255965175,0.0,0.0002998940255965175
Timeline of the COVID-19 pandemic in the United States (2021),0.0002998940255965175,0.0,0.0002998940255965175
Timeline of the COVID-19 pandemic in the United Kingdom (July–December 2021),0.0002998940255965175,0.0,0.0002998940255965175
Timeline of the COVID-19 pandemic in the United Kingdom (2023),0.0002998940255965175,0.0,0.0002998940255965175
Timeline of the COVID-19 pandemic in the United Kingdom (January–June 2021),0.0002998940255965175,0.0,0.0002998940255965175
Timeline of the COVID-19 pandemic in the United Kingdom (January–June 2022),0.0002998940255965175,0.0,0.0002998940255965175
Timeline of the COVID-19 pandemic in Malaysia (2022),0.0002998940255965175,0.0,0.0002998940255965175
Timeline of the COVID-19 pandemic in the United Kingdom (July–December 2022),0.0002998940255965175,0.0,0.0002998940255965175
Timeline of the COVID-19 pandemic in the United States (2020),0.0002998940255965175,0.0,0.0002998940255965175
Timeline of the COVID-19 pandemic in the Republic of Ireland (2022),0.0002998940255965175,0.0,0.0002998940255965175
Timeline of the COVID-19 pandemic in Thailand,0.0002998940255965175,0.0,0.0002998940255965175
Responses to the COVID-19 pandemic in August 2020,0.0002998940255965175,0.0,0.0002998940255965175
Responses to the COVID-19 pandemic in April 2022,0.0002998940255965175,0.0,0.0002998940255965175
Responses to the COVID-19 pandemic in July 2021,0.0002998940255965175,0.0,0.0002998940255965175
Responses to the COVID-19 pandemic in July 2020,0.0002998940255965175,0.0,0.0002998940255965175
Responses to the COVID-19 pandemic in April 2020,0.0002998940255965175,0.0,0.0002998940255965175
Responses to the COVID-19 pandemic in April 2021,0.0002998940255965175,0.0,0.0002998940255965175
Timeline of the COVID-19 pandemic in Malaysia (2020),0.0002998940255965175,0.0,0.0002998940255965175
Timeline of the COVID-19 pandemic in Malaysia (2021),0.0002998940255965175,0.0,0.0002998940255965175
Timeline of the COVID-19 pandemic in Kerala,0.0002998940255965175,0.0,0.0002998940255965175
Timeline of the COVID-19 pandemic in Japan,0.0002998940255965175,0.0,0.0002998940255965175
Timeline of the COVID-19 pandemic in Singapore (2022),0.0002998940255965175,0.0,0.0002998940255965175
Timeline of the COVID-19 pandemic in Spain,0.0002998940255965175,0.0,0.0002998940255965175
Responses to the COVID-19 pandemic in March 2021,0.0002998940255965175,0.0,0.0002998940255965175
Responses to the COVID-19 pandemic in March 2022,0.0002998940255965175,0.0,0.0002998940255965175
Timeline of the COVID-19 pandemic in Trinidad and Tobago,0.0002998940255965175,0.0,0.0002998940255965175
Timeline of the COVID-19 pandemic in Turkey,0.0002998940255965175,0.0,0.0002998940255965175
Timeline of the COVID-19 pandemic in Wales (2021),0.0002998940255965175,0.0,0.0002998940255965175
Responses to the COVID-19 pandemic in October 2021,0.0002998940255965175,0.0,0.0002998940255965175
Responses to the COVID-19 pandemic in May 2020,0.0002998940255965175,0.0,0.0002998940255965175
Responses to the COVID-19 pandemic in May 2021,0.0002998940255965175,0.0,0.0002998940255965175
Timeline of the COVID-19 pandemic in California,0.0002998940255965175,0.0,0.0002998940255965175
Timeline of the COVID-19 pandemic in Brazil,0.0002998940255965175,0.0,0.0002998940255965175
Timeline of the COVID-19 pandemic in Canada,0.0002998940255965175,0.0,0.0002998940255965175
Timeline of the COVID-19 pandemic in Ghana (2021),0.0002998940255965175,0.0,0.0002998940255965175
Timeline of the COVID-19 pandemic in England (July–December 2020),0.0002998940255965175,0.0,0.0002998940255965175
Responses to the COVID-19 pandemic in October 2022,0.0002998940255965175,0.0,0.0002998940255965175
Timeline of the COVID-19 pandemic in Ghana (March–July 2020),0.0002998940255965175,0.0,0.0002998940255965175
Timeline of the COVID-19 pandemic in Ghana (August–December 2020),0.0002998940255965175,0.0,0.0002998940255965175
Timeline of the COVID-19 pandemic in Singapore (2021),0.0002998940255965175,0.0,0.0002998940255965175
Timeline of the COVID-19 pandemic in India (2021),0.0002998940255965175,0.0,0.0002998940255965175
Responses to the COVID-19 pandemic in November 2020,0.0002998940255965175,0.0,0.0002998940255965175
Timeline of the COVID-19 pandemic in England (2021),0.0002998940255965175,0.0,0.0002998940255965175
Timeline of the COVID-19 pandemic in Croatia,0.0002998940255965175,0.0,0.0002998940255965175
Responses to the COVID-19 pandemic in September 2020,0.0002998940255965175,0.0,0.0002998940255965175
Timeline of the COVID-19 pandemic in England (January–June 2020),0.0002998940255965175,0.0,0.0002998940255965175
Responses to the COVID-19 pandemic in May 2022,0.0002998940255965175,0.0,0.0002998940255965175
Timeline of the COVID-19 pandemic in Texas,0.0002998940255965175,0.0,0.0002998940255965175
Responses to the COVID-19 pandemic in November 2021,0.0002998940255965175,0.0,0.0002998940255965175
Responses to the COVID-19 pandemic in October 2020,0.0002998940255965175,0.0,0.0002998940255965175
Timeline of the COVID-19 pandemic in England (2022),0.0002998940255965175,0.0,0.0002998940255965175
Responses to the COVID-19 pandemic in September 2021,0.0002998940255965175,0.0,0.0002998940255965175
Responses to the COVID-19 pandemic in March 2020,0.0002998940255965175,0.0,0.0002998940255965175
Responses to the COVID-19 pandemic in June 2022,0.0002998940255965175,0.0,0.0002998940255965175
Responses to the COVID-19 pandemic in September 2022,0.0002998940255965175,0.0,0.0002998940255965175
Timeline of the COVID-19 pandemic in Northern Ireland (2021),0.0002998940255965175,0.0,0.0002998940255965175
Timeline of the COVID-19 pandemic in Northern Ireland (2022),0.0002998940255965175,0.0,0.0002998940255965175
Timeline of the COVID-19 pandemic in Ontario (2020),0.0002998940255965175,0.0,0.0002998940255965175
Timeline of the COVID-19 pandemic in Ontario (2021),0.0002998940255965175,0.0,0.0002998940255965175
Timeline of the COVID-19 pandemic in Ontario (2022),0.0002998940255965175,0.0,0.0002998940255965175
Timeline of the COVID-19 pandemic in Romania,0.0002998940255965175,0.0,0.0002998940255965175
Timeline of the COVID-19 pandemic in Russia (January–June 2020),0.0002998940255965175,0.0,0.0002998940255965175
Responses to the COVID-19 pandemic in January 2021,0.0002998940255965175,0.0,0.0002998940255965175
Responses to the COVID-19 pandemic in December 2020,0.0002998940255965175,0.0,0.0002998940255965175
Responses to the COVID-19 pandemic in August 2022,0.0002998940255965175,0.0,0.0002998940255965175
Responses to the COVID-19 pandemic in August 2021,0.0002998940255965175,0.0,0.0002998940255965175
Responses to the COVID-19 pandemic in January 2022,0.0002998940255965175,0.0,0.0002998940255965175
Responses to the COVID-19 pandemic in February 2021,0.0002998940255965175,0.0,0.0002998940255965175
Responses to the COVID-19 pandemic in February 2020,0.0002998940255965175,0.0,0.0002998940255965175
Responses to the COVID-19 pandemic in December 2021,0.0002998940255965175,0.0,0.0002998940255965175
Responses to the COVID-19 pandemic in February 2022,0.0002998940255965175,0.0,0.0002998940255965175
Responses to the COVID-19 pandemic in July 2022,0.0002998940255965175,0.0,0.0002998940255965175
Responses to the COVID-19 pandemic in June 2020,0.0002998940255965175,0.0,0.0002998940255965175
Responses to the COVID-19 pandemic in June 2021,0.0002998940255965175,0.0,0.0002998940255965175
Timeline of the COVID-19 pandemic in India (June–December 2020),0.0002998940255965175,0.0,0.0002998940255965175
Timeline of the COVID-19 pandemic in Italy,0.0002998940255965175,0.0,0.0002998940255965175
Timeline of the COVID-19 pandemic in Indonesia (2021),0.0002998940255965175,0.0,0.0002998940255965175
Open the States,0.0002998013350745414,0.0,0.0002998013350745414
Indian government response to the COVID-19 pandemic,0.0002998013350745414,0.0,0.0002998013350745414
Eastern States Multi-state Council,0.0002998013350745414,0.0,0.0002998013350745414
Overseas Filipinos during the COVID-19 pandemic,0.0002998013350745414,0.0,0.0002998013350745414
Nigerian government response to the COVID-19 pandemic,0.0002998013350745414,0.0,0.0002998013350745414
Texas government response to the COVID-19 pandemic,0.0002998013350745414,0.0,0.0002998013350745414
Impact of the COVID-19 pandemic on the video game industry,0.0002998013350745414,0.0,0.0002998013350745414
U.S. federal government response to the COVID-19 pandemic,0.0002998013350745414,0.0,0.0002998013350745414
International reactions to the COVID-19 pandemic in Italy,0.0002998013350745414,0.0,0.0002998013350745414
International aid related to the COVID-19 pandemic,0.0002998013350745414,0.0,0.0002998013350745414
New York state government response to the COVID-19 pandemic,0.0002998013350745414,0.0,0.0002998013350745414
Indian state government responses to the COVID-19 pandemic,0.0002998013350745414,0.0,0.0002998013350745414
Impact of the COVID-19 pandemic on animals,0.0002998013350745414,0.0,0.0002998013350745414
California government response to the COVID-19 pandemic,0.0002998013350745414,0.0,0.0002998013350745414
Ghanaian government response to the COVID-19 pandemic,0.0002998013350745414,0.0,0.0002998013350745414
Glossary of the COVID-19 pandemic,0.0002998013350745414,0.0,0.0002998013350745414
Homeschooling during the COVID-19 pandemic,0.0002998013350745414,0.0,0.0002998013350745414
Midwest Governors Regional Pact,0.0002998013350745414,0.0,0.0002998013350745414
Western States Pact,0.0002998013350745414,0.0,0.0002998013350745414
Impact of the COVID-19 pandemic on the music industry,0.0002998013350745414,0.0,0.0002998013350745414
Indian migrant workers during the COVID-19 pandemic,0.0002998013350745414,0.0,0.0002998013350745414
COVID-19 pandemic in the Collectivity of Saint Martin,0.0002996445376989785,0.0,0.0002996445376989785
Neuroinflammation,0.0002996250721188675,0.0,0.0002996250721188675
Ego depletion,0.0002996250721188675,0.0,0.0002996250721188675
Neurological disorder,0.0002996250721188675,0.0006071115218974847,-0.00030748644977861717
Radiotherapy,0.0002996250721188675,0.0006071115218974847,-0.00030748644977861717
Major depressive disorder,0.0002996250721188675,0.0006443483806467684,-0.00034472330852790094
Computer vision syndrome,0.0002996250721188675,0.0,0.0002996250721188675
Inborn error of metabolism,0.0002996250721188675,0.0006071115218974847,-0.00030748644977861717
Effects of fatigue on safety,0.0002996250721188675,0.0006071115218974847,-0.00030748644977861717
Neuromuscular junction,0.0002996250721188675,0.0,0.0002996250721188675
Qigong,0.0002996250721188675,0.0,0.0002996250721188675
Poison,0.0002996250721188675,0.0006071115218974847,-0.00030748644977861717
Gulf War syndrome,0.0002996250721188675,0.0006071115218974847,-0.00030748644977861717
Folate deficiency,0.0002996250721188675,0.0,0.0002996250721188675
Medical illness,0.0002996250721188675,0.0,0.0002996250721188675
Intermittent fasting,0.0002996250721188675,0.0,0.0002996250721188675
Eating disorder,0.0002996250721188675,0.0006071115218974847,-0.00030748644977861717
Electromyography,0.0002996250721188675,0.0006071115218974847,-0.00030748644977861717
Level of consciousness,0.0002996250721188675,0.0006071115218974847,-0.00030748644977861717
Substance abuse,0.0002996250721188675,0.0,0.0002996250721188675
Excessive alcohol consumption,0.0002996250721188675,0.0,0.0002996250721188675
Somatic symptom disorder,0.0002996250721188675,0.0,0.0002996250721188675
Chronic stress,0.0002996250721188675,0.0,0.0002996250721188675
Chronic fatigue syndrome,0.0002996250721188675,0.0011187850523604703,-0.0008191599802416028
Somnolence,0.0002996250721188675,0.0006071115218974847,-0.00030748644977861717
Blood disorders,0.0002996250721188675,0.0006071115218974847,-0.00030748644977861717
Spondyloarthropathy,0.0002996250721188675,0.0006071115218974847,-0.00030748644977861717
Medically unexplained physical symptoms,0.0002996250721188675,0.0,0.0002996250721188675
Diffusion MRI,0.0002996250721188675,0.0,0.0002996250721188675
Cognition,0.0002996250721188675,0.0,0.0002996250721188675
Cognitive behavioral therapy,0.0002996250721188675,0.0,0.0002996250721188675
Psoriatic arthritis,0.0002996250721188675,0.0,0.0002996250721188675
Presenteeism,0.0002996250721188675,0.0006071115218974847,-0.00030748644977861717
Iron-deficiency anemia,0.0002996250721188675,0.0,0.0002996250721188675
Central nervous system fatigue,0.0002996250721188675,0.0,0.0002996250721188675
Lithium salt,0.0002996250721188675,0.0006071115218974847,-0.00030748644977861717
Central governor,0.0002996250721188675,0.0,0.0002996250721188675
Drinking,0.0002996250721188675,0.0,0.0002996250721188675
Post-concussion syndrome,0.0002996250721188675,0.0006071115218974847,-0.00030748644977861717
Postural Orthostatic Tachycardia Syndrome,0.0002996250721188675,0.0,0.0002996250721188675
Adrenal fatigue,0.0002996250721188675,0.0,0.0002996250721188675
Thyroid disease,0.0002996250721188675,0.0006071115218974847,-0.00030748644977861717
Work (human activity),0.0002996250721188675,0.0,0.0002996250721188675
Tai chi,0.0002996250721188675,0.0,0.0002996250721188675
Thalamus,0.0002996250721188675,0.0006213479376386806,-0.00032172286551981314
Boredom,0.0002996250721188675,0.0006071115218974847,-0.00030748644977861717
Selective serotonin reuptake inhibitor,0.0002996250721188675,0.0,0.0002996250721188675
Affect (psychology),0.0002996250721188675,0.0,0.0002996250721188675
Fructose malabsorption,0.0002996250721188675,0.0006071115218974847,-0.00030748644977861717
Irritable bowel syndrome,0.0002996250721188675,0.0006071115218974847,-0.00030748644977861717
Combat stress reaction,0.0002996250721188675,0.0006071115218974847,-0.00030748644977861717
Exercise intolerance,0.0002996250721188675,0.0006071115218974847,-0.00030748644977861717
Organ failure,0.0002996250721188675,0.0,0.0002996250721188675
Directed attention fatigue,0.0002996250721188675,0.0006071115218974847,-0.00030748644977861717
Signs and symptoms of multiple sclerosis,0.0002996250721188675,0.0,0.0002996250721188675
Sickness behaviour,0.0002996250721188675,0.0,0.0002996250721188675
Sleep-deprived driving,0.0002996250721188675,0.0006071115218974847,-0.00030748644977861717
Sleep loss,0.0002996250721188675,0.0,0.0002996250721188675
Sleep apnea,0.0002996250721188675,0.0,0.0002996250721188675
Sjögren's syndrome,0.0002996250721188675,0.0006071115218974847,-0.00030748644977861717
Sjogren's,0.0002996250721188675,0.0,0.0002996250721188675
UCTD,0.0002996250721188675,0.0,0.0002996250721188675
Axonal initial segment,0.0002996250721188675,0.0,0.0002996250721188675
Reticular activating system,0.0002996250721188675,0.0006071115218974847,-0.00030748644977861717
Biopsychosocial model,0.0002996250721188675,0.0,0.0002996250721188675
Disorders of diminished motivation,0.0002996250721188675,0.0,0.0002996250721188675
Benzodiazepines,0.0002996250721188675,0.0,0.0002996250721188675
NMOSD,0.0002996250721188675,0.0,0.0002996250721188675
Stress (medicine),0.0002996250721188675,0.0006071115218974847,-0.00030748644977861717
Jet lag,0.0002996250721188675,0.0006071115218974847,-0.00030748644977861717
Heat illness,0.0002996250721188675,0.0006071115218974847,-0.00030748644977861717
Feeling,0.0002996250721188675,0.0,0.0002996250721188675
Aviation,0.0002996250721188675,0.0,0.0002996250721188675
Cancer fatigue,0.0002996250721188675,0.0006071115218974847,-0.00030748644977861717
Vitamin,0.0002996250721188675,0.000626791273069138,-0.00032716620095027047
Vitamin B12 deficiency,0.0002996250721188675,0.0,0.0002996250721188675
Heart attack,0.0002996250721188675,0.0,0.0002996250721188675
Physical activity,0.0002996250721188675,0.0,0.0002996250721188675
Physical trauma,0.0002996250721188675,0.0006071115218974847,-0.00030748644977861717
Recreation,0.0002996250721188675,0.0006071115218974847,-0.00030748644977861717
Muscle contraction,0.0002996250721188675,0.0,0.0002996250721188675
Low blood sugar,0.0002996250721188675,0.0006071115218974847,-0.00030748644977861717
Amantadine,0.0002996250721188675,0.0006054721618325538,-0.0003058470897136863
Gaucher's disease,0.0002996250721188675,0.0006071115218974847,-0.00030748644977861717
Long Covid,0.0002996250721188675,0.0,0.0002996250721188675
White matter,0.0002996250721188675,0.0,0.0002996250721188675
Endocrine disease,0.0002996250721188675,0.0006071115218974847,-0.00030748644977861717
Endogeny,0.0002996250721188675,0.0,0.0002996250721188675
Perception,0.0002996250721188675,0.0006071115218974847,-0.00030748644977861717
Narcolepsy,0.0002996250721188675,0.0006071115218974847,-0.00030748644977861717
Hyponatremia,0.0002996250721188675,0.0,0.0002996250721188675
Muscle fatigue,0.0002996250721188675,0.0,0.0002996250721188675
Museum fatigue,0.0002996250721188675,0.0006071115218974847,-0.00030748644977861717
Generalized anxiety disorder,0.0002996250721188675,0.0,0.0002996250721188675
Vagus nerve stimulation,0.0002996250721188675,0.0,0.0002996250721188675
Motor neuron,0.0002996250721188675,0.0006071115218974847,-0.00030748644977861717
Hemochromatosis,0.0002996250721188675,0.0006071115218974847,-0.00030748644977861717
Action potential,0.0002996250721188675,0.0006071115218974847,-0.00030748644977861717
Traumatic brain injury,0.0002996250721188675,0.0,0.0002996250721188675
Mood disorder,0.0002996250721188675,0.0,0.0002996250721188675
DSM-5,0.0002996250721188675,0.0,0.0002996250721188675
Pain,0.0002996250721188675,0.0006071115218974847,-0.00030748644977861717
Patient-Centered Outcomes Research Institute,0.0002996250721188675,0.0,0.0002996250721188675
Celiac disease,0.0002996250721188675,0.0006071115218974847,-0.00030748644977861717
Hsp90,0.0002996250721188675,0.0,0.0002996250721188675
Amphetamine-type stimulant,0.0002996250721188675,0.0,0.0002996250721188675
Modafinil,0.0002996250721188675,0.0,0.0002996250721188675
Developmental disorder,0.0002996250721188675,0.0006071115218974847,-0.00030748644977861717
Microsleep,0.0002996250721188675,0.0006071115218974847,-0.00030748644977861717
Mineral (nutrient),0.0002996250721188675,0.0006071115218974847,-0.00030748644977861717
Anxiety disorder,0.0002996250721188675,0.0006213479376386806,-0.00032172286551981314
Byung-Chul Han,0.0002996250721188675,0.0006071115218974847,-0.00030748644977861717
Idiopathic chronic fatigue,0.0002996250721188675,0.0,0.0002996250721188675
Liver failure,0.0002996250721188675,0.000626791273069138,-0.00032716620095027047
Acquiescence,0.0002996250721188675,0.0,0.0002996250721188675
ICD-11,0.0002996250721188675,0.0,0.0002996250721188675
Acute renal failure,0.0002996250721188675,0.0,0.0002996250721188675
Acute interstitial pneumonia,0.00029957319905412857,0.0006054721618325538,-0.0003058989627784252
Acute heart failure,0.00029957319905412857,0.0006054721618325538,-0.0003058989627784252
Lobar pneumonia,0.00029957319905412857,0.000608479267149268,-0.0003089060680951394
Immunoglobulin,0.00029957319905412857,0.0006054721618325538,-0.0003058989627784252
Humidifier,0.00029957319905412857,0.0006054721618325538,-0.0003058989627784252
Thoracentesis,0.00029957319905412857,0.0006054721618325538,-0.0003058989627784252
Thomas Jefferson University,0.00029957319905412857,0.0,0.00029957319905412857
Aspiration pneumonia,0.00029957319905412857,0.0006054721618325538,-0.0003058989627784252
Endotracheal intubation,0.00029957319905412857,0.0006054721618325538,-0.0003058989627784252
World Pneumonia Day,0.00029957319905412857,0.0006054721618325538,-0.0003058989627784252
William Osler,0.00029957319905412857,0.0006054721618325538,-0.0003058989627784252
Zinc supplementation,0.00029957319905412857,0.0,0.00029957319905412857
Vancomycin,0.00029957319905412857,0.0006054721618325538,-0.0003058989627784252
Middle Ages,0.00029957319905412857,0.0006054721618325538,-0.0003058989627784252
Diffuse lung disease,0.00029957319905412857,0.0006054721618325538,-0.0003058989627784252
Developing world,0.00029957319905412857,0.0006054721618325538,-0.0003058989627784252
Mononuclear cell,0.00029957319905412857,0.0006054721618325538,-0.0003058989627784252
Desquamative interstitial pneumonia,0.00029957319905412857,0.0006054721618325538,-0.0003058989627784252
Avanos Medical,0.00029957319905412857,0.0,0.00029957319905412857
Trimethoprim/sulfamethoxazole,0.00029957319905412857,0.0006054721618325538,-0.0003058989627784252
Kidney dialysis,0.00029957319905412857,0.0,0.00029957319905412857
Fluoroquinolones,0.00029957319905412857,0.0006054721618325538,-0.0003058989627784252
Fluoroquinolone,0.00029957319905412857,0.0006054721618325538,-0.0003058989627784252
Anaerobic organism,0.00029957319905412857,0.0006054721618325538,-0.0003058989627784252
Heated humidified high-flow therapy,0.00029957319905412857,0.0006054721618325538,-0.0003058989627784252
Antihypotensive agent,0.00029957319905412857,0.0006054721618325538,-0.0003058989627784252
Multiple drug resistance,0.00029957319905412857,0.0006054721618325538,-0.0003058989627784252
Multidrug-resistant,0.00029957319905412857,0.0006054721618325538,-0.0003058989627784252
Multi-drug resistant bacteria,0.00029957319905412857,0.0006054721618325538,-0.0003058989627784252
Mucolytics,0.00029957319905412857,0.0006054721618325538,-0.0003058989627784252
Moraxella catarrhalis,0.00029957319905412857,0.0006054721618325538,-0.0003058989627784252
Mississippi embayment,0.00029957319905412857,0.0006054721618325538,-0.0003058989627784252
Decreased level of consciousness,0.00029957319905412857,0.0006054721618325538,-0.0003058989627784252
Decortication,0.00029957319905412857,0.0006054721618325538,-0.0003058989627784252
White blood cell,0.00029957319905412857,0.0006054721618325538,-0.0003058989627784252
Wheezing,0.00029957319905412857,0.0006054721618325538,-0.0003058989627784252
Home care,0.00029957319905412857,0.0006054721618325538,-0.0003058989627784252
Hobart Reimann,0.00029957319905412857,0.0,0.00029957319905412857
Mycoplasma pneumoniae,0.00029957319905412857,0.0006054721618325538,-0.0003058989627784252
Rigors,0.00029957319905412857,0.0006054721618325538,-0.0003058989627784252
Crystalloid solution,0.00029957319905412857,0.0006054721618325538,-0.0003058989627784252
Cryptococcus neoformans,0.00029957319905412857,0.0006054721618325538,-0.0003058989627784252
Ventilator-associated pneumonia,0.00029957319905412857,0.0006054721618325538,-0.0003058989627784252
Klebsiella,0.00029957319905412857,0.0006054721618325538,-0.0003058989627784252
Crackles,0.00029957319905412857,0.0006054721618325538,-0.0003058989627784252
Coxiella burnetti,0.00029957319905412857,0.0006054721618325538,-0.0003058989627784252
Serum electrolytes,0.00029957319905412857,0.0006054721618325538,-0.0003058989627784252
Avian influenza,0.00029957319905412857,0.0006955449361466195,-0.00039597173709249095
Developed world,0.00029957319905412857,0.0006054721618325538,-0.0003058989627784252
Methicillin-resistant Staphylococcus aureus,0.00029957319905412857,0.0006054721618325538,-0.0003058989627784252
Methicillin resistant Staphylococcus aureus,0.00029957319905412857,0.0006054721618325538,-0.0003058989627784252
Metastasis,0.00029957319905412857,0.0006054721618325538,-0.0003058989627784252
Heat and moisture exchanger,0.00029957319905412857,0.0006054721618325538,-0.0003058989627784252
Healthcare-associated pneumonia,0.00029957319905412857,0.0006054721618325538,-0.0003058989627784252
W. B. Saunders,0.00029957319905412857,0.0006054721618325538,-0.0003058989627784252
Vocal resonation,0.00029957319905412857,0.0006054721618325538,-0.0003058989627784252
Vitamin A,0.00029957319905412857,0.0006054721618325538,-0.0003058989627784252
Vital sign,0.00029957319905412857,0.0006054721618325538,-0.0003058989627784252
Gastric feeding tube,0.00029957319905412857,0.0006054721618325538,-0.0003058989627784252
Bronchial pneumonia,0.00029957319905412857,0.0006054721618325538,-0.0003058989627784252
British Thoracic Society,0.00029957319905412857,0.0006054721618325538,-0.0003058989627784252
Toxoplasma gondii,0.00029957319905412857,0.0006054721618325538,-0.0003058989627784252
John Bunyan,0.00029957319905412857,0.0006054721618325538,-0.0003058989627784252
Rapid influenza diagnostic test,0.00029957319905412857,0.0006054721618325538,-0.0003058989627784252
Respiratory rate,0.00029957319905412857,0.0006461944843415974,-0.00034662128528746886
Respiratory bronchiolitis interstitial lung disease,0.00029957319905412857,0.0006054721618325538,-0.0003058989627784252
Blastomyces,0.00029957319905412857,0.0,0.00029957319905412857
Sickle cell disease,0.00029957319905412857,0.0,0.00029957319905412857
Asplenia,0.00029957319905412857,0.0006054721618325538,-0.0003058989627784252
Complete blood count,0.00029957319905412857,0.0006054721618325538,-0.0003058989627784252
Complement protein,0.00029957319905412857,0.0006054721618325538,-0.0003058989627784252
Community-acquired pneumonia,0.00029957319905412857,0.0006054721618325538,-0.0003058989627784252
Neuraminidase inhibitors,0.00029957319905412857,0.0006054721618325538,-0.0003058989627784252
Neonatal,0.00029957319905412857,0.0006054721618325538,-0.0003058989627784252
Hantaviruses,0.00029957319905412857,0.0006054721618325538,-0.0003058989627784252
Indoor air quality,0.00029957319905412857,0.0,0.00029957319905412857
FER (gene),0.00029957319905412857,0.0006054721618325538,-0.0003058989627784252
Legionella pneumophila,0.00029957319905412857,0.0006054721618325538,-0.0003058989627784252
Legionella,0.00029957319905412857,0.0006054721618325538,-0.0003058989627784252
Meconium,0.00029957319905412857,0.0006054721618325538,-0.0003058989627784252
Christian Gram,0.00029957319905412857,0.0006054721618325538,-0.0003058989627784252
Nosocomial infection,0.00029957319905412857,0.0006054721618325538,-0.0003058989627784252
Pseudomonas aeruginosa,0.00029957319905412857,0.0006054721618325538,-0.0003058989627784252
Proton-pump inhibitors,0.00029957319905412857,0.0006054721618325538,-0.0003058989627784252
Pulse,0.00029957319905412857,0.0006054721618325538,-0.0003058989627784252
Pulmonary emboli,0.00029957319905412857,0.0006054721618325538,-0.0003058989627784252
Albert Fraenkel (1848–1916),0.00029957319905412857,0.0006054721618325538,-0.0003058989627784252
Blood test,0.00029957319905412857,0.0006054721618325538,-0.0003058989627784252
Blood cultures,0.00029957319905412857,0.0006054721618325538,-0.0003058989627784252
Blood culture,0.00029957319905412857,0.0006054721618325538,-0.0003058989627784252
Proning,0.00029957319905412857,0.0,0.00029957319905412857
Nonspecific interstitial pneumonia,0.00029957319905412857,0.0006054721618325538,-0.0003058989627784252
Colonisation (biology),0.00029957319905412857,0.0006054721618325538,-0.0003058989627784252
Invasive pneumococcal disease,0.00029957319905412857,0.0006054721618325538,-0.0003058989627784252
Histoplasmosis,0.00029957319905412857,0.0006054721618325538,-0.0003058989627784252
Eosinophilic pneumonia,0.00029957319905412857,0.0006054721618325538,-0.0003058989627784252
Lobular pneumonia,0.00029957319905412857,0.0006054721618325538,-0.0003058989627784252
Atelectasis,0.00029957319905412857,0.0006054721618325538,-0.0003058989627784252
Chemical pneumonitis,0.00029957319905412857,0.0006054721618325538,-0.0003058989627784252
Group B Streptococcus,0.00029957319905412857,0.0006054721618325538,-0.0003058989627784252
Coccidioidomycosis,0.00029957319905412857,0.0006054721618325538,-0.0003058989627784252
Coccidioides immitis,0.00029957319905412857,0.0006054721618325538,-0.0003058989627784252
Fungal pneumonia,0.00029957319905412857,0.0006054721618325538,-0.0003058989627784252
Pneumonitis,0.00029957319905412857,0.0006054721618325538,-0.0003058989627784252
Pneumonia severity index,0.00029957319905412857,0.0006054721618325538,-0.0003058989627784252
H2 blockers,0.00029957319905412857,0.0006054721618325538,-0.0003058989627784252
Clindamycin,0.00029957319905412857,0.0006054721618325538,-0.0003058989627784252
Clarithromycin,0.00029957319905412857,0.0006251519130042071,-0.0003255787139500785
Measles vaccine,0.00029957319905412857,0.0006054721618325538,-0.0003058989627784252
Malnutrition,0.00029957319905412857,0.0006054721618325538,-0.0003058989627784252
Electron microscope,0.00029957319905412857,0.0006461944843415974,-0.00034662128528746886
Staphylococcus aureus,0.00029957319905412857,0.0006054721618325538,-0.0003058989627784252
Sputum culture,0.00029957319905412857,0.0006054721618325538,-0.0003058989627784252
Ascaris lumbricoides,0.00029957319905412857,0.0006054721618325538,-0.0003058989627784252
Organizing pneumonia,0.00029957319905412857,0.0006054721618325538,-0.0003058989627784252
Opportunistic infection,0.00029957319905412857,0.0006054721618325538,-0.0003058989627784252
Chlamydophila pneumoniae,0.00029957319905412857,0.0006054721618325538,-0.0003058989627784252
Chlamydia trachomatis,0.00029957319905412857,0.0006054721618325538,-0.0003058989627784252
Chlamydia psittaci,0.00029957319905412857,0.0006054721618325538,-0.0003058989627784252
Interventional radiology,0.00029957319905412857,0.0006054721618325538,-0.0003058989627784252
Interstitial pneumonia,0.00029957319905412857,0.0006054721618325538,-0.0003058989627784252
Erythromycin,0.00029957319905412857,0.0006054721618325538,-0.0003058989627784252
Empiric therapy,0.00029957319905412857,0.0006054721618325538,-0.0003058989627784252
Eosinophilic,0.00029957319905412857,0.0006054721618325538,-0.0003058989627784252
Edwin Klebs,0.00029957319905412857,0.0006054721618325538,-0.0003058989627784252
Maimonides,0.00029957319905412857,0.0006054721618325538,-0.0003058989627784252
Biological aging,0.00029957319905412857,0.0,0.00029957319905412857
Beta-lactam antibiotic,0.00029957319905412857,0.0006054721618325538,-0.0003058989627784252
Pneumocystis pneumonia,0.00029957319905412857,0.0006054721618325538,-0.0003058989627784252
Pneumocystis jiroveci,0.00029957319905412857,0.0006054721618325538,-0.0003058989627784252
Pneumococcal polysaccharide vaccine,0.00029957319905412857,0.0006054721618325538,-0.0003058989627784252
Pneumococcal pneumonia,0.00029957319905412857,0.0006054721618325538,-0.0003058989627784252
Pneumococcal conjugate vaccine,0.00029957319905412857,0.0006054721618325538,-0.0003058989627784252
Pleuritic,0.00029957319905412857,0.0006054721618325538,-0.0003058989627784252
Pleural fluid,0.00029957319905412857,0.0006054721618325538,-0.0003058989627784252
Pleural empyema,0.00029957319905412857,0.0006054721618325538,-0.0003058989627784252
Influenza A,0.00029957319905412857,0.0006054721618325538,-0.0003058989627784252
Gram staining,0.00029957319905412857,0.0006054721618325538,-0.0003058989627784252
CURB-65,0.00029957319905412857,0.0006054721618325538,-0.0003058989627784252
Macrolide,0.00029957319905412857,0.0006054721618325538,-0.0003058989627784252
Stethoscope,0.00029957319905412857,0.0006054721618325538,-0.0003058989627784252
Surgical masks,0.00029957319905412857,0.0006355706048009648,-0.0003359974057468362
Bronchus,0.00029957319905412857,0.0006054721618325538,-0.0003058989627784252
Lung parenchyma,0.00029957319905412857,0.0006054721618325538,-0.0003058989627784252
Lung abscess,0.00029957319905412857,0.0006054721618325538,-0.0003058989627784252
Low income countries,0.00029957319905412857,0.0006054721618325538,-0.0003058989627784252
Lymphocytic interstitial pneumonia,0.00029957319905412857,0.0006054721618325538,-0.0003058989627784252
Lung ultrasound,0.00029957319905412857,0.0006054721618325538,-0.0003058989627784252
Carl Friedländer,0.00029957319905412857,0.0006054721618325538,-0.0003058989627784252
Pertussis vaccine,0.00029957319905412857,0.0006054721618325538,-0.0003058989627784252
Chest tube,0.00029957319905412857,0.0006054721618325538,-0.0003058989627784252
Chest radiography,0.00029957319905412857,0.0006054721618325538,-0.0003058989627784252
Chest physiotherapy,0.00029957319905412857,0.0006054721618325538,-0.0003058989627784252
Chest auscultation,0.00029957319905412857,0.0006054721618325538,-0.0003058989627784252
Chest X-ray,0.00029957319905412857,0.0006054721618325538,-0.0003058989627784252
Amoxicillin,0.00029957319905412857,0.0006054721618325538,-0.0003058989627784252
Amniotic fluid,0.00029957319905412857,0.0006054721618325538,-0.0003058989627784252
Aminoglycoside,0.00029957319905412857,0.0006054721618325538,-0.0003058989627784252
Percussion (medicine),0.00029957319905412857,0.0006054721618325538,-0.0003058989627784252
Peramivir,0.00029957319905412857,0.0006054721618325538,-0.0003058989627784252
Penicillin,0.00029957319905412857,0.0006054721618325538,-0.0003058989627784252
Empyema,0.00029957319905412857,0.0006054721618325538,-0.0003058989627784252
Bronchopulmonary segment,0.00029957319905412857,0.0006054721618325538,-0.0003058989627784252
Bronchopneumonia,0.00029957319905412857,0.0006054721618325538,-0.0003058989627784252
Bronchiolitis obliterans,0.00029957319905412857,0.0006054721618325538,-0.0003058989627784252
Hyposplenism,0.00029957319905412857,0.0006054721618325538,-0.0003058989627784252
Oxygenation (medical),0.00029957319905412857,0.0006054721618325538,-0.0003058989627784252
Parasite,0.00029957319905412857,0.0006054721618325538,-0.0003058989627784252
Parapneumonic effusion,0.00029957319905412857,0.0006054721618325538,-0.0003058989627784252
Parainfluenza,0.00029957319905412857,0.0006054721618325538,-0.0003058989627784252
Paragonimus westermani,0.00029957319905412857,0.0006054721618325538,-0.0003058989627784252
Cervical lymphadenopathy,0.00029957319905412857,0.0006054721618325538,-0.0003058989627784252
Parasites,0.00029957319905412857,0.0006054721618325538,-0.0003058989627784252
Centers for Medicare and Medicaid Services,0.00029957319905412857,0.0006054721618325538,-0.0003058989627784252
Cephazolin,0.00029957319905412857,0.0006054721618325538,-0.0003058989627784252
Cephalosporins,0.00029957319905412857,0.0006054721618325538,-0.0003058989627784252
Central cyanosis,0.00029957319905412857,0.0006054721618325538,-0.0003058989627784252
Hospital-acquired pneumonia,0.00029957319905412857,0.0006054721618325538,-0.0003058989627784252
TLR6,0.00029957319905412857,0.0006054721618325538,-0.0003058989627784252
Lipoid pneumonia,0.00029957319905412857,0.0006054721618325538,-0.0003058989627784252
Lipids,0.00029957319905412857,0.0006054721618325538,-0.0003058989627784252
Usual interstitial pneumonia,0.00029957319905412857,0.0006054721618325538,-0.0003058989627784252
Zanamivir,0.00029957319905412857,0.0006054721618325538,-0.0003058989627784252
17A,0.00029929360767326095,0.0006016681864670273,-0.0003023745787937664
2020 United Kingdom school exam grading controversy,0.00029929360767326095,0.0,0.00029929360767326095
Impact of the COVID-19 pandemic on gridiron football,0.00029929360767326095,0.0,0.00029929360767326095
Impact of the COVID-19 pandemic on the African diaspora,0.00029929360767326095,0.0,0.00029929360767326095
Impact of the COVID-19 pandemic on suicide rates,0.00029929360767326095,0.0,0.00029929360767326095
Impact of the COVID-19 pandemic on ice hockey,0.00029929360767326095,0.0,0.00029929360767326095
Impact of the COVID-19 pandemic on the LGBTQ community,0.00029929360767326095,0.0,0.00029929360767326095
COVID-19 naming,0.00029929360767326095,0.0,0.00029929360767326095
COVID-19 Genomics UK Consortium,0.00029929360767326095,0.0,0.00029929360767326095
The proximal origin of SARS-CoV-2,0.00029929360767326095,0.0,0.00029929360767326095
COVID-19 hospital,0.00029929360767326095,0.0,0.00029929360767326095
COVID-19 in pregnancy,0.00029929360767326095,0.0006423905089760711,-0.00034309690130281015
Impact of the COVID-19 pandemic on the Walt Disney Company,0.00029929360767326095,0.0,0.00029929360767326095
Impact of the COVID-19 pandemic on the telehealth industry,0.00029929360767326095,0.0,0.00029929360767326095
Undercounting of COVID-19 pandemic deaths by country,0.00029929360767326095,0.0,0.00029929360767326095
Corona-chan,0.00029929360767326095,0.0,0.00029929360767326095
Impact of the COVID-19 pandemic on female education,0.00029929360767326095,0.0,0.00029929360767326095
Impact of the COVID-19 pandemic on commercial air transport,0.00029929360767326095,0.0,0.00029929360767326095
COVID-19 alert levels in New Zealand,0.00029929360767326095,0.0,0.00029929360767326095
COVID-19 and homelessness,0.00029929360767326095,0.0,0.00029929360767326095
Impact of the COVID-19 pandemic on baseball,0.00029929360767326095,0.0,0.00029929360767326095
Impact of the COVID-19 pandemic on basketball,0.00029929360767326095,0.0,0.00029929360767326095
Impact of the COVID-19 pandemic on Indian migrant workers,0.00029929360767326095,0.0,0.00029929360767326095
Impact of the COVID-19 pandemic on American sports broadcasting,0.00029929360767326095,0.0,0.00029929360767326095
Imagine (Gal Gadot video),0.00029929360767326095,0.0,0.00029929360767326095
Pandemic baking,0.00029929360767326095,0.0,0.00029929360767326095
COVID-19 vaccine card,0.00029929360767326095,0.0,0.00029929360767326095
Bio-secure bubble,0.00029929360767326095,0.0,0.00029929360767326095
Wikipedia and the COVID-19 pandemic,0.00029929360767326095,0.0,0.00029929360767326095
Assessment on COVID-19 Origins,0.00029929360767326095,0.0,0.00029929360767326095
Alzheimer's disease and COVID-19,0.00029929360767326095,0.0,0.00029929360767326095
SARS-related coronavirus,0.00029929360767326095,0.0,0.00029929360767326095
Hodgkin's lymphoma,0.0002991393746194327,0.0006046752917837415,-0.0003055359171643088
Hyperthermia,0.0002991393746194327,0.0006046752917837415,-0.0003055359171643088
Hypothalamus,0.0002991393746194327,0.0006046752917837415,-0.0003055359171643088
Ice bath,0.0002991393746194327,0.0,0.0002991393746194327
Adult-onset Still's disease,0.0002991393746194327,0.0006046752917837415,-0.0003055359171643088
Warm-blooded,0.0002991393746194327,0.0006046752917837415,-0.0003055359171643088
T cells,0.0002991393746194327,0.0006046752917837415,-0.0003055359171643088
Brown adipose tissue,0.0002991393746194327,0.0006046752917837415,-0.0003055359171643088
Surgery,0.0002991393746194327,0.000608479267149268,-0.00030933989252983525
Sweat,0.0002991393746194327,0.0006046752917837415,-0.0003055359171643088
Tertian fever,0.0002991393746194327,0.0,0.0002991393746194327
CD14,0.0002991393746194327,0.0006046752917837415,-0.0003055359171643088
Hyperalgesia,0.0002991393746194327,0.0006046752917837415,-0.0003055359171643088
Hyperpyrexia,0.0002991393746194327,0.0006046752917837415,-0.0003055359171643088
Roman mythology,0.0002991393746194327,0.0,0.0002991393746194327
Reye's syndrome,0.0002991393746194327,0.0006046752917837415,-0.0003055359171643088
Rhabdomyolysis,0.0002991393746194327,0.0006046752917837415,-0.0003055359171643088
Remittent fever,0.0002991393746194327,0.0006046752917837415,-0.0003055359171643088
Gout,0.0002991393746194327,0.0006046752917837415,-0.0003055359171643088
Infarction,0.0002991393746194327,0.0006046752917837415,-0.0003055359171643088
Infective endocarditis,0.0002991393746194327,0.0006046752917837415,-0.0003055359171643088
Hallucinations,0.0002991393746194327,0.0,0.0002991393746194327
Visceral leishmaniasis,0.0002991393746194327,0.0006046752917837415,-0.0003055359171643088
Sympathetic nervous system,0.0002991393746194327,0.0006046752917837415,-0.0003055359171643088
Superantigens,0.0002991393746194327,0.0006046752917837415,-0.0003055359171643088
Shivering,0.0002991393746194327,0.0006046752917837415,-0.0003055359171643088
Brucellosis,0.0002991393746194327,0.0006046752917837415,-0.0003055359171643088
Serotonin syndrome,0.0002991393746194327,0.0006046752917837415,-0.0003055359171643088
Buddhist mythology,0.0002991393746194327,0.0,0.0002991393746194327
Bulletin of the New York Academy of Medicine,0.0002991393746194327,0.0,0.0002991393746194327
Heat stroke,0.0002991393746194327,0.0006046752917837415,-0.0003055359171643088
Thermogenesis,0.0002991393746194327,0.0006046752917837415,-0.0003055359171643088
Prostaglandin E2,0.0002991393746194327,0.0006046752917837415,-0.0003055359171643088
Body temperature,0.0002991393746194327,0.0006046752917837415,-0.0003055359171643088
Prostaglandin E2 synthase,0.0002991393746194327,0.0006046752917837415,-0.0003055359171643088
Inflammatory bowel disease,0.0002991393746194327,0.0006046752917837415,-0.0003055359171643088
Richard Asher,0.0002991393746194327,0.0006046752917837415,-0.0003055359171643088
Viral infection,0.0002991393746194327,0.0006046752917837415,-0.0003055359171643088
Intracranial hemorrhage,0.0002991393746194327,0.0006046752917837415,-0.0003055359171643088
Intermittent fever,0.0002991393746194327,0.0006046752917837415,-0.0003055359171643088
Interleukin-8,0.0002991393746194327,0.0006046752917837415,-0.0003055359171643088
GABA,0.0002991393746194327,0.0,0.0002991393746194327
Forehead,0.0002991393746194327,0.0006046752917837415,-0.0003055359171643088
Boils,0.0002991393746194327,0.0006046752917837415,-0.0003055359171643088
Interferon-α,0.0002991393746194327,0.0006046752917837415,-0.0003055359171643088
Rocky mountain spotted fever,0.0002991393746194327,0.0,0.0002991393746194327
Plasmodium ovale,0.0002991393746194327,0.0006046752917837415,-0.0003055359171643088
Plasmodium knowlesi,0.0002991393746194327,0.0006046752917837415,-0.0003055359171643088
Porphyria,0.0002991393746194327,0.0006046752917837415,-0.0003055359171643088
Plasmodium falciparum,0.0002991393746194327,0.0006046752917837415,-0.0003055359171643088
Kawasaki syndrome,0.0002991393746194327,0.0006046752917837415,-0.0003055359171643088
Flushed,0.0002991393746194327,0.0006046752917837415,-0.0003055359171643088
Fever of unknown origin,0.0002991393746194327,0.0006046752917837415,-0.0003055359171643088
Preoptic area,0.0002991393746194327,0.0006046752917837415,-0.0003055359171643088
Anti-pyretic,0.0002991393746194327,0.0006046752917837415,-0.0003055359171643088
Latin language,0.0002991393746194327,0.0,0.0002991393746194327
Leukocytes,0.0002991393746194327,0.0006046752917837415,-0.0003055359171643088
Febris,0.0002991393746194327,0.0006046752917837415,-0.0003055359171643088
Fabry disease,0.0002991393746194327,0.0006046752917837415,-0.0003055359171643088
Escherichia coli,0.0002991393746194327,0.0,0.0002991393746194327
Livestock disease,0.0002991393746194327,0.0,0.0002991393746194327
Cerebral hemorrhage,0.0002991393746194327,0.0006046752917837415,-0.0003055359171643088
Paraventricular nucleus,0.0002991393746194327,0.0006046752917837415,-0.0003055359171643088
Parasitic infections,0.0002991393746194327,0.0006046752917837415,-0.0003055359171643088
Cell proliferation,0.0002991393746194327,0.0006046752917837415,-0.0003055359171643088
Prostaglandin E receptor 3,0.0002991393746194327,0.0006046752917837415,-0.0003055359171643088
Raphe,0.0002991393746194327,0.0006046752917837415,-0.0003055359171643088
Relapsing polychondritis,0.0002991393746194327,0.0006046752917837415,-0.0003055359171643088
Quartan fever,0.0002991393746194327,0.0,0.0002991393746194327
Pyemia,0.0002991393746194327,0.0,0.0002991393746194327
Vertebrates,0.0002991393746194327,0.0006046752917837415,-0.0003055359171643088
Respiratory infection,0.0002991393746194327,0.0,0.0002991393746194327
Fever dream,0.0002991393746194327,0.0,0.0002991393746194327
Jvarasura,0.0002991393746194327,0.0,0.0002991393746194327
Phospholipase,0.0002991393746194327,0.0006046752917837415,-0.0003055359171643088
Febrile seizure,0.0002991393746194327,0.0006046752917837415,-0.0003055359171643088
Plasmodium vivax,0.0002991393746194327,0.0006046752917837415,-0.0003055359171643088
Interferon-gamma,0.0002991393746194327,0.0006046752917837415,-0.0003055359171643088
Lymphotoxin alpha,0.0002991393746194327,0.0006046752917837415,-0.0003055359171643088
Endotoxin,0.0002991393746194327,0.0006046752917837415,-0.0003055359171643088
Arachidonic acid,0.0002991393746194327,0.0006046752917837415,-0.0003055359171643088
Arachidonic acid pathway,0.0002991393746194327,0.0006046752917837415,-0.0003055359171643088
Urinary tract infections,0.0002991393746194327,0.0006046752917837415,-0.0003055359171643088
Life-threatening,0.0002991393746194327,0.0006046752917837415,-0.0003055359171643088
Lipopolysaccharide,0.0002991393746194327,0.0006046752917837415,-0.0003055359171643088
Lipopolysaccharide-binding protein,0.0002991393746194327,0.0006046752917837415,-0.0003055359171643088
Pituitary gland,0.0002991393746194327,0.0006046752917837415,-0.0003055359171643088
Camel,0.0002991393746194327,0.0006046752917837415,-0.0003055359171643088
Perspiration,0.0002991393746194327,0.0,0.0002991393746194327
Pel–Ebstein fever,0.0002991393746194327,0.0006046752917837415,-0.0003055359171643088
Catatonia,0.0002991393746194327,0.0,0.0002991393746194327
Nightmare,0.0002991393746194327,0.0,0.0002991393746194327
Basal metabolic rate,0.0002991393746194327,0.0006046752917837415,-0.0003055359171643088
Lymphoproliferative disorders,0.0002991393746194327,0.0,0.0002991393746194327
Mechanical fan,0.0002991393746194327,0.0006046752917837415,-0.0003055359171643088
Ear,0.0002991393746194327,0.0006046752917837415,-0.0003055359171643088
Beauveria bassiana,0.0002991393746194327,0.0006046752917837415,-0.0003055359171643088
Diminutive,0.0002991393746194327,0.0,0.0002991393746194327
Neuroleptic malignant syndrome,0.0002991393746194327,0.0006046752917837415,-0.0003055359171643088
Cold,0.0002991393746194327,0.0006046752917837415,-0.0003055359171643088
Normal human body temperature,0.0002991393746194327,0.0006046752917837415,-0.0003055359171643088
Endocrine organs,0.0002991393746194327,0.0006046752917837415,-0.0003055359171643088
Chills,0.0002991393746194327,0.0,0.0002991393746194327
Macrophage inflammatory protein,0.0002991393746194327,0.0006046752917837415,-0.0003055359171643088
Dorsomedial hypothalamus,0.0002991393746194327,0.0006046752917837415,-0.0003055359171643088
Medical signs,0.0002991393746194327,0.0006046752917837415,-0.0003055359171643088
Medical sign,0.0002991393746194327,0.0006046752917837415,-0.0003055359171643088
Medical emergency,0.0002991393746194327,0.0006046752917837415,-0.0003055359171643088
Medical conditions,0.0002991393746194327,0.0006046752917837415,-0.0003055359171643088
Circumventricular organ,0.0002991393746194327,0.0006046752917837415,-0.0003055359171643088
Muscle tone,0.0002991393746194327,0.0006046752917837415,-0.0003055359171643088
"Multan, Pakistan",0.0002991393746194327,0.0006046752917837415,-0.0003055359171643088
Bacterial infection,0.0002991393746194327,0.0006046752917837415,-0.0003055359171643088
Bacterial pneumonia,0.0002991393746194327,0.0,0.0002991393746194327
Tumor necrosis factor-α,0.0002991393746194327,0.0006046752917837415,-0.0003055359171643088
Autoimmune hepatitis,0.0002991393746194327,0.0006046752917837415,-0.0003055359171643088
Compromised immune system,0.0002991393746194327,0.0006046752917837415,-0.0003055359171643088
Conduction (heat),0.0002991393746194327,0.0006046752917837415,-0.0003055359171643088
Neutropenic fever,0.0002991393746194327,0.0006046752917837415,-0.0003055359171643088
Continuous fever,0.0002991393746194327,0.0006046752917837415,-0.0003055359171643088
Core body temperature,0.0002991393746194327,0.0006046752917837415,-0.0003055359171643088
Crush syndrome,0.0002991393746194327,0.0006046752917837415,-0.0003055359171643088
Medically frail,0.0002991393746194327,0.0006046752917837415,-0.0003055359171643088
Drug overdose,0.0002991393746194327,0.0006046752917837415,-0.0003055359171643088
Medulla oblongata,0.0002991393746194327,0.0006046752917837415,-0.0003055359171643088
Connective tissue disease,0.0002991393746194327,0.0006046752917837415,-0.0003055359171643088
Human thermoregulation,0.0002991393746194327,0.0006046752917837415,-0.0003055359171643088
African trypanosomiasis,0.0002991393746194327,0.0,0.0002991393746194327
Damage associated molecular pattern,0.0002991393746194327,0.0,0.0002991393746194327
Acetaminophen,0.0002991393746194327,0.0006046752917837415,-0.0003055359171643088
Cyclooxygenase,0.0002991393746194327,0.0006046752917837415,-0.0003055359171643088
Microglial cell,0.0002991393746194327,0.0006046752917837415,-0.0003055359171643088
Tympanic membrane,0.0002991393746194327,0.0006046752917837415,-0.0003055359171643088
Metarhizium acridum,0.0002991393746194327,0.0006046752917837415,-0.0003055359171643088
Horton disease,0.0002991393746194327,0.0006046752917837415,-0.0003055359171643088
Hindu mythology,0.0002991393746194327,0.0,0.0002991393746194327
Human body temperature,0.0002991393746194327,0.0006046752917837415,-0.0003055359171643088
Human anus,0.0002991393746194327,0.0,0.0002991393746194327
Thyroid storm,0.0002991393746194327,0.0006046752917837415,-0.0003055359171643088
Thermostat,0.0002991393746194327,0.0006046752917837415,-0.0003055359171643088
Thermoregulation,0.0002991393746194327,0.0006046752917837415,-0.0003055359171643088
Abscess,0.0002991393746194327,0.0006046752917837415,-0.0003055359171643088
Yankee Candle,0.00029795392021643354,0.0006016681864670273,-0.0003037142662505938
Ying Yong,0.00029795392021643354,0.0006016681864670273,-0.0003037142662505938
19 to Zero,0.00029795392021643354,0.0,0.00029795392021643354
COVID fog,0.00029795392021643354,0.0,0.00029795392021643354
COVID kit,0.00029795392021643354,0.0,0.00029795392021643354
COVID toes,0.00029795392021643354,0.0,0.00029795392021643354
COVID-19 and Its Challenges,0.00029795392021643354,0.0,0.00029795392021643354
COVID-19 datasets,0.00029795392021643354,0.0,0.00029795392021643354
The Light (newspaper),0.00029795392021643354,0.0,0.00029795392021643354
The Uncensored Library,0.00029795392021643354,0.0006016681864670273,-0.0003037142662505938
Immunization during pregnancy,0.00029795392021643354,0.0006016681864670273,-0.0003037142662505938
Dale Fisher,0.00029795392021643354,0.0006016681864670273,-0.0003037142662505938
Danoprevir,0.00029795392021643354,0.0006016681864670273,-0.0003037142662505938
David Smadja,0.00029795392021643354,0.0,0.00029795392021643354
Disulfiram,0.00029795392021643354,0.0006016681864670273,-0.0003037142662505938
Aytaç Yalman,0.00029795392021643354,0.0006016681864670273,-0.0003037142662505938
Azvudine,0.00029795392021643354,0.0006016681864670273,-0.0003037142662505938
"U.S. Deaths Near 100,000, An Incalculable Loss",0.00029795392021643354,0.0,0.00029795392021643354
Conservative Bulgaria,0.00029795392021643354,0.0006016681864670273,-0.0003037142662505938
N-0385,0.00029795392021643354,0.0,0.00029795392021643354
NHS Pathways,0.00029795392021643354,0.0006016681864670273,-0.0003037142662505938
Covid fan tutte,0.00029795392021643354,0.0,0.00029795392021643354
Covid-Organics,0.00029795392021643354,0.0,0.00029795392021643354
Crisis Zone (graphic novel),0.00029795392021643354,0.0,0.00029795392021643354
Trixie and Katya Save the World,0.00029795392021643354,0.0,0.00029795392021643354
Nationalist Party of Bulgaria,0.00029795392021643354,0.0006016681864670273,-0.0003037142662505938
Bebtelovimab,0.00029795392021643354,0.0,0.00029795392021643354
Beat the Devil (play),0.00029795392021643354,0.0,0.00029795392021643354
Tipiracil,0.00029795392021643354,0.0006016681864670273,-0.0003037142662505938
Tixagevimab/cilgavimab,0.00029795392021643354,0.0,0.00029795392021643354
Untitled Anxious Red Drawings,0.00029795392021643354,0.0,0.00029795392021643354
Tracy Davidson-Celestine,0.00029795392021643354,0.0006016681864670273,-0.0003037142662505938
National File,0.00029795392021643354,0.0,0.00029795392021643354
National Institute of Virology,0.00029795392021643354,0.0006016681864670273,-0.0003037142662505938
Merafloxacin,0.00029795392021643354,0.0,0.00029795392021643354
Marc Rogers (security researcher),0.00029795392021643354,0.0,0.00029795392021643354
Marilyn Gladu,0.00029795392021643354,0.0022816572335813425,-0.001983703313364909
Atilotrelvir,0.00029795392021643354,0.0,0.00029795392021643354
Outline of the COVID-19 pandemic,0.00029795392021643354,0.0,0.00029795392021643354
Aseem Malhotra,0.00029795392021643354,0.0006016681864670273,-0.0003037142662505938
Chen Qiushi,0.00029795392021643354,0.0006016681864670273,-0.0003037142662505938
Oriol Mitjà,0.00029795392021643354,0.0006016681864670273,-0.0003037142662505938
Cinanserin,0.00029795392021643354,0.0006016681864670273,-0.0003037142662505938
Climate lockdown,0.00029795392021643354,0.0,0.00029795392021643354
Open Medicine Foundation,0.00029795392021643354,0.0,0.00029795392021643354
Olgotrelvir,0.00029795392021643354,0.0,0.00029795392021643354
Fox News controversies,0.00029795392021643354,0.0006016681864670273,-0.0003037142662505938
Evgenia Medvedeva,0.00029795392021643354,0.0006016681864670273,-0.0003037142662505938
Levilimab,0.00029795392021643354,0.0,0.00029795392021643354
Collapse of Xinjia Express Hotel,0.00029795392021643354,0.0006016681864670273,-0.0003037142662505938
Mais qui ?,0.00029795392021643354,0.0,0.00029795392021643354
Malaysia Agro Exposition Park Serdang,0.00029795392021643354,0.0006016681864670273,-0.0003037142662505938
Ensitrelvir,0.00029795392021643354,0.0,0.00029795392021643354
MK-7845,0.00029795392021643354,0.0,0.00029795392021643354
Loneliness epidemic,0.00029795392021643354,0.0,0.00029795392021643354
Ashraf Sehrai,0.00029795392021643354,0.0006016681864670273,-0.0003037142662505938
Camostat,0.00029795392021643354,0.0007308454784829989,-0.0004328915582665654
Pemivibart,0.00029795392021643354,0.0,0.00029795392021643354
Pepe Escobar,0.00029795392021643354,0.0006016681864670273,-0.0003037142662505938
Pandemic predictions and preparations prior to the COVID-19 pandemic,0.00029795392021643354,0.0,0.00029795392021643354
PREPARE,0.00029795392021643354,0.000641027688810334,-0.0003430737685939005
Fabunan Antiviral Injection,0.00029795392021643354,0.0,0.00029795392021643354
Fazze,0.00029795392021643354,0.0,0.00029795392021643354
COVID-19 vaccine distribution by country and territory,0.00029795392021643354,0.0,0.00029795392021643354
Potamophylax coronavirus,0.00029795392021643354,0.0,0.00029795392021643354
Lancet letter (COVID-19),0.00029795392021643354,0.0,0.00029795392021643354
Kinsa,0.00029795392021643354,0.0006016681864670273,-0.0003037142662505938
Pox party,0.00029795392021643354,0.0006016681864670273,-0.0003037142662505938
Post-acute sequelae of COVID-19,0.00029795392021643354,0.0,0.00029795392021643354
Jaime Maussan,0.00029795392021643354,0.0006016681864670273,-0.0003037142662505938
Aloxistatin,0.00029795392021643354,0.0006016681864670273,-0.0003037142662505938
Vilobelimab,0.00029795392021643354,0.0,0.00029795392021643354
Andrea Crisanti (scientist),0.00029795392021643354,0.0006016681864670273,-0.0003037142662505938
Jun12682,0.00029795392021643354,0.0,0.00029795392021643354
Juanita Broaddrick,0.00029795392021643354,0.0006016681864670273,-0.0003037142662505938
John Todd (British biologist),0.00029795392021643354,0.0006016681864670273,-0.0003037142662505938
John Maughan,0.00029795392021643354,0.0006016681864670273,-0.0003037142662505938
Franck Riester,0.00029795392021643354,0.0006585208009629147,-0.00036056688074648116
Bulgarian National Unification,0.00029795392021643354,0.0,0.00029795392021643354
The Vine and the Fish,0.00029795392021643354,0.0,0.00029795392021643354
Taiwan and the World Health Organization,0.00029795392021643354,0.0,0.00029795392021643354
Hannah E. Davis,0.00029795392021643354,0.0,0.00029795392021643354
Happy Science,0.00029795392021643354,0.0006016681864670273,-0.0003037142662505938
Agatha Jassem,0.00029795392021643354,0.0,0.00029795392021643354
Visible (mobile app),0.00029795392021643354,0.0,0.00029795392021643354
Vlad Voiculescu,0.00029795392021643354,0.0006016681864670273,-0.0003037142662505938
Solve ME/CFS Initiative,0.00029795392021643354,0.0006016681864670273,-0.0003037142662505938
Regdanvimab,0.00029795392021643354,0.0,0.00029795392021643354
Rehabilitation after COVID-19,0.00029795392021643354,0.0,0.00029795392021643354
Relationship between blood group and COVID-19,0.00029795392021643354,0.0,0.00029795392021643354
Putham Pudhu Kaalai Vidiyaadhaa,0.00029795392021643354,0.0,0.00029795392021643354
Protein S,0.00029795392021643354,0.0006016681864670273,-0.0003037142662505938
"Jibla, Yemen",0.00029795392021643354,0.0006016681864670273,-0.0003037142662505938
Freedom List (Denmark),0.00029795392021643354,0.0,0.00029795392021643354
Graça Freitas,0.00029795392021643354,0.0006016681864670273,-0.0003037142662505938
George's Day Movement,0.00029795392021643354,0.0006016681864670273,-0.0003037142662505938
Gerardo Fernández Noroña,0.00029795392021643354,0.0006016681864670273,-0.0003037142662505938
Virginia Moore,0.00029795392021643354,0.0,0.00029795392021643354
Sequel wedding,0.00029795392021643354,0.0,0.00029795392021643354
Sepsivac,0.00029795392021643354,0.0,0.00029795392021643354
Serena Ivaldi,0.00029795392021643354,0.0,0.00029795392021643354
Sarah Gilbert,0.00029795392021643354,0.0006016681864670273,-0.0003037142662505938
Grounded with Louis Theroux,0.00029795392021643354,0.0,0.00029795392021643354
Sadyr Japarov,0.00029795392021643354,0.0,0.00029795392021643354
COVID-19 pandemic in Palestine,0.00029795392021643354,0.0006016681864670273,-0.0003037142662505938
Black-owned business,0.00029795392021643354,0.0006016681864670273,-0.0003037142662505938
Ren Zhiqiang,0.00029795392021643354,0.0006016681864670273,-0.0003037142662505938
Hakuhō Shō,0.00029795392021643354,0.0006016681864670273,-0.0003037142662505938
Index of articles related to COVID-19,0.00029795392021643354,0.0,0.00029795392021643354
Impact of the COVID-19 pandemic on time perception,0.00029795392021643354,0.0,0.00029795392021643354
Ibuzatrelvir,0.00029795392021643354,0.0,0.00029795392021643354
Ziauddin Ahmed Bablu,0.00029795392021643354,0.0006016681864670273,-0.0003037142662505938
AXA1125,0.00029795392021643354,0.0,0.00029795392021643354
Talfirastide,0.00029795392021643354,0.0,0.00029795392021643354
Temelimab,0.00029795392021643354,0.0,0.00029795392021643354
Hold-up (2020 film),0.00029795392021643354,0.0,0.00029795392021643354
Homeoprophylaxis,0.00029795392021643354,0.0006016681864670273,-0.0003037142662505938
WHO-convened Global Study of Origins of SARS-CoV-2,0.00029795392021643354,0.0,0.00029795392021643354
2020 in the United Kingdom,0.00029795392021643354,0.0006130387093662049,-0.00031508478914977133
Social Outburst (Chile),0.00029795392021643354,0.0006016681864670273,-0.0003037142662505938
Sipavibart,0.00029795392021643354,0.0,0.00029795392021643354
Shav Vahini Ganga,0.00029795392021643354,0.0,0.00029795392021643354
Silent Hill: The Short Message,0.00029795392021643354,0.0,0.00029795392021643354
Simnotrelvir/ritonavir,0.00029795392021643354,0.0,0.00029795392021643354
COVID-19 pandemic in Kerala,0.00029795392021643354,0.0006016681864670273,-0.0003037142662505938
Bulgarian National Alliance,0.00029795392021643354,0.0,0.00029795392021643354
Kizzmekia Corbett,0.0,0.0006311784771756956,-0.0006311784771756956
Pleurisy,0.0,0.0006423905089760711,-0.0006423905089760711
Pneumothorax,0.0,0.0006423905089760711,-0.0006423905089760711
Primary care,0.0,0.0006130387093662049,-0.0006130387093662049
Kentaro Iwata,0.0,0.0006213479376386806,-0.0006213479376386806
Catherine Calderwood,0.0,0.0006130387093662049,-0.0006130387093662049
Operation Broadshare,0.0,0.0006130387093662049,-0.0006130387093662049
Operation Rescript,0.0,0.0006130387093662049,-0.0006130387093662049
Munia coronavirus HKU13,0.0,0.0006443076473389429,-0.0006443076473389429
SARS conspiracy theory,0.0,0.0006108052137967236,-0.0006108052137967236
Rabies virus,0.0,0.0006249260742153448,-0.0006249260742153448
Forecasting,0.0,0.0006311784771756956,-0.0006311784771756956
Henipavirus,0.0,0.0006359480766554679,-0.0006359480766554679
Wang Guangfa,0.0,0.0006108052137967236,-0.0006108052137967236
Weakness,0.0,0.0006071115218974847,-0.0006071115218974847
Zhoushan,0.0,0.0006121105034152516,-0.0006121105034152516
