article,year,pagerank,in_degree,out_degree,in_degree_cent,out_degree_cent,betweenness,eigenvector
Origin of COVID-19,2024,0.004071713010669625,1,0,0.002403846153846154,0.0,0.0,0.03211594565587604
COVID-19 pandemic and animals,2024,0.004071713010669625,1,0,0.002403846153846154,0.0,0.0,0.03211594565587604
Theobald Smith,2024,0.004071713010669625,1,0,0.002403846153846154,0.0,0.0,0.03211594565587604
Paul W. Ewald,2024,0.004071713010669625,1,0,0.002403846153846154,0.0,0.0,0.03211594565587604
2021–2023 global supply chain crisis,2024,0.004071713010669625,1,0,0.002403846153846154,0.0,0.0,0.03211594565587604
Adenoviridae,2024,0.004071713010669625,1,0,0.002403846153846154,0.0,0.0,0.03211594565587604
Air filter,2024,0.0028110997839974963,1,0,0.002403846153846154,0.0,0.0,0.03211594565587604
Terminology,2024,0.0028110997839974963,1,0,0.002403846153846154,0.0,0.0,0.03211594565587604
Phrase,2024,0.0028110997839974963,1,0,0.002403846153846154,0.0,0.0,0.03211594565587604
PMC (identifier),2024,0.00274806912266389,3,0,0.007211538461538462,0.0,0.0,0.09631647373944857
COVID-19 pandemic in South Australia,2024,0.00274806912266389,3,0,0.007211538461538462,0.0,0.0,0.09631647373944857
AdCLD-CoV19,2024,0.002624368187939064,2,0,0.004807692307692308,0.0,0.0,0.22299255235671742
Gendered impact of the COVID-19 pandemic,2024,0.002617813099020973,3,10,0.007211538461538462,0.02403846153846154,0.0002693466172381835,0.1282442400262472
Impact of the COVID-19 pandemic on politics in Russia,2024,0.0026083886060757006,2,0,0.004807692307692308,0.0,0.0,0.19106478606991883
COVID-19 pandemic,2024,0.0026018335171576097,3,10,0.007211538461538462,0.02403846153846154,0.0001708758109360519,0.09631647373944857
NHS COVID-19,2024,0.002592409024212338,2,0,0.004807692307692308,0.0,0.0,0.15913701978312017
Prince of Wales Hospital,2024,0.0025909363023897958,2,0,0.004807692307692308,0.0,0.0,0.12807174227125961
COVID-19 Response Acceleration Task Force,2024,0.002574956720526433,2,0,0.004807692307692308,0.0,0.0,0.09614397598446094
Air purifier,2024,0.0025589771386630706,2,0,0.004807692307692308,0.0,0.0,0.0642162096976623
COVID-19 pandemic in the United Kingdom,2024,0.0025589771386630706,2,0,0.004807692307692308,0.0,0.0,0.0642162096976623
Timeline of the COVID-19 pandemic in April 2020,2024,0.0025589771386630706,2,0,0.004807692307692308,0.0,0.0,0.0642162096976623
Jérôme Salomon,2024,0.0025589771386630706,2,0,0.004807692307692308,0.0,0.0,0.0642162096976623
Sinopharm BIBP COVID-19 vaccine,2024,0.0025589771386630706,2,0,0.004807692307692308,0.0,0.0,0.0642162096976623
Timeline of the COVID-19 pandemic in the Philippines (2020),2024,0.0025589771386630706,2,0,0.004807692307692308,0.0,0.0,0.0642162096976623
2023 Chinese healthcare reform protests,2024,0.0025589771386630706,2,0,0.004807692307692308,0.0,0.0,0.0642162096976623
Centers for Disease Control and Prevention,2024,0.0025589771386630706,2,0,0.004807692307692308,0.0,0.0,0.0642162096976623
Impact of the COVID-19 pandemic on the fashion industry,2024,0.0025589771386630706,2,0,0.004807692307692308,0.0,0.0,0.0642162096976623
Plague City: SARS in Toronto,2024,0.0025589771386630706,2,0,0.004807692307692308,0.0,0.0,0.0642162096976623
Ageusia,2024,0.0024127415331567903,2,10,0.004807692307692308,0.02403846153846154,0.00017377201112140871,0.0642162096976623
COVID-19 vaccine,2024,0.0024127415331567903,2,10,0.004807692307692308,0.02403846153846154,0.0001679796107506951,0.0642162096976623
Variants of SARS-CoV-2,2024,0.0024127415331567903,2,10,0.004807692307692308,0.02403846153846154,0.0002201112140871177,0.0642162096976623
COVID-19 pandemic death rates by country,2024,0.0024127415331567903,2,10,0.004807692307692308,0.02403846153846154,0.0001679796107506951,0.0642162096976623
2002–2004 SARS outbreak,2024,0.0024127415331567903,2,10,0.004807692307692308,0.02403846153846154,0.00011005560704355886,0.0642162096976623
Air China Flight 112,2024,0.0024127415331567903,2,10,0.004807692307692308,0.02403846153846154,0.00011005560704355886,0.0642162096976623
COVID-19 pandemic in the Faroe Islands,2024,0.0024033170402115184,1,0,0.002403846153846154,0.0,0.0,0.12703675574133394
COVID-19 pandemic in Ethiopia,2024,0.0024033170402115184,1,0,0.002403846153846154,0.0,0.0,0.12703675574133394
COVID-19 pandemic in Benin,2024,0.0024033170402115184,1,0,0.002403846153846154,0.0,0.0,0.12703675574133394
COVID-19 pandemic in Finland,2024,0.0024033170402115184,1,0,0.002403846153846154,0.0,0.0,0.12703675574133394
Johns Hopkins University,2024,0.0024033170402115184,1,0,0.002403846153846154,0.0,0.0,0.12703675574133394
Personal protective equipment,2024,0.0024033170402115184,1,0,0.002403846153846154,0.0,0.0,0.12703675574133394
COVID-19 vaccination in Kazakhstan,2024,0.0024033170402115184,1,0,0.002403846153846154,0.0,0.0,0.12703675574133394
COVID-19 pandemic in Andhra Pradesh,2024,0.0024018443183889764,1,0,0.002403846153846154,0.0,0.0,0.09597147822947333
NHS Louisa Jordan,2024,0.0024018443183889764,1,0,0.002403846153846154,0.0,0.0,0.09597147822947333
COVID-19 vaccination in Australia,2024,0.0024018443183889764,1,0,0.002403846153846154,0.0,0.0,0.09597147822947333
SCB-2019,2024,0.0024018443183889764,1,0,0.002403846153846154,0.0,0.0,0.09597147822947333
Mahsa Amini protests,2024,0.0024018443183889764,1,0,0.002403846153846154,0.0,0.0,0.09597147822947333
Li Wenliang,2024,0.0024018443183889764,1,0,0.002403846153846154,0.0,0.0,0.09597147822947333
Virus-like particle,2024,0.0024018443183889764,1,0,0.002403846153846154,0.0,0.0,0.09597147822947333
United States racial unrest (2020–2023),2024,0.0024018443183889764,1,0,0.002403846153846154,0.0,0.0,0.09597147822947333
Impact of the COVID-19 pandemic on aviation,2024,0.0024018443183889764,1,0,0.002403846153846154,0.0,0.0,0.09597147822947333
United Arab Emirates,2024,0.002385864736525614,1,0,0.002403846153846154,0.0,0.0,0.06404371194267468
Center for Infectious Disease Research and Policy,2024,0.002385864736525614,1,0,0.002403846153846154,0.0,0.0,0.06404371194267468
COVID-19 pandemic in Liberia,2024,0.002385864736525614,1,0,0.002403846153846154,0.0,0.0,0.06404371194267468
COVID-19 pandemic in Serbia,2024,0.002385864736525614,1,0,0.002403846153846154,0.0,0.0,0.06404371194267468
Pneumococcal conjugate vaccine,2024,0.002385864736525614,1,0,0.002403846153846154,0.0,0.0,0.06404371194267468
Haiti,2024,0.002385864736525614,1,0,0.002403846153846154,0.0,0.0,0.06404371194267468
Government of China,2024,0.002385864736525614,1,0,0.002403846153846154,0.0,0.0,0.06404371194267468
COVID-19 pandemic in Alabama,2024,0.002385864736525614,1,0,0.002403846153846154,0.0,0.0,0.06404371194267468
COVID-19 pandemic in Mayotte,2024,0.002385864736525614,1,0,0.002403846153846154,0.0,0.0,0.06404371194267468
INNA-051,2024,0.002385864736525614,1,0,0.002403846153846154,0.0,0.0,0.06404371194267468
COVID-19 pandemic in Djibouti,2024,0.002385864736525614,1,0,0.002403846153846154,0.0,0.0,0.06404371194267468
Economic impact of the COVID-19 pandemic in the United Kingdom,2024,0.002385864736525614,1,0,0.002403846153846154,0.0,0.0,0.06404371194267468
COVID-19 pandemic in Papua New Guinea,2024,0.002385864736525614,1,0,0.002403846153846154,0.0,0.0,0.06404371194267468
COVID-19 pandemic in Indonesia,2024,0.002385864736525614,1,0,0.002403846153846154,0.0,0.0,0.06404371194267468
COVID-19 pandemic in Mauritius,2024,0.002385864736525614,1,0,0.002403846153846154,0.0,0.0,0.06404371194267468
COVID-19 pandemic in Kenya,2024,0.002385864736525614,1,0,0.002403846153846154,0.0,0.0,0.06404371194267468
Tony Holohan,2024,0.002385864736525614,1,0,0.002403846153846154,0.0,0.0,0.06404371194267468
National responses to the COVID-19 pandemic in Africa,2024,0.002385864736525614,1,0,0.002403846153846154,0.0,0.0,0.06404371194267468
Responses to the COVID-19 pandemic in December 2020,2024,0.002385864736525614,1,0,0.002403846153846154,0.0,0.0,0.06404371194267468
ISSN (identifier),2024,0.002385864736525614,1,0,0.002403846153846154,0.0,0.0,0.06404371194267468
COVID-19 pandemic in Southeast Asia,2024,0.002385864736525614,1,0,0.002403846153846154,0.0,0.0,0.06404371194267468
SARS-CoV-2 Delta variant,2024,0.002385864736525614,1,0,0.002403846153846154,0.0,0.0,0.06404371194267468
Timeline of the COVID-19 pandemic in Northern Ireland (2020),2024,0.002385864736525614,1,0,0.002403846153846154,0.0,0.0,0.06404371194267468
Macau,2024,0.002385864736525614,1,0,0.002403846153846154,0.0,0.0,0.06404371194267468
COVID-19 pandemic in Yemen,2024,0.002385864736525614,1,0,0.002403846153846154,0.0,0.0,0.06404371194267468
Timeline of the COVID-19 pandemic in Japan,2024,0.002385864736525614,1,0,0.002403846153846154,0.0,0.0,0.06404371194267468
COVID-19 managed isolation in New Zealand,2024,0.002385864736525614,1,0,0.002403846153846154,0.0,0.0,0.06404371194267468
Barefoot doctor,2024,0.002385864736525614,1,0,0.002403846153846154,0.0,0.0,0.06404371194267468
Disease surveillance in China,2024,0.002385864736525614,1,0,0.002403846153846154,0.0,0.0,0.06404371194267468
Education in China,2024,0.002385864736525614,1,0,0.002403846153846154,0.0,0.0,0.06404371194267468
Massachusetts smallpox epidemic,2024,0.002385864736525614,1,0,0.002403846153846154,0.0,0.0,0.06404371194267468
1623 Malta plague outbreak,2024,0.002385864736525614,1,0,0.002403846153846154,0.0,0.0,0.06404371194267468
1775–1782 North American smallpox epidemic,2024,0.002385864736525614,1,0,0.002403846153846154,0.0,0.0,0.06404371194267468
Department of Health (Hong Kong),2024,0.002385864736525614,1,0,0.002403846153846154,0.0,0.0,0.06404371194267468
1770–1772 Russian plague,2024,0.002385864736525614,1,0,0.002403846153846154,0.0,0.0,0.06404371194267468
2013 Swansea measles epidemic,2024,0.002385864736525614,1,0,0.002403846153846154,0.0,0.0,0.06404371194267468
Confusion,2024,0.002385864736525614,1,0,0.002403846153846154,0.0,0.0,0.06404371194267468
Visual hallucination,2024,0.002385864736525614,1,0,0.002403846153846154,0.0,0.0,0.06404371194267468
Scoville scale,2024,0.002385864736525614,1,0,0.002403846153846154,0.0,0.0,0.06404371194267468
Amnesia,2024,0.002385864736525614,1,0,0.002403846153846154,0.0,0.0,0.06404371194267468
Hypogeusia,2024,0.002385864736525614,1,0,0.002403846153846154,0.0,0.0,0.06404371194267468
Auditory hallucination,2024,0.002385864736525614,1,0,0.002403846153846154,0.0,0.0,0.06404371194267468
Suicidal ideation,2024,0.002385864736525614,1,0,0.002403846153846154,0.0,0.0,0.06404371194267468
Cyclic guanosine monophosphate,2024,0.002385864736525614,1,0,0.002403846153846154,0.0,0.0,0.06404371194267468
Glucose,2024,0.002385864736525614,1,0,0.002403846153846154,0.0,0.0,0.06404371194267468
Disequilibrium (medicine),2024,0.002385864736525614,1,0,0.002403846153846154,0.0,0.0,0.06404371194267468
Port of Qinzhou,2024,0.002385864736525614,1,0,0.002403846153846154,0.0,0.0,0.06404371194267468
State Council of China,2024,0.002385864736525614,1,0,0.002403846153846154,0.0,0.0,0.06404371194267468
Wings of China,2024,0.002385864736525614,1,0,0.002403846153846154,0.0,0.0,0.06404371194267468
Road Traffic Safety Law of the People's Republic of China,2024,0.002385864736525614,1,0,0.002403846153846154,0.0,0.0,0.06404371194267468
Port of Rizhao,2024,0.002385864736525614,1,0,0.002403846153846154,0.0,0.0,0.06404371194267468
Shandong Airlines,2024,0.002385864736525614,1,0,0.002403846153846154,0.0,0.0,0.06404371194267468
Cathay Pacific,2024,0.002385864736525614,1,0,0.002403846153846154,0.0,0.0,0.06404371194267468
Urban rail transit in China,2024,0.002385864736525614,1,0,0.002403846153846154,0.0,0.0,0.06404371194267468
Hong Kong International Airport,2024,0.002385864736525614,1,0,0.002403846153846154,0.0,0.0,0.06404371194267468
COVID-19,2024,0.002369885154662251,1,47,0.002403846153846154,0.11298076923076923,0.0021837349397590355,0.03211594565587604
Porcine epidemic diarrhea virus,2024,0.002369885154662251,1,0,0.002403846153846154,0.0,0.0,0.03211594565587604
Bird,2024,0.002369885154662251,1,0,0.002403846153846154,0.0,0.0,0.03211594565587604
Orthornavirae,2024,0.002369885154662251,1,0,0.002403846153846154,0.0,0.0,0.03211594565587604
June Almeida,2024,0.002369885154662251,1,0,0.002403846153846154,0.0,0.0,0.03211594565587604
Pathogen,2024,0.002369885154662251,1,0,0.002403846153846154,0.0,0.0,0.03211594565587604
Mice,2024,0.002369885154662251,1,0,0.002403846153846154,0.0,0.0,0.03211594565587604
Common cold,2024,0.002369885154662251,1,0,0.002403846153846154,0.0,0.0,0.03211594565587604
Mammal,2024,0.002369885154662251,1,0,0.002403846153846154,0.0,0.0,0.03211594565587604
Genitourinary system,2024,0.002369885154662251,1,0,0.002403846153846154,0.0,0.0,0.03211594565587604
COVID-19 pandemic in Austria,2024,0.002369885154662251,1,0,0.002403846153846154,0.0,0.0,0.03211594565587604
COVID-19 pandemic in the Northwest Territories,2024,0.002369885154662251,1,0,0.002403846153846154,0.0,0.0,0.03211594565587604
Impact of the COVID-19 pandemic on tourism,2024,0.002369885154662251,1,0,0.002403846153846154,0.0,0.0,0.03211594565587604
Casirivimab/imdevimab,2024,0.002369885154662251,1,0,0.002403846153846154,0.0,0.0,0.03211594565587604
COVID-19 pandemic in Libya,2024,0.002369885154662251,1,0,0.002403846153846154,0.0,0.0,0.03211594565587604
COVID-19 pandemic in British Columbia,2024,0.002369885154662251,1,0,0.002403846153846154,0.0,0.0,0.03211594565587604
SARS-CoV-2 Zeta variant,2024,0.002369885154662251,1,0,0.002403846153846154,0.0,0.0,0.03211594565587604
COVID-19 pandemic in England,2024,0.002369885154662251,1,0,0.002403846153846154,0.0,0.0,0.03211594565587604
Provincial government response to the COVID-19 pandemic in Ontario,2024,0.002369885154662251,1,0,0.002403846153846154,0.0,0.0,0.03211594565587604
Indian government response to the COVID-19 pandemic,2024,0.002369885154662251,1,0,0.002403846153846154,0.0,0.0,0.03211594565587604
Tixagevimab/cilgavimab,2024,0.002369885154662251,1,0,0.002403846153846154,0.0,0.0,0.03211594565587604
COVID-19 pandemic in Malawi,2024,0.002369885154662251,1,0,0.002403846153846154,0.0,0.0,0.03211594565587604
COVID-19 pandemic in Turkey,2024,0.002369885154662251,1,0,0.002403846153846154,0.0,0.0,0.03211594565587604
COVID-19 vaccination in Bosnia and Herzegovina,2024,0.002369885154662251,1,0,0.002403846153846154,0.0,0.0,0.03211594565587604
NZ Pass Verifier,2024,0.002369885154662251,1,0,0.002403846153846154,0.0,0.0,0.03211594565587604
Timeline of the COVID-19 pandemic in Belarus (2021),2024,0.002369885154662251,1,0,0.002403846153846154,0.0,0.0,0.03211594565587604
COVID-19 pandemic in Ukraine,2024,0.002369885154662251,1,0,0.002403846153846154,0.0,0.0,0.03211594565587604
COVID-19 pandemic in Eswatini,2024,0.002369885154662251,1,0,0.002403846153846154,0.0,0.0,0.03211594565587604
COVID-19 pandemic in Grenada,2024,0.002369885154662251,1,0,0.002403846153846154,0.0,0.0,0.03211594565587604
COVID-19 pandemic in Nigeria,2024,0.002369885154662251,1,0,0.002403846153846154,0.0,0.0,0.03211594565587604
COVID-19 pandemic in Georgia (U.S. state),2024,0.002369885154662251,1,0,0.002403846153846154,0.0,0.0,0.03211594565587604
Responses to the COVID-19 pandemic in August 2022,2024,0.002369885154662251,1,0,0.002403846153846154,0.0,0.0,0.03211594565587604
COVID-19 pandemic in Uttarakhand,2024,0.002369885154662251,1,0,0.002403846153846154,0.0,0.0,0.03211594565587604
COVID-19 pandemic in Colorado,2024,0.002369885154662251,1,0,0.002403846153846154,0.0,0.0,0.03211594565587604
COVID-19 pandemic on Charles de Gaulle,2024,0.002369885154662251,1,0,0.002403846153846154,0.0,0.0,0.03211594565587604
COVID-19 pandemic in New Zealand,2024,0.002369885154662251,1,0,0.002403846153846154,0.0,0.0,0.03211594565587604
Li Keqiang,2024,0.002369885154662251,1,0,0.002403846153846154,0.0,0.0,0.03211594565587604
ARCT-154,2024,0.002369885154662251,1,0,0.002403846153846154,0.0,0.0,0.03211594565587604
COVID-19 vaccination in Singapore,2024,0.002369885154662251,1,0,0.002403846153846154,0.0,0.0,0.03211594565587604
COVID-19 pandemic in Åland,2024,0.002369885154662251,1,0,0.002403846153846154,0.0,0.0,0.03211594565587604
Chen Shih-chung,2024,0.002369885154662251,1,0,0.002403846153846154,0.0,0.0,0.03211594565587604
2020 Tablighi Jamaat COVID-19 hotspot in Malaysia,2024,0.002369885154662251,1,0,0.002403846153846154,0.0,0.0,0.03211594565587604
Huoshenshan Hospital,2024,0.002369885154662251,1,0,0.002403846153846154,0.0,0.0,0.03211594565587604
Hospital ships designated for the COVID-19 pandemic,2024,0.002369885154662251,1,0,0.002403846153846154,0.0,0.0,0.03211594565587604
ReCOV,2024,0.002369885154662251,1,0,0.002403846153846154,0.0,0.0,0.03211594565587604
COVID-19 pandemic in Kyrgyzstan,2024,0.002369885154662251,1,0,0.002403846153846154,0.0,0.0,0.03211594565587604
National Expert Group on Vaccine Administration for COVID-19,2024,0.002369885154662251,1,0,0.002403846153846154,0.0,0.0,0.03211594565587604
2021 Cuban protests,2024,0.002369885154662251,1,0,0.002403846153846154,0.0,0.0,0.03211594565587604
CRISPR,2024,0.002369885154662251,1,0,0.002403846153846154,0.0,0.0,0.03211594565587604
Ebola virus disease,2024,0.002369885154662251,1,0,0.002403846153846154,0.0,0.0,0.03211594565587604
The Precipice: Existential Risk and the Future of Humanity,2024,0.002369885154662251,1,0,0.002403846153846154,0.0,0.0,0.03211594565587604
Biosafety level,2024,0.002369885154662251,1,0,0.002403846153846154,0.0,0.0,0.03211594565587604
Commerce,2024,0.002369885154662251,1,0,0.002403846153846154,0.0,0.0,0.03211594565587604
MERS-CoV,2024,0.002369885154662251,1,0,0.002403846153846154,0.0,0.0,0.03211594565587604
Poultry farming,2024,0.002369885154662251,1,0,0.002403846153846154,0.0,0.0,0.03211594565587604
SARS-CoV-2 Omicron variant,2024,0.002369885154662251,1,0,0.002403846153846154,0.0,0.0,0.03211594565587604
Coronavirus,2024,0.002369885154662251,1,0,0.002403846153846154,0.0,0.0,0.03211594565587604
Behavior,2024,0.002369885154662251,1,0,0.002403846153846154,0.0,0.0,0.03211594565587604
COVID-19 pandemic in Europe,2024,0.002369885154662251,1,0,0.002403846153846154,0.0,0.0,0.03211594565587604
Vaccine diplomacy,2024,0.002369885154662251,1,0,0.002403846153846154,0.0,0.0,0.03211594565587604
Washing machine,2024,0.002369885154662251,1,0,0.002403846153846154,0.0,0.0,0.03211594565587604
COVID-19 vaccination in Albania,2024,0.002369885154662251,1,0,0.002403846153846154,0.0,0.0,0.03211594565587604
Timeline of the COVID-19 pandemic in Texas,2024,0.002369885154662251,1,0,0.002403846153846154,0.0,0.0,0.03211594565587604
Hydrophobic,2024,0.002369885154662251,1,0,0.002403846153846154,0.0,0.0,0.03211594565587604
COVID-19 pandemic in Manipur,2024,0.002369885154662251,1,0,0.002403846153846154,0.0,0.0,0.03211594565587604
New York state government response to the COVID-19 pandemic,2024,0.002369885154662251,1,0,0.002403846153846154,0.0,0.0,0.03211594565587604
Impact of the COVID-19 pandemic,2024,0.002369885154662251,1,0,0.002403846153846154,0.0,0.0,0.03211594565587604
Chief medical officer,2024,0.002369885154662251,1,0,0.002403846153846154,0.0,0.0,0.03211594565587604
Contagious disease,2024,0.002369885154662251,1,0,0.002403846153846154,0.0,0.0,0.03211594565587604
Rospotrebnadzor,2024,0.002369885154662251,1,0,0.002403846153846154,0.0,0.0,0.03211594565587604
Transmission-based precautions,2024,0.002369885154662251,1,0,0.002403846153846154,0.0,0.0,0.03211594565587604
Public health intervention,2024,0.002369885154662251,1,0,0.002403846153846154,0.0,0.0,0.03211594565587604
Chlorhexidine gluconate,2024,0.002369885154662251,1,0,0.002403846153846154,0.0,0.0,0.03211594565587604
Statistical hypothesis testing,2024,0.002369885154662251,1,0,0.002403846153846154,0.0,0.0,0.03211594565587604
Surfactant,2024,0.002369885154662251,1,0,0.002403846153846154,0.0,0.0,0.03211594565587604
List of epidemics and pandemics,2024,0.002369885154662251,1,0,0.002403846153846154,0.0,0.0,0.03211594565587604
Multidrug-resistant bacteria,2024,0.002369885154662251,1,0,0.002403846153846154,0.0,0.0,0.03211594565587604
COVID-19 pandemic in Equatorial Guinea,2024,0.002369885154662251,1,0,0.002403846153846154,0.0,0.0,0.03211594565587604
Travel during the COVID-19 pandemic,2024,0.002369885154662251,1,0,0.002403846153846154,0.0,0.0,0.03211594565587604
Malaria,2024,0.002369885154662251,1,0,0.002403846153846154,0.0,0.0,0.03211594565587604
Bio-secure bubble,2024,0.002369885154662251,1,0,0.002403846153846154,0.0,0.0,0.03211594565587604
Attenuated vaccine,2024,0.002369885154662251,1,0,0.002403846153846154,0.0,0.0,0.03211594565587604
COVID-19 vaccination in Norway,2024,0.002369885154662251,1,0,0.002403846153846154,0.0,0.0,0.03211594565587604
COVID-19 pandemic in New Hampshire,2024,0.002369885154662251,1,0,0.002403846153846154,0.0,0.0,0.03211594565587604
COVID-19 pandemic in the British Overseas Territories,2024,0.002369885154662251,1,0,0.002403846153846154,0.0,0.0,0.03211594565587604
COVID-19 vaccination in Zimbabwe,2024,0.002369885154662251,1,0,0.002403846153846154,0.0,0.0,0.03211594565587604
Impact of the COVID-19 pandemic on ICU capacity,2024,0.002369885154662251,1,0,0.002403846153846154,0.0,0.0,0.03211594565587604
COVID-19 vaccination in South Africa,2024,0.002369885154662251,1,0,0.002403846153846154,0.0,0.0,0.03211594565587604
Hospital El Salvador,2024,0.002369885154662251,1,0,0.002403846153846154,0.0,0.0,0.03211594565587604
Evacuations by the Philippines related to the COVID-19 pandemic,2024,0.002369885154662251,1,0,0.002403846153846154,0.0,0.0,0.03211594565587604
COVID-19 vaccine misinformation and hesitancy,2024,0.002369885154662251,1,0,0.002403846153846154,0.0,0.0,0.03211594565587604
Timeline of the COVID-19 pandemic in Italy,2024,0.002369885154662251,1,0,0.002403846153846154,0.0,0.0,0.03211594565587604
Timeline of the COVID-19 pandemic in the Republic of Ireland (2022),2024,0.002369885154662251,1,0,0.002403846153846154,0.0,0.0,0.03211594565587604
European Centre for Disease Prevention and Control,2024,0.002369885154662251,1,0,0.002403846153846154,0.0,0.0,0.03211594565587604
Drexel University,2024,0.002369885154662251,1,0,0.002403846153846154,0.0,0.0,0.03211594565587604
PolitiFact,2024,0.002369885154662251,1,0,0.002403846153846154,0.0,0.0,0.03211594565587604
Politico,2024,0.002369885154662251,1,0,0.002403846153846154,0.0,0.0,0.03211594565587604
Fairleigh Dickinson University,2024,0.002369885154662251,1,0,0.002403846153846154,0.0,0.0,0.03211594565587604
Leucine,2024,0.002369885154662251,1,0,0.002403846153846154,0.0,0.0,0.03211594565587604
Business Insider,2024,0.002369885154662251,1,0,0.002403846153846154,0.0,0.0,0.03211594565587604
BQ.1.1,2024,0.002369885154662251,1,0,0.002403846153846154,0.0,0.0,0.03211594565587604
SARS-CoV,2024,0.002369885154662251,1,0,0.002403846153846154,0.0,0.0,0.03211594565587604
COVID-19 pandemic in Ivory Coast,2024,0.002369885154662251,1,0,0.002403846153846154,0.0,0.0,0.03211594565587604
Corona Rintawan,2024,0.002369885154662251,1,0,0.002403846153846154,0.0,0.0,0.03211594565587604
Shortages related to the COVID-19 pandemic,2024,0.002369885154662251,1,0,0.002403846153846154,0.0,0.0,0.03211594565587604
Bangavax,2024,0.002369885154662251,1,0,0.002403846153846154,0.0,0.0,0.03211594565587604
ScienceUpFirst,2024,0.002369885154662251,1,0,0.002403846153846154,0.0,0.0,0.03211594565587604
COVID-19 vaccination in Eswatini,2024,0.002369885154662251,1,0,0.002403846153846154,0.0,0.0,0.03211594565587604
NZ COVID Tracer,2024,0.002369885154662251,1,0,0.002403846153846154,0.0,0.0,0.03211594565587604
COVID-19 lockdown in China,2024,0.002369885154662251,1,0,0.002403846153846154,0.0,0.0,0.03211594565587604
Catherine Calderwood,2024,0.002369885154662251,1,0,0.002403846153846154,0.0,0.0,0.03211594565587604
Humidity,2024,0.002369885154662251,1,0,0.002403846153846154,0.0,0.0,0.03211594565587604
Embolic and thrombotic events after COVID-19 vaccination,2024,0.002369885154662251,1,0,0.002403846153846154,0.0,0.0,0.03211594565587604
Mosquito-borne disease,2024,0.002369885154662251,1,0,0.002403846153846154,0.0,0.0,0.03211594565587604
Natural reservoir,2024,0.002369885154662251,1,0,0.002403846153846154,0.0,0.0,0.03211594565587604
Skycovione,2024,0.002369885154662251,1,0,0.002403846153846154,0.0,0.0,0.03211594565587604
COVID-19 pandemic in Cyprus,2024,0.002369885154662251,1,0,0.002403846153846154,0.0,0.0,0.03211594565587604
COVID-19 pandemic in Russia,2024,0.002369885154662251,1,0,0.002403846153846154,0.0,0.0,0.03211594565587604
Vaxart COVID-19 vaccine,2024,0.002369885154662251,1,0,0.002403846153846154,0.0,0.0,0.03211594565587604
COVID-19 pandemic in Washington (state),2024,0.002369885154662251,1,0,0.002403846153846154,0.0,0.0,0.03211594565587604
Impact of the COVID-19 pandemic on human rights in Argentina,2024,0.002369885154662251,1,0,0.002403846153846154,0.0,0.0,0.03211594565587604
COVID-19 pandemic in Guinea,2024,0.002369885154662251,1,0,0.002403846153846154,0.0,0.0,0.03211594565587604
COVID-19 vaccination in Nepal,2024,0.002369885154662251,1,0,0.002403846153846154,0.0,0.0,0.03211594565587604
COVID-19 pandemic in the Autonomous Region of Bougainville,2024,0.002369885154662251,1,0,0.002403846153846154,0.0,0.0,0.03211594565587604
National Public Health Emergency Team (2020),2024,0.002369885154662251,1,0,0.002403846153846154,0.0,0.0,0.03211594565587604
COVID-19 pandemic in Gagauzia,2024,0.002369885154662251,1,0,0.002403846153846154,0.0,0.0,0.03211594565587604
Global spread of H5N1 in 2007,2024,0.002369885154662251,1,0,0.002403846153846154,0.0,0.0,0.03211594565587604
Impact of the COVID-19 pandemic on foster care in the United States,2024,0.002369885154662251,1,0,0.002403846153846154,0.0,0.0,0.03211594565587604
COVID-19 pandemic in Maryland,2024,0.002369885154662251,1,0,0.002403846153846154,0.0,0.0,0.03211594565587604
Decentralized Privacy-Preserving Proximity Tracing,2024,0.002369885154662251,1,0,0.002403846153846154,0.0,0.0,0.03211594565587604
COVID-19 pandemic in South America,2024,0.002369885154662251,1,0,0.002403846153846154,0.0,0.0,0.03211594565587604
COVID-19 pandemic in Tunisia,2024,0.002369885154662251,1,0,0.002403846153846154,0.0,0.0,0.03211594565587604
COVID-19 pandemic on Diamond Princess,2024,0.002369885154662251,1,0,0.002403846153846154,0.0,0.0,0.03211594565587604
Social impact of the COVID-19 pandemic in the United States,2024,0.002369885154662251,1,0,0.002403846153846154,0.0,0.0,0.03211594565587604
COVID-19 pandemic in Tibet,2024,0.002369885154662251,1,0,0.002403846153846154,0.0,0.0,0.03211594565587604
Chris Whitty,2024,0.002369885154662251,1,0,0.002403846153846154,0.0,0.0,0.03211594565587604
Public Health England,2024,0.002369885154662251,1,0,0.002403846153846154,0.0,0.0,0.03211594565587604
Timeline of the COVID-19 pandemic in the United States (2020),2024,0.002369885154662251,1,0,0.002403846153846154,0.0,0.0,0.03211594565587604
Baricitinib,2024,0.002369885154662251,1,0,0.002403846153846154,0.0,0.0,0.03211594565587604
COVID-19 pandemic in Uruguay,2024,0.002369885154662251,1,0,0.002403846153846154,0.0,0.0,0.03211594565587604
École Polytechnique Fédérale de Lausanne,2024,0.002369885154662251,1,0,0.002403846153846154,0.0,0.0,0.03211594565587604
Decentralized computing,2024,0.002369885154662251,1,0,0.002403846153846154,0.0,0.0,0.03211594565587604
MIT Media Lab,2024,0.002369885154662251,1,0,0.002403846153846154,0.0,0.0,0.03211594565587604
KU Leuven,2024,0.002369885154662251,1,0,0.002403846153846154,0.0,0.0,0.03211594565587604
Recode,2024,0.002369885154662251,1,0,0.002403846153846154,0.0,0.0,0.03211594565587604
Ministry of the Interior and Safety (South Korea),2024,0.002369885154662251,1,0,0.002403846153846154,0.0,0.0,0.03211594565587604
Mongolia,2024,0.002369885154662251,1,0,0.002403846153846154,0.0,0.0,0.03211594565587604
Openmined,2024,0.002369885154662251,1,0,0.002403846153846154,0.0,0.0,0.03211594565587604
Hong Kong,2024,0.002369885154662251,1,0,0.002403846153846154,0.0,0.0,0.03211594565587604
COVID-19 pandemic in Tamil Nadu,2024,0.002369885154662251,1,0,0.002403846153846154,0.0,0.0,0.03211594565587604
COVID-19 pandemic in Assam,2024,0.002369885154662251,1,0,0.002403846153846154,0.0,0.0,0.03211594565587604
Florida,2024,0.002369885154662251,1,0,0.002403846153846154,0.0,0.0,0.03211594565587604
Missouri,2024,0.002369885154662251,1,0,0.002403846153846154,0.0,0.0,0.03211594565587604
MedRxiv (identifier),2024,0.002369885154662251,1,0,0.002403846153846154,0.0,0.0,0.03211594565587604
San Francisco,2024,0.002369885154662251,1,0,0.002403846153846154,0.0,0.0,0.03211594565587604
Timeline of the COVID-19 pandemic in February 2020,2024,0.002369885154662251,1,0,0.002403846153846154,0.0,0.0,0.03211594565587604
List of airlines impacted by the COVID-19 pandemic,2024,0.002369885154662251,1,0,0.002403846153846154,0.0,0.0,0.03211594565587604
COVID-19 pandemic in Northern Mindanao,2024,0.002369885154662251,1,0,0.002403846153846154,0.0,0.0,0.03211594565587604
COVID-19 pandemic in the Philippines,2024,0.002369885154662251,1,0,0.002403846153846154,0.0,0.0,0.03211594565587604
Yuen Kwok-yung,2024,0.002369885154662251,1,0,0.002403846153846154,0.0,0.0,0.03211594565587604
2021 Colombian protests,2024,0.002369885154662251,1,0,0.002403846153846154,0.0,0.0,0.03211594565587604
COVID-19 pandemic in the Bicol Region,2024,0.002369885154662251,1,0,0.002403846153846154,0.0,0.0,0.03211594565587604
Open the States,2024,0.002369885154662251,1,0,0.002403846153846154,0.0,0.0,0.03211594565587604
COVID-19 pandemic in Bonaire,2024,0.002369885154662251,1,0,0.002403846153846154,0.0,0.0,0.03211594565587604
COVID-19 pandemic in Bermuda,2024,0.002369885154662251,1,0,0.002403846153846154,0.0,0.0,0.03211594565587604
Impact of the COVID-19 pandemic on the food industry,2024,0.002369885154662251,1,0,0.002403846153846154,0.0,0.0,0.03211594565587604
2021 Mongolian protests,2024,0.002369885154662251,1,0,0.002403846153846154,0.0,0.0,0.03211594565587604
COVID-19 cases at the 2022 Winter Olympics and 2022 Winter Paralympics,2024,0.002369885154662251,1,0,0.002403846153846154,0.0,0.0,0.03211594565587604
NHS Nightingale Hospital Birmingham,2024,0.002369885154662251,1,0,0.002403846153846154,0.0,0.0,0.03211594565587604
COVID-19 pandemic in Yukon,2024,0.002369885154662251,1,0,0.002403846153846154,0.0,0.0,0.03211594565587604
COVID-19 pandemic in the Turks and Caicos Islands,2024,0.002369885154662251,1,0,0.002403846153846154,0.0,0.0,0.03211594565587604
Impact of the COVID-19 pandemic on the restaurant industry in the United States,2024,0.002369885154662251,1,0,0.002403846153846154,0.0,0.0,0.03211594565587604
Polymerase chain reaction,2024,0.002369885154662251,1,0,0.002403846153846154,0.0,0.0,0.03211594565587604
List of films impacted by the COVID-19 pandemic,2024,0.002369885154662251,1,0,0.002403846153846154,0.0,0.0,0.03211594565587604
Anti-gender movement,2024,0.002369885154662251,1,0,0.002403846153846154,0.0,0.0,0.03211594565587604
O2 (UK),2024,0.002369885154662251,1,0,0.002403846153846154,0.0,0.0,0.03211594565587604
Taiwan Centers for Disease Control,2024,0.002369885154662251,1,0,0.002403846153846154,0.0,0.0,0.03211594565587604
Olivier Véran,2024,0.002369885154662251,1,0,0.002403846153846154,0.0,0.0,0.03211594565587604
Malabar large-spotted civet,2024,0.002369885154662251,1,0,0.002403846153846154,0.0,0.0,0.03211594565587604
COVID-19 pandemic in Ohio,2024,0.002369885154662251,1,0,0.002403846153846154,0.0,0.0,0.03211594565587604
Timeline of the COVID-19 pandemic in June 2020,2024,0.002369885154662251,1,0,0.002403846153846154,0.0,0.0,0.03211594565587604
Joseph Mercola,2024,0.002369885154662251,1,0,0.002403846153846154,0.0,0.0,0.03211594565587604
Sputnik Light,2024,0.002369885154662251,1,0,0.002403846153846154,0.0,0.0,0.03211594565587604
Greg Hunt,2024,0.002369885154662251,1,0,0.002403846153846154,0.0,0.0,0.03211594565587604
Razi Cov Pars,2024,0.002369885154662251,1,0,0.002403846153846154,0.0,0.0,0.03211594565587604
Subunit vaccine,2024,0.002369885154662251,1,0,0.002403846153846154,0.0,0.0,0.03211594565587604
COVID-19 pandemic in Hawaii,2024,0.002369885154662251,1,0,0.002403846153846154,0.0,0.0,0.03211594565587604
Indonesia large-scale social restrictions,2024,0.002369885154662251,1,0,0.002403846153846154,0.0,0.0,0.03211594565587604
TraceTogether,2024,0.002369885154662251,1,0,0.002403846153846154,0.0,0.0,0.03211594565587604
COVID-19 pandemic in Guam,2024,0.002369885154662251,1,0,0.002403846153846154,0.0,0.0,0.03211594565587604
COVID-19 pandemic in Burundi,2024,0.002369885154662251,1,0,0.002403846153846154,0.0,0.0,0.03211594565587604
KD-414,2024,0.002369885154662251,1,0,0.002403846153846154,0.0,0.0,0.03211594565587604
1:99 Concert,2024,0.002369885154662251,1,0,0.002403846153846154,0.0,0.0,0.03211594565587604
Glasses,2024,0.002369885154662251,1,0,0.002403846153846154,0.0,0.0,0.03211594565587604
Ernie Eves,2024,0.002369885154662251,1,0,0.002403846153846154,0.0,0.0,0.03211594565587604
PMID (identifier),2024,0.002369885154662251,1,0,0.002403846153846154,0.0,0.0,0.03211594565587604
Guangdong,2024,0.002369885154662251,1,0,0.002403846153846154,0.0,0.0,0.03211594565587604
SARS-related coronavirus,2024,0.002369885154662251,1,0,0.002403846153846154,0.0,0.0,0.03211594565587604
Health in China,2024,0.002369885154662251,1,0,0.002403846153846154,0.0,0.0,0.03211594565587604
Fomite,2024,0.002369885154662251,1,0,0.002403846153846154,0.0,0.0,0.03211594565587604
Eprosartan,2024,0.002369885154662251,1,0,0.002403846153846154,0.0,0.0,0.03211594565587604
Coagulation,2024,0.002369885154662251,1,0,0.002403846153846154,0.0,0.0,0.03211594565587604
Neuraminidase inhibitor,2024,0.002369885154662251,1,0,0.002403846153846154,0.0,0.0,0.03211594565587604
Hypovolemia,2024,0.002369885154662251,1,0,0.002403846153846154,0.0,0.0,0.03211594565587604
Irbesartan/hydrochlorothiazide,2024,0.002369885154662251,1,0,0.002403846153846154,0.0,0.0,0.03211594565587604
Enalkiren,2024,0.002369885154662251,1,0,0.002403846153846154,0.0,0.0,0.03211594565587604
Anti-obesity medication,2024,0.002369885154662251,1,0,0.002403846153846154,0.0,0.0,0.03211594565587604
Glomerular filtration rate,2024,0.002369885154662251,1,0,0.002403846153846154,0.0,0.0,0.03211594565587604
Platelet,2024,0.002369885154662251,1,0,0.002403846153846154,0.0,0.0,0.03211594565587604
Pomisartan,2024,0.002369885154662251,1,0,0.002403846153846154,0.0,0.0,0.03211594565587604
List of medical professionals who died during the SARS outbreak,2024,0.002369885154662251,1,0,0.002403846153846154,0.0,0.0,0.03211594565587604
The Lancet,2024,0.002369885154662251,1,0,0.002403846153846154,0.0,0.0,0.03211594565587604
Virology,2024,0.002369885154662251,1,0,0.002403846153846154,0.0,0.0,0.03211594565587604
Erasmus MC,2024,0.002369885154662251,1,0,0.002403846153846154,0.0,0.0,0.03211594565587604
Avian influenza,2024,0.002369885154662251,1,0,0.002403846153846154,0.0,0.0,0.03211594565587604
Enteritis,2024,0.002369885154662251,1,0,0.002403846153846154,0.0,0.0,0.03211594565587604
Chronic (medicine),2024,0.002369885154662251,1,0,0.002403846153846154,0.0,0.0,0.03211594565587604
Acute leukaemia,2024,0.002369885154662251,1,0,0.002403846153846154,0.0,0.0,0.03211594565587604
Subacute endocarditis,2024,0.002369885154662251,1,0,0.002403846153846154,0.0,0.0,0.03211594565587604
Subdural hematoma,2024,0.002369885154662251,1,0,0.002403846153846154,0.0,0.0,0.03211594565587604
Relapse,2024,0.002369885154662251,1,0,0.002403846153846154,0.0,0.0,0.03211594565587604
Severe acute respiratory syndrome,2024,0.002369885154662251,1,0,0.002403846153846154,0.0,0.0,0.03211594565587604
Acute care,2024,0.002369885154662251,1,0,0.002403846153846154,0.0,0.0,0.03211594565587604
Quantification (science),2024,0.002369885154662251,1,0,0.002403846153846154,0.0,0.0,0.03211594565587604
McGraw-Hill,2024,0.002369885154662251,1,0,0.002403846153846154,0.0,0.0,0.03211594565587604
Contrast-induced nephropathy,2024,0.002369885154662251,1,0,0.002403846153846154,0.0,0.0,0.03211594565587604
Hdl (identifier),2024,0.002369885154662251,1,0,0.002403846153846154,0.0,0.0,0.03211594565587604
Pulmonary edema,2024,0.002369885154662251,1,0,0.002403846153846154,0.0,0.0,0.03211594565587604
Respiratory failure,2024,0.002369885154662251,1,0,0.002403846153846154,0.0,0.0,0.03211594565587604
Anticholinergic,2024,0.002369885154662251,1,0,0.002403846153846154,0.0,0.0,0.03211594565587604
Kidney transplant,2024,0.002369885154662251,1,0,0.002403846153846154,0.0,0.0,0.03211594565587604
Hypotension,2024,0.002369885154662251,1,0,0.002403846153846154,0.0,0.0,0.03211594565587604
Serum creatinine,2024,0.002369885154662251,1,0,0.002403846153846154,0.0,0.0,0.03211594565587604
Urology,2024,0.002369885154662251,1,0,0.002403846153846154,0.0,0.0,0.03211594565587604
Bronchiolitis obliterans organizing pneumonia,2024,0.002369885154662251,1,0,0.002403846153846154,0.0,0.0,0.03211594565587604
Hamman–Rich syndrome,2024,0.002369885154662251,1,0,0.002403846153846154,0.0,0.0,0.03211594565587604
Pulmonology,2024,0.002369885154662251,1,0,0.002403846153846154,0.0,0.0,0.03211594565587604
Neonatal intensive care unit,2024,0.002369885154662251,1,0,0.002403846153846154,0.0,0.0,0.03211594565587604
Gas exchange,2024,0.002369885154662251,1,0,0.002403846153846154,0.0,0.0,0.03211594565587604
Fungal pneumonia,2024,0.002369885154662251,1,0,0.002403846153846154,0.0,0.0,0.03211594565587604
Respiratory therapy,2024,0.002369885154662251,1,0,0.002403846153846154,0.0,0.0,0.03211594565587604
Klebsiella pneumoniae,2024,0.002369885154662251,1,0,0.002403846153846154,0.0,0.0,0.03211594565587604
Surviving Sepsis Campaign,2024,0.002369885154662251,1,0,0.002403846153846154,0.0,0.0,0.03211594565587604
Viral pneumonia,2024,0.002369885154662251,1,0,0.002403846153846154,0.0,0.0,0.03211594565587604
Pituitary gland,2024,0.002369885154662251,1,0,0.002403846153846154,0.0,0.0,0.03211594565587604
Asthma,2024,0.002369885154662251,1,0,0.002403846153846154,0.0,0.0,0.03211594565587604
White pulp,2024,0.002369885154662251,1,0,0.002403846153846154,0.0,0.0,0.03211594565587604
Respiratory tract,2024,0.002369885154662251,1,0,0.002403846153846154,0.0,0.0,0.03211594565587604
Viviparity,2024,0.002369885154662251,1,0,0.002403846153846154,0.0,0.0,0.03211594565587604
Larynx,2024,0.002369885154662251,1,0,0.002403846153846154,0.0,0.0,0.03211594565587604
Invertebrate,2024,0.002369885154662251,1,0,0.002403846153846154,0.0,0.0,0.03211594565587604
Pharynx,2024,0.002369885154662251,1,0,0.002403846153846154,0.0,0.0,0.03211594565587604
Epithelium,2024,0.002369885154662251,1,0,0.002403846153846154,0.0,0.0,0.03211594565587604
MicroRNA,2024,0.002369885154662251,1,0,0.002403846153846154,0.0,0.0,0.03211594565587604
Sulfuric acid,2024,0.002369885154662251,1,0,0.002403846153846154,0.0,0.0,0.03211594565587604
India,2024,0.002369885154662251,1,0,0.002403846153846154,0.0,0.0,0.03211594565587604
Micro-Orifice Uniform Deposit Impactor,2024,0.002369885154662251,1,0,0.002403846153846154,0.0,0.0,0.03211594565587604
Freshwater environmental quality parameters,2024,0.002369885154662251,1,0,0.002403846153846154,0.0,0.0,0.03211594565587604
Nutrient pollution,2024,0.002369885154662251,1,0,0.002403846153846154,0.0,0.0,0.03211594565587604
Greenhouse effect,2024,0.002369885154662251,1,0,0.002403846153846154,0.0,0.0,0.03211594565587604
Pit latrine,2024,0.002369885154662251,1,0,0.002403846153846154,0.0,0.0,0.03211594565587604
Biological hazard,2024,0.002369885154662251,1,0,0.002403846153846154,0.0,0.0,0.03211594565587604
Elutriator,2024,0.002369885154662251,1,0,0.002403846153846154,0.0,0.0,0.03211594565587604
Plastic pollution,2024,0.002369885154662251,1,0,0.002403846153846154,0.0,0.0,0.03211594565587604
COVID-19 vaccination in Haiti,2024,0.002369885154662251,1,0,0.002403846153846154,0.0,0.0,0.03211594565587604
COVID-19 pandemic in Lebanon,2024,0.002369885154662251,1,0,0.002403846153846154,0.0,0.0,0.03211594565587604
COVID-19 pandemic in Sarawak,2024,0.002369885154662251,1,0,0.002403846153846154,0.0,0.0,0.03211594565587604
COVID-19 pandemic in Heilongjiang,2024,0.002369885154662251,1,0,0.002403846153846154,0.0,0.0,0.03211594565587604
Timeline of the COVID-19 pandemic in October 2021,2024,0.002369885154662251,1,0,0.002403846153846154,0.0,0.0,0.03211594565587604
Responses to the COVID-19 pandemic in May 2020,2024,0.002369885154662251,1,0,0.002403846153846154,0.0,0.0,0.03211594565587604
Roberto Burioni,2024,0.002369885154662251,1,0,0.002403846153846154,0.0,0.0,0.03211594565587604
Kemayoran Athletes Village,2024,0.002369885154662251,1,0,0.002403846153846154,0.0,0.0,0.03211594565587604
Thai Chana,2024,0.002369885154662251,1,0,0.002403846153846154,0.0,0.0,0.03211594565587604
Coronavirus diseases,2024,0.002223649549155971,1,10,0.002403846153846154,0.02403846153846154,9.654000617856038e-05,0.03211594565587604
SARS-CoV-2,2024,0.002223649549155971,1,10,0.002403846153846154,0.02403846153846154,9.84708063021316e-05,0.03211594565587604
Symptoms of COVID-19,2024,0.002223649549155971,1,10,0.002403846153846154,0.02403846153846154,9.267840593141798e-05,0.03211594565587604
Long COVID,2024,0.002223649549155971,1,10,0.002403846153846154,0.02403846153846154,0.00010426320667284522,0.03211594565587604
Transmission of COVID-19,2024,0.002223649549155971,1,10,0.002403846153846154,0.02403846153846154,0.00010233240654927402,0.03211594565587604
COVID-19 testing,2024,0.002223649549155971,1,10,0.002403846153846154,0.02403846153846154,0.00010812480691998765,0.03211594565587604
Pandemic prevention,2024,0.002223649549155971,1,10,0.002403846153846154,0.02403846153846154,0.00011584800741427248,0.03211594565587604
Face masks during the COVID-19 pandemic,2024,0.002223649549155971,1,10,0.002403846153846154,0.02403846153846154,0.00011005560704355886,0.03211594565587604
Hand washing,2024,0.002223649549155971,1,10,0.002403846153846154,0.02403846153846154,0.00011584800741427248,0.03211594565587604
COVID-19 drug development,2024,0.002223649549155971,1,10,0.002403846153846154,0.02403846153846154,9.84708063021316e-05,0.03211594565587604
Treatment and management of COVID-19,2024,0.002223649549155971,1,10,0.002403846153846154,0.02403846153846154,0.00010233240654927402,0.03211594565587604
COVID-19 naming,2024,0.002223649549155971,1,10,0.002403846153846154,0.02403846153846154,0.00010426320667284522,0.03211594565587604
Workplace hazard controls for COVID-19,2024,0.002223649549155971,1,10,0.002403846153846154,0.02403846153846154,0.00010426320667284522,0.03211594565587604
Non-pharmaceutical intervention (epidemiology),2024,0.002223649549155971,1,10,0.002403846153846154,0.02403846153846154,0.00011584800741427248,0.03211594565587604
Pandemic predictions and preparations prior to the COVID-19 pandemic,2024,0.002223649549155971,1,10,0.002403846153846154,0.02403846153846154,0.00011584800741427248,0.03211594565587604
COVID-19 surveillance,2024,0.002223649549155971,1,10,0.002403846153846154,0.02403846153846154,0.00011584800741427248,0.03211594565587604
COVID-19 apps,2024,0.002223649549155971,1,10,0.002403846153846154,0.02403846153846154,0.00010812480691998765,0.03211594565587604
Social distancing measures related to the COVID-19 pandemic,2024,0.002223649549155971,1,10,0.002403846153846154,0.02403846153846154,9.84708063021316e-05,0.03211594565587604
Impact of the COVID-19 pandemic on children,2024,0.002223649549155971,1,10,0.002403846153846154,0.02403846153846154,0.00010426320667284522,0.03211594565587604
Timeline of the COVID-19 pandemic,2024,0.002223649549155971,1,10,0.002403846153846154,0.02403846153846154,9.84708063021316e-05,0.03211594565587604
Investigations into the origin of COVID-19,2024,0.002223649549155971,1,1,0.002403846153846154,0.002403846153846154,1.1584800741427247e-05,0.03211594565587604
COVID-19 misinformation,2024,0.002223649549155971,1,10,0.002403846153846154,0.02403846153846154,0.00011584800741427248,0.03211594565587604
COVID-19 drug repurposing research,2024,0.002223649549155971,1,10,0.002403846153846154,0.02403846153846154,0.00011584800741427248,0.03211594565587604
Impact of the COVID-19 pandemic on animals,2024,0.002223649549155971,1,1,0.002403846153846154,0.002403846153846154,1.1584800741427247e-05,0.03211594565587604
Law of declining virulence,2024,0.002223649549155971,1,1,0.002403846153846154,0.002403846153846154,1.1584800741427247e-05,0.03211594565587604
Theory of virulence,2024,0.002223649549155971,1,1,0.002403846153846154,0.002403846153846154,1.1584800741427247e-05,0.03211594565587604
2002–2004 SARS outbreak among healthcare workers,2024,0.002223649549155971,1,10,0.002403846153846154,0.02403846153846154,0.00010136700648748841,0.03211594565587604
2021–2022 global supply chain crisis,2024,0.002223649549155971,1,1,0.002403846153846154,0.002403846153846154,1.1584800741427247e-05,0.03211594565587604
ACE inhibitor,2024,0.002223649549155971,1,10,0.002403846153846154,0.02403846153846154,0.00011584800741427248,0.03211594565587604
Ab Osterhaus,2024,0.002223649549155971,1,10,0.002403846153846154,0.02403846153846154,3.185820203892493e-05,0.03211594565587604
Acute (medicine),2024,0.002223649549155971,1,10,0.002403846153846154,0.02403846153846154,0.00010812480691998765,0.03211594565587604
Acute kidney injury,2024,0.002223649549155971,1,10,0.002403846153846154,0.02403846153846154,0.00011584800741427248,0.03211594565587604
Acute respiratory distress syndrome,2024,0.002223649549155971,1,10,0.002403846153846154,0.02403846153846154,0.00011584800741427248,0.03211594565587604
Adaptive immune system,2024,0.002223649549155971,1,10,0.002403846153846154,0.02403846153846154,0.00011584800741427248,0.03211594565587604
Adenovirus,2024,0.002223649549155971,1,1,0.002403846153846154,0.002403846153846154,1.1584800741427247e-05,0.03211594565587604
Aerosol,2024,0.002223649549155971,1,10,0.002403846153846154,0.02403846153846154,0.00011584800741427248,0.03211594565587604
Ai Fen,2024,0.002223649549155971,1,10,0.002403846153846154,0.02403846153846154,0.00010426320667284522,0.03211594565587604
Air filtration,2024,0.002223649549155971,1,3,0.002403846153846154,0.007211538461538462,3.475440222428174e-05,0.03211594565587604
Airborne transmission,2024,0.002223649549155971,1,0,0.002403846153846154,0.0,0.0,0.03211594565587604
Digital object identifier,2025,0.002385327589561283,1,0,0.001184834123222749,0.0,0.0,0.14618509171672708
Semantic Scholar,2025,0.002385327589561283,1,0,0.001184834123222749,0.0,0.0,0.14618509171672708
ISSN,2025,0.0021451512813830424,1,0,0.001184834123222749,0.0,0.0,0.06275666523490286
PubMed,2025,0.0021451512813830424,1,0,0.001184834123222749,0.0,0.0,0.06275666523490286
World Health Organization,2025,0.002091762743732786,3,10,0.0035545023696682467,0.011848341232227489,7.117437722419929e-05,0.06282313392058428
Handle System,2025,0.002067515095816726,1,0,0.001184834123222749,0.0,0.0,0.04184970710018576
ArXiv,2025,0.001989878910250409,1,0,0.001184834123222749,0.0,0.0,0.020942748965468643
Bibcode,2025,0.001989878910250409,1,0,0.001184834123222749,0.0,0.0,0.020942748965468643
Donald G. McNeil Jr.,2025,0.001989878910250409,1,0,0.001184834123222749,0.0,0.0,0.020942748965468643
Library of Congress Control Number,2025,0.001989878910250409,1,0,0.001184834123222749,0.0,0.0,0.020942748965468643
COVID-19 pandemic in Australia,2025,0.001989878910250409,1,0,0.001184834123222749,0.0,0.0,0.020942748965468643
National Institute for Health and Care Research,2025,0.001989878910250409,1,0,0.001184834123222749,0.0,0.0,0.020942748965468643
PubMed Central,2025,0.001989878910250409,1,0,0.001184834123222749,0.0,0.0,0.020942748965468643
Social Science Research Network,2025,0.001989878910250409,1,0,0.001184834123222749,0.0,0.0,0.020942748965468643
Origin of SARS-CoV-2,2025,0.001989878910250409,1,0,0.001184834123222749,0.0,0.0,0.020942748965468643
COVID-19 pandemic and animals,2025,0.001989878910250409,1,0,0.001184834123222749,0.0,0.0,0.020942748965468643
Theobald Smith,2025,0.001989878910250409,1,0,0.001184834123222749,0.0,0.0,0.020942748965468643
Paul W. Ewald,2025,0.001989878910250409,1,0,0.001184834123222749,0.0,0.0,0.020942748965468643
2021–2023 global supply chain crisis,2025,0.001989878910250409,1,0,0.001184834123222749,0.0,0.0,0.020942748965468643
Adenoviridae,2025,0.001989878910250409,1,0,0.001184834123222749,0.0,0.0,0.020942748965468643
Doi (identifier),2025,0.0015481117568976722,6,1,0.007109004739336493,0.001184834123222749,9.508934832892357e-06,0.14655066948797485
S2CID (identifier),2025,0.0015481117568976722,6,1,0.007109004739336493,0.001184834123222749,9.508934832892357e-06,0.14655066948797485
HTML element,2025,0.0015303667390906214,1,0,0.001184834123222749,0.0,0.0,0.020942748965468643
OCLC,2025,0.0015303667390906214,1,0,0.001184834123222749,0.0,0.0,0.020942748965468643
Terminology,2025,0.0013771960153706922,1,0,0.001184834123222749,0.0,0.0,0.020942748965468643
Air filter,2025,0.0013771960153706922,1,0,0.001184834123222749,0.0,0.0,0.020942748965468643
Phrase,2025,0.0013771960153706922,1,0,0.001184834123222749,0.0,0.0,0.020942748965468643
The Washington Post,2025,0.0012808948479063604,3,10,0.0035545023696682467,0.011848341232227489,9.271211462070048e-05,0.1253446022676914
COVID-19 testing,2025,0.0012724044542017996,3,10,0.0035545023696682467,0.011848341232227489,3.922435618568097e-05,0.0837300920553014
Poynter Institute,2025,0.0012716402238038703,2,0,0.002369668246445498,0.0,0.0,0.14508835840298367
MERS,2025,0.0012709134486559414,2,0,0.002369668246445498,0.0,0.0,0.10440440979013355
Responses to the COVID-19 pandemic in November 2020,2025,0.0012701866735080124,2,0,0.002369668246445498,0.0,0.0,0.0836968577124607
COVID-19 pandemic in Mimaropa,2025,0.0012701866735080124,2,0,0.002369668246445498,0.0,0.0,0.0836968577124607
COVID-19 vaccine,2025,0.0012646408356451681,3,10,0.0035545023696682467,0.011848341232227489,6.656254383024649e-05,0.06282313392058428
ISSN (identifier),2025,0.0012646408356451681,3,1,0.0035545023696682467,0.001184834123222749,4.744958481613286e-06,0.06282313392058428
PMID (identifier),2025,0.0012646408356451681,3,1,0.0035545023696682467,0.001184834123222749,4.754467416446178e-06,0.06282313392058428
University of Oxford,2025,0.0012624230549513806,2,0,0.002369668246445498,0.0,0.0,0.06278989957774357
Beijing,2025,0.0012546594363947489,2,0,0.002369668246445498,0.0,0.0,0.04188294144302646
Princeton University,2025,0.0012546594363947489,2,0,0.002369668246445498,0.0,0.0,0.04188294144302646
Israel,2025,0.0012546594363947489,2,0,0.002369668246445498,0.0,0.0,0.04188294144302646
ISBN (identifier),2025,0.0012546594363947489,2,0,0.002369668246445498,0.0,0.0,0.04188294144302646
Gray Media,2025,0.0012546594363947489,2,0,0.002369668246445498,0.0,0.0,0.04188294144302646
Economic impact of the COVID-19 pandemic in Canada,2025,0.0012546594363947489,2,0,0.002369668246445498,0.0,0.0,0.04188294144302646
COVID-19 pandemic in Saint Pierre and Miquelon,2025,0.0012546594363947489,2,0,0.002369668246445498,0.0,0.0,0.04188294144302646
COVID-19 pandemic in the Navajo Nation,2025,0.0012546594363947489,2,0,0.002369668246445498,0.0,0.0,0.04188294144302646
COVID-19 pandemic in Tajikistan,2025,0.0012546594363947489,2,0,0.002369668246445498,0.0,0.0,0.04188294144302646
National responses to the COVID-19 pandemic,2025,0.0012546594363947489,2,0,0.002369668246445498,0.0,0.0,0.04188294144302646
SARS-CoV-2 Mu variant,2025,0.0012546594363947489,2,0,0.002369668246445498,0.0,0.0,0.04188294144302646
Impact of the COVID-19 pandemic on disc golf,2025,0.0012546594363947489,2,0,0.002369668246445498,0.0,0.0,0.04188294144302646
SARS-CoV-2 Delta variant,2025,0.0012546594363947489,2,0,0.002369668246445498,0.0,0.0,0.04188294144302646
Food security,2025,0.00124815680628574,1,0,0.001184834123222749,0.0,0.0,0.06275666523490286
List of members of the United Nations Security Council,2025,0.00124815680628574,1,0,0.001184834123222749,0.0,0.0,0.06275666523490286
UN Women,2025,0.00124815680628574,1,0,0.001184834123222749,0.0,0.0,0.06275666523490286
United Nations Security Council veto power,2025,0.00124815680628574,1,0,0.001184834123222749,0.0,0.0,0.06275666523490286
UN Tourism,2025,0.00124815680628574,1,0,0.001184834123222749,0.0,0.0,0.06275666523490286
Comitato Internazionale per lo Sviluppo dei Popoli,2025,0.00124815680628574,1,0,0.001184834123222749,0.0,0.0,0.06275666523490286
Adventist Development and Relief Agency,2025,0.00124815680628574,1,0,0.001184834123222749,0.0,0.0,0.06275666523490286
Maternal health,2025,0.00124815680628574,1,0,0.001184834123222749,0.0,0.0,0.06275666523490286
Council on Education for Public Health,2025,0.00124815680628574,1,0,0.001184834123222749,0.0,0.0,0.06275666523490286
Frank Fenner,2025,0.00124815680628574,1,0,0.001184834123222749,0.0,0.0,0.06275666523490286
BBC News Online,2025,0.0011812287951177712,2,10,0.002369668246445498,0.011848341232227489,4.754467416446178e-05,0.08349745165541643
BBC News,2025,0.0011805020199698421,2,10,0.002369668246445498,0.011848341232227489,4.270462633451957e-05,0.06278989957774357
"K Street (Washington, D.C.)",2025,0.0011797377895719128,1,0,0.001184834123222749,0.0,0.0,0.12414816592542584
Fact-checking,2025,0.0011797377895719128,1,0,0.001184834123222749,0.0,0.0,0.12414816592542584
Lobbyists,2025,0.0011797377895719128,1,0,0.001184834123222749,0.0,0.0,0.12414816592542584
Ashley Parker,2025,0.0011797377895719128,1,0,0.001184834123222749,0.0,0.0,0.12414816592542584
Carol Schwartz,2025,0.0011797377895719128,1,0,0.001184834123222749,0.0,0.0,0.12414816592542584
Nameplate (publishing),2025,0.0011797377895719128,1,0,0.001184834123222749,0.0,0.0,0.12414816592542584
The Hutchinson News,2025,0.0011797377895719128,1,0,0.001184834123222749,0.0,0.0,0.12414816592542584
David Souter,2025,0.0011797377895719128,1,0,0.001184834123222749,0.0,0.0,0.12414816592542584
Jonathan Chait,2025,0.0011797377895719128,1,0,0.001184834123222749,0.0,0.0,0.12414816592542584
Impact of the COVID-19 pandemic on the music industry,2025,0.0011790110144239837,1,0,0.001184834123222749,0.0,0.0,0.08346421731257572
Timeline of the COVID-19 pandemic in Australia (January–June 2021),2025,0.0011790110144239837,1,0,0.001184834123222749,0.0,0.0,0.08346421731257572
Nevada,2025,0.0011790110144239837,1,0,0.001184834123222749,0.0,0.0,0.08346421731257572
National responses to the COVID-19 pandemic in Africa,2025,0.0011790110144239837,1,0,0.001184834123222749,0.0,0.0,0.08346421731257572
Jaap van Dissel,2025,0.0011790110144239837,1,0,0.001184834123222749,0.0,0.0,0.08346421731257572
COVID-19 pandemic in Tasmania,2025,0.0011790110144239837,1,0,0.001184834123222749,0.0,0.0,0.08346421731257572
COVID-19 pandemic in Pakistan,2025,0.0011790110144239837,1,0,0.001184834123222749,0.0,0.0,0.08346421731257572
2020–2021 Bulgarian protests,2025,0.0011790110144239837,1,0,0.001184834123222749,0.0,0.0,0.08346421731257572
COVID-19 vaccination in Egypt,2025,0.0011782842392760548,1,0,0.001184834123222749,0.0,0.0,0.06275666523490286
John R. Mascola,2025,0.0011782842392760548,1,0,0.001184834123222749,0.0,0.0,0.06275666523490286
Luxembourg,2025,0.0011782842392760548,1,0,0.001184834123222749,0.0,0.0,0.06275666523490286
COVID-19 pandemic in the Czech Republic,2025,0.0011782842392760548,1,0,0.001184834123222749,0.0,0.0,0.06275666523490286
NmVac4-A/C/Y/W-135,2025,0.0011782842392760548,1,0,0.001184834123222749,0.0,0.0,0.06275666523490286
Swissmedic,2025,0.0011782842392760548,1,0,0.001184834123222749,0.0,0.0,0.06275666523490286
Midwest Governors Regional Pact,2025,0.0011782842392760548,1,0,0.001184834123222749,0.0,0.0,0.06275666523490286
COVID-19 pandemic in Mississippi,2025,0.0011782842392760548,1,0,0.001184834123222749,0.0,0.0,0.06275666523490286
BBC,2025,0.0011727384014132104,2,10,0.002369668246445498,0.011848341232227489,4.754467416446178e-05,0.04188294144302646
Our World in Data,2025,0.0011727384014132104,2,10,0.002369668246445498,0.011848341232227489,3.558718861209964e-05,0.04188294144302646
Hdl (identifier),2025,0.0011727384014132104,2,1,0.002369668246445498,0.001184834123222749,4.744958481613286e-06,0.04188294144302646
Johns Hopkins University,2025,0.0011727384014132104,2,10,0.002369668246445498,0.011848341232227489,7.117437722419929e-05,0.04188294144302646
Transmission of COVID-19,2025,0.0011727384014132104,2,10,0.002369668246445498,0.011848341232227489,7.117437722419929e-05,0.04188294144302646
Pandemic prevention,2025,0.0011727384014132104,2,10,0.002369668246445498,0.011848341232227489,3.7959667852906285e-05,0.04188294144302646
Air China Flight 112,2025,0.0011727384014132104,2,10,0.002369668246445498,0.011848341232227489,4.754467416446178e-05,0.04188294144302646
Mailbox Birmingham,2025,0.0011712473958673522,1,0,0.001184834123222749,0.0,0.0,0.06255725917785862
Hugh Pym,2025,0.0011712473958673522,1,0,0.001184834123222749,0.0,0.0,0.06255725917785862
The World Today (TV news programme),2025,0.0011712473958673522,1,0,0.001184834123222749,0.0,0.0,0.06255725917785862
Android (operating system),2025,0.0011712473958673522,1,0,0.001184834123222749,0.0,0.0,0.06255725917785862
Nick Ross,2025,0.0011712473958673522,1,0,0.001184834123222749,0.0,0.0,0.06255725917785862
Telecine,2025,0.0011712473958673522,1,0,0.001184834123222749,0.0,0.0,0.06255725917785862
BBC Mundo,2025,0.0011712473958673522,1,0,0.001184834123222749,0.0,0.0,0.06255725917785862
BBC North West,2025,0.0011712473958673522,1,0,0.001184834123222749,0.0,0.0,0.06255725917785862
Bob Geldof,2025,0.0011712473958673522,1,0,0.001184834123222749,0.0,0.0,0.06255725917785862
Sarah Smith (journalist),2025,0.0011712473958673522,1,0,0.001184834123222749,0.0,0.0,0.08253365571303586
BBC Trust,2025,0.0011712473958673522,1,0,0.001184834123222749,0.0,0.0,0.08253365571303586
Steve Rosenberg,2025,0.0011712473958673522,1,0,0.001184834123222749,0.0,0.0,0.08253365571303586
Caption contest,2025,0.0011712473958673522,1,0,0.001184834123222749,0.0,0.0,0.08253365571303586
Dan Roan,2025,0.0011712473958673522,1,0,0.001184834123222749,0.0,0.0,0.08253365571303586
Barbara Plett Usher,2025,0.0011712473958673522,1,0,0.001184834123222749,0.0,0.0,0.08253365571303586
IPad,2025,0.0011712473958673522,1,0,0.001184834123222749,0.0,0.0,0.08253365571303586
Breakfast with Frost,2025,0.0011712473958673522,1,0,0.001184834123222749,0.0,0.0,0.08253365571303586
BBC iPlayer,2025,0.0011712473958673522,1,0,0.001184834123222749,0.0,0.0,0.08253365571303586
BBC Newsroom Live,2025,0.0011712473958673522,1,0,0.001184834123222749,0.0,0.0,0.08253365571303586
BBC Music,2025,0.001170520620719423,1,0,0.001184834123222749,0.0,0.0,0.04184970710018576
Future plc,2025,0.001170520620719423,1,0,0.001184834123222749,0.0,0.0,0.04184970710018576
Omroep Zwart,2025,0.001170520620719423,1,0,0.001184834123222749,0.0,0.0,0.04184970710018576
BBC Choice,2025,0.001170520620719423,1,0,0.001184834123222749,0.0,0.0,0.04184970710018576
Croatian Radio,2025,0.001170520620719423,1,0,0.001184834123222749,0.0,0.0,0.04184970710018576
George Orwell,2025,0.001170520620719423,1,0,0.001184834123222749,0.0,0.0,0.04184970710018576
Television in the United Kingdom,2025,0.001170520620719423,1,0,0.001184834123222749,0.0,0.0,0.04184970710018576
Ofcom,2025,0.001170520620719423,1,0,0.001184834123222749,0.0,0.0,0.04184970710018576
Margaret Thatcher,2025,0.001170520620719423,1,0,0.001184834123222749,0.0,0.0,0.04184970710018576
Northern Ireland,2025,0.001170520620719423,1,0,0.001184834123222749,0.0,0.0,0.04184970710018576
John Hamre,2025,0.001170520620719423,1,0,0.001184834123222749,0.0,0.0,0.04184970710018576
University of Florida,2025,0.001170520620719423,1,0,0.001184834123222749,0.0,0.0,0.04184970710018576
"Nanjing, China",2025,0.001170520620719423,1,0,0.001184834123222749,0.0,0.0,0.04184970710018576
Oak Ridge Associated Universities,2025,0.001170520620719423,1,0,0.001184834123222749,0.0,0.0,0.04184970710018576
Hamilton O. Smith,2025,0.001170520620719423,1,0,0.001184834123222749,0.0,0.0,0.04184970710018576
Milton S. Eisenhower,2025,0.001170520620719423,1,0,0.001184834123222749,0.0,0.0,0.04184970710018576
Philanthropy,2025,0.001170520620719423,1,0,0.001184834123222749,0.0,0.0,0.04184970710018576
Nobel Prize,2025,0.001170520620719423,1,0,0.001184834123222749,0.0,0.0,0.04184970710018576
Howard Hughes Medical Institute,2025,0.001170520620719423,1,0,0.001184834123222749,0.0,0.0,0.04184970710018576
"California State University, Northridge",2025,0.001170520620719423,1,0,0.001184834123222749,0.0,0.0,0.04184970710018576
Harvard University,2025,0.001170520620719423,1,0,0.001184834123222749,0.0,0.0,0.04184970710018576
List of global issues,2025,0.001170520620719423,1,0,0.001184834123222749,0.0,0.0,0.04184970710018576
FTX,2025,0.001170520620719423,1,0,0.001184834123222749,0.0,0.0,0.04184970710018576
Poverty,2025,0.001170520620719423,1,0,0.001184834123222749,0.0,0.0,0.04184970710018576
Pound sterling,2025,0.001170520620719423,1,0,0.001184834123222749,0.0,0.0,0.04184970710018576
Social inequality,2025,0.001170520620719423,1,0,0.001184834123222749,0.0,0.0,0.04184970710018576
Nuffield Foundation,2025,0.001170520620719423,1,0,0.001184834123222749,0.0,0.0,0.04184970710018576
COVID-19 pandemic in Ohio,2025,0.001170520620719423,1,0,0.001184834123222749,0.0,0.0,0.04184970710018576
COVID-19 pandemic in Guinea-Bissau,2025,0.001170520620719423,1,0,0.001184834123222749,0.0,0.0,0.04184970710018576
Hospital El Salvador,2025,0.001170520620719423,1,0,0.001184834123222749,0.0,0.0,0.04184970710018576
Critically ill,2025,0.001170520620719423,1,0,0.001184834123222749,0.0,0.0,0.04184970710018576
Asymptomatic,2025,0.001170520620719423,1,0,0.001184834123222749,0.0,0.0,0.04184970710018576
Huoshenshan Hospital,2025,0.001170520620719423,1,0,0.001184834123222749,0.0,0.0,0.04184970710018576
Filtration,2025,0.001170520620719423,1,0,0.001184834123222749,0.0,0.0,0.04184970710018576
Nguyễn Thanh Long,2025,0.001170520620719423,1,0,0.001184834123222749,0.0,0.0,0.04184970710018576
TRIPS Agreement waiver,2025,0.001170520620719423,1,0,0.001184834123222749,0.0,0.0,0.04184970710018576
Vehicle,2025,0.001170520620719423,1,0,0.001184834123222749,0.0,0.0,0.04184970710018576
Biosurveillance,2025,0.001170520620719423,1,0,0.001184834123222749,0.0,0.0,0.04184970710018576
Nipah virus infection,2025,0.001170520620719423,1,0,0.001184834123222749,0.0,0.0,0.04184970710018576
Food system,2025,0.001170520620719423,1,0,0.001184834123222749,0.0,0.0,0.04184970710018576
Biosecurity,2025,0.001170520620719423,1,0,0.001184834123222749,0.0,0.0,0.04184970710018576
David Quammen,2025,0.001170520620719423,1,0,0.001184834123222749,0.0,0.0,0.04184970710018576
Rice,2025,0.001170520620719423,1,0,0.001184834123222749,0.0,0.0,0.04184970710018576
Health information technology,2025,0.001170520620719423,1,0,0.001184834123222749,0.0,0.0,0.04184970710018576
Deforestation,2025,0.001170520620719423,1,0,0.001184834123222749,0.0,0.0,0.04184970710018576
Secretariat for Transport and Public Works (Macau),2025,0.001170520620719423,1,0,0.001184834123222749,0.0,0.0,0.04184970710018576
Aviation Industry Corporation of China,2025,0.001170520620719423,1,0,0.001184834123222749,0.0,0.0,0.04184970710018576
Boeing 737 Classic,2025,0.001170520620719423,1,0,0.001184834123222749,0.0,0.0,0.04184970710018576
China Railway,2025,0.001170520620719423,1,0,0.001184834123222749,0.0,0.0,0.04184970710018576
Port of Dalian,2025,0.001170520620719423,1,0,0.001184834123222749,0.0,0.0,0.04184970710018576
Tibet Airlines,2025,0.001170520620719423,1,0,0.001184834123222749,0.0,0.0,0.04184970710018576
Civil aviation in China,2025,0.001170520620719423,1,0,0.001184834123222749,0.0,0.0,0.04184970710018576
Transport in China,2025,0.001170520620719423,1,0,0.001184834123222749,0.0,0.0,0.04184970710018576
Beijing–Shanghai high-speed railway,2025,0.001170520620719423,1,0,0.001184834123222749,0.0,0.0,0.04184970710018576
Fatality rate,2025,0.001170520620719423,1,0,0.001184834123222749,0.0,0.0,0.04184970710018576
COVID-19,2025,0.0011627570021627914,1,99,0.001184834123222749,0.11729857819905214,0.0019540861081593793,0.020942748965468643
"Test, Trace, Protect",2025,0.0011627570021627914,1,0,0.001184834123222749,0.0,0.0,0.020942748965468643
Timeline of the COVID-19 pandemic in the Republic of Ireland (2021),2025,0.0011627570021627914,1,0,0.001184834123222749,0.0,0.0,0.020942748965468643
SCB-2019,2025,0.0011627570021627914,1,0,0.001184834123222749,0.0,0.0,0.020942748965468643
Vaccine Taskforce,2025,0.0011627570021627914,1,0,0.001184834123222749,0.0,0.0,0.020942748965468643
Lars Onsager,2025,0.0011627570021627914,1,0,0.001184834123222749,0.0,0.0,0.020942748965468643
Timeline of the COVID-19 pandemic in Australia (2020),2025,0.0011627570021627914,1,0,0.001184834123222749,0.0,0.0,0.020942748965468643
2020 congressional insider trading scandal,2025,0.0011627570021627914,1,0,0.001184834123222749,0.0,0.0,0.020942748965468643
Carl Woese,2025,0.0011627570021627914,1,0,0.001184834123222749,0.0,0.0,0.020942748965468643
COVID-19 pandemic in the Northern Mariana Islands,2025,0.0011627570021627914,1,0,0.001184834123222749,0.0,0.0,0.020942748965468643
Central Epidemic Command Center,2025,0.0011627570021627914,1,0,0.001184834123222749,0.0,0.0,0.020942748965468643
Web Map Service,2025,0.0011627570021627914,1,0,0.001184834123222749,0.0,0.0,0.020942748965468643
ArcSDE,2025,0.0011627570021627914,1,0,0.001184834123222749,0.0,0.0,0.020942748965468643
Map projection,2025,0.0011627570021627914,1,0,0.001184834123222749,0.0,0.0,0.020942748965468643
Attribute (computing),2025,0.0011627570021627914,1,0,0.001184834123222749,0.0,0.0,0.020942748965468643
Web mapping,2025,0.0011627570021627914,1,0,0.001184834123222749,0.0,0.0,0.020942748965468643
Windows 10,2025,0.0011627570021627914,1,0,0.001184834123222749,0.0,0.0,0.020942748965468643
PostgreSQL,2025,0.0011627570021627914,1,0,0.001184834123222749,0.0,0.0,0.020942748965468643
Proprietary software,2025,0.0011627570021627914,1,0,0.001184834123222749,0.0,0.0,0.020942748965468643
Operating system,2025,0.0011627570021627914,1,0,0.001184834123222749,0.0,0.0,0.020942748965468643
Tablet computer,2025,0.0011627570021627914,1,0,0.001184834123222749,0.0,0.0,0.020942748965468643
Chinese Communist Party,2025,0.0011627570021627914,1,0,0.001184834123222749,0.0,0.0,0.020942748965468643
CITIC Capital,2025,0.0011627570021627914,1,0,0.001184834123222749,0.0,0.0,0.020942748965468643
News,2025,0.0011627570021627914,1,0,0.001184834123222749,0.0,0.0,0.020942748965468643
Simplified Chinese characters,2025,0.0011627570021627914,1,0,0.001184834123222749,0.0,0.0,0.020942748965468643
Li Ruigang,2025,0.0011627570021627914,1,0,0.001184834123222749,0.0,0.0,0.020942748965468643
Stanford University,2025,0.0011627570021627914,1,0,0.001184834123222749,0.0,0.0,0.020942748965468643
Cyberspace Administration of China,2025,0.0011627570021627914,1,0,0.001184834123222749,0.0,0.0,0.020942748965468643
Tencent,2025,0.0011627570021627914,1,0,0.001184834123222749,0.0,0.0,0.020942748965468643
International Health Regulations,2025,0.0011627570021627914,1,0,0.001184834123222749,0.0,0.0,0.020942748965468643
Briarcliff (mansion),2025,0.0011627570021627914,1,0,0.001184834123222749,0.0,0.0,0.020942748965468643
Anthrax hoaxes,2025,0.0011627570021627914,1,0,0.001184834123222749,0.0,0.0,0.020942748965468643
Uncrewed Systems Research Transition Office,2025,0.0011627570021627914,1,0,0.001184834123222749,0.0,0.0,0.020942748965468643
HIV/AIDS,2025,0.0011627570021627914,1,0,0.001184834123222749,0.0,0.0,0.020942748965468643
Glanders,2025,0.0011627570021627914,1,0,0.001184834123222749,0.0,0.0,0.020942748965468643
Executive Office of the President of the United States,2025,0.0011627570021627914,1,0,0.001184834123222749,0.0,0.0,0.020942748965468643
Human factors and ergonomics,2025,0.0011627570021627914,1,0,0.001184834123222749,0.0,0.0,0.020942748965468643
Climate change,2025,0.0011627570021627914,1,0,0.001184834123222749,0.0,0.0,0.020942748965468643
"DeKalb County, Georgia",2025,0.0011627570021627914,1,0,0.001184834123222749,0.0,0.0,0.020942748965468643
Vietnamese language,2025,0.0011627570021627914,1,0,0.001184834123222749,0.0,0.0,0.020942748965468643
Walter Yust,2025,0.0011627570021627914,1,0,0.001184834123222749,0.0,0.0,0.020942748965468643
Loren Eiseley,2025,0.0011627570021627914,1,0,0.001184834123222749,0.0,0.0,0.020942748965468643
Thomas Stewart Traill,2025,0.0011627570021627914,1,0,0.001184834123222749,0.0,0.0,0.020942748965468643
United States,2025,0.0011627570021627914,1,0,0.001184834123222749,0.0,0.0,0.020942748965468643
James Millar (scientist),2025,0.0011627570021627914,1,0,0.001184834123222749,0.0,0.0,0.020942748965468643
Sir Arthur Conan Doyle,2025,0.0011627570021627914,1,0,0.001184834123222749,0.0,0.0,0.020942748965468643
Department of Education (Ireland),2025,0.0011627570021627914,1,0,0.001184834123222749,0.0,0.0,0.020942748965468643
Door-to-door salesman,2025,0.0011627570021627914,1,0,0.001184834123222749,0.0,0.0,0.020942748965468643
Google Chrome extension,2025,0.0011627570021627914,1,0,0.001184834123222749,0.0,0.0,0.020942748965468643
School hygiene,2025,0.0011627570021627914,1,0,0.001184834123222749,0.0,0.0,0.020942748965468643
Occupational safety and health,2025,0.0011627570021627914,1,0,0.001184834123222749,0.0,0.0,0.020942748965468643
European Union Drugs Agency,2025,0.0011627570021627914,1,0,0.001184834123222749,0.0,0.0,0.020942748965468643
SESAR Joint Undertaking,2025,0.0011627570021627914,1,0,0.001184834123222749,0.0,0.0,0.020942748965468643
Good manufacturing practice,2025,0.0011627570021627914,1,0,0.001184834123222749,0.0,0.0,0.020942748965468643
European Institute for Gender Equality,2025,0.0011627570021627914,1,0,0.001184834123222749,0.0,0.0,0.020942748965468643
Social hygiene movement,2025,0.0011627570021627914,1,0,0.001184834123222749,0.0,0.0,0.020942748965468643
Common Security and Defence Policy,2025,0.0011627570021627914,1,0,0.001184834123222749,0.0,0.0,0.020942748965468643
Agencies of the European Union,2025,0.0011627570021627914,1,0,0.001184834123222749,0.0,0.0,0.020942748965468643
Vaccine-preventable diseases,2025,0.0011627570021627914,1,0,0.001184834123222749,0.0,0.0,0.020942748965468643
Copyright and Patent Clause,2025,0.0011627570021627914,1,0,0.001184834123222749,0.0,0.0,0.020942748965468643
Center for Devices and Radiological Health,2025,0.0011627570021627914,1,0,0.001184834123222749,0.0,0.0,0.020942748965468643
Marcia Angell,2025,0.0011627570021627914,1,0,0.001184834123222749,0.0,0.0,0.020942748965468643
Muckraker,2025,0.0011627570021627914,1,0,0.001184834123222749,0.0,0.0,0.020942748965468643
Tobacco products,2025,0.0011627570021627914,1,0,0.001184834123222749,0.0,0.0,0.020942748965468643
Medical marijuana,2025,0.0011627570021627914,1,0,0.001184834123222749,0.0,0.0,0.020942748965468643
Name-brand,2025,0.0011627570021627914,1,0,0.001184834123222749,0.0,0.0,0.020942748965468643
Indian Health Service,2025,0.0011627570021627914,1,0,0.001184834123222749,0.0,0.0,0.020942748965468643
ORCID (identifier),2025,0.0011627570021627914,1,0,0.001184834123222749,0.0,0.0,0.020942748965468643
Carbon footprint,2025,0.0011627570021627914,1,0,0.001184834123222749,0.0,0.0,0.020942748965468643
EThOS,2025,0.0011627570021627914,1,0,0.001184834123222749,0.0,0.0,0.020942748965468643
Nature Human Behaviour,2025,0.0011627570021627914,1,0,0.001184834123222749,0.0,0.0,0.020942748965468643
Doctoral advisor,2025,0.0011627570021627914,1,0,0.001184834123222749,0.0,0.0,0.020942748965468643
Falkirk,2025,0.0011627570021627914,1,0,0.001184834123222749,0.0,0.0,0.020942748965468643
Electric battery,2025,0.0011627570021627914,1,0,0.001184834123222749,0.0,0.0,0.020942748965468643
Sustainability,2025,0.0011627570021627914,1,0,0.001184834123222749,0.0,0.0,0.020942748965468643
Annual Review of Financial Economics,2025,0.0011627570021627914,1,0,0.001184834123222749,0.0,0.0,0.020942748965468643
Annual Review of Astronomy and Astrophysics,2025,0.0011627570021627914,1,0,0.001184834123222749,0.0,0.0,0.020942748965468643
Annual Review of Genomics and Human Genetics,2025,0.0011627570021627914,1,0,0.001184834123222749,0.0,0.0,0.020942748965468643
Annual Review of Fluid Mechanics,2025,0.0011627570021627914,1,0,0.001184834123222749,0.0,0.0,0.020942748965468643
Annual Review of Animal Biosciences,2025,0.0011627570021627914,1,0,0.001184834123222749,0.0,0.0,0.020942748965468643
Annual Review of Statistics and Its Application,2025,0.0011627570021627914,1,0,0.001184834123222749,0.0,0.0,0.020942748965468643
Annual Review of Cell and Developmental Biology,2025,0.0011627570021627914,1,0,0.001184834123222749,0.0,0.0,0.020942748965468643
Annual Review of Biomedical Engineering,2025,0.0011627570021627914,1,0,0.001184834123222749,0.0,0.0,0.020942748965468643
Annual Review of Virology,2025,0.0011627570021627914,1,0,0.001184834123222749,0.0,0.0,0.020942748965468643
Annual Review of Sociology,2025,0.0011627570021627914,1,0,0.001184834123222749,0.0,0.0,0.020942748965468643
Austrians,2025,0.0011627570021627914,1,0,0.001184834123222749,0.0,0.0,0.020942748965468643
Michael Shnayerson,2025,0.0011627570021627914,1,0,0.001184834123222749,0.0,0.0,0.020942748965468643
Hungary,2025,0.0011627570021627914,1,0,0.001184834123222749,0.0,0.0,0.020942748965468643
Taj Mahal,2025,0.0011627570021627914,1,0,0.001184834123222749,0.0,0.0,0.020942748965468643
The Geographical Journal,2025,0.0011627570021627914,1,0,0.001184834123222749,0.0,0.0,0.020942748965468643
Tanzania,2025,0.0011627570021627914,1,0,0.001184834123222749,0.0,0.0,0.020942748965468643
Butter,2025,0.0011627570021627914,1,0,0.001184834123222749,0.0,0.0,0.020942748965468643
Journal Citation Reports,2025,0.0011627570021627914,1,0,0.001184834123222749,0.0,0.0,0.020942748965468643
Peter Lang (publisher),2025,0.0011627570021627914,1,0,0.001184834123222749,0.0,0.0,0.020942748965468643
Greg Bear,2025,0.0011627570021627914,1,0,0.001184834123222749,0.0,0.0,0.020942748965468643
Joseph Dalton Hooker,2025,0.0011627570021627914,1,0,0.001184834123222749,0.0,0.0,0.020942748965468643
Ozone hole,2025,0.0011627570021627914,1,0,0.001184834123222749,0.0,0.0,0.020942748965468643
Alexander Macmillan (publisher),2025,0.0011627570021627914,1,0,0.001184834123222749,0.0,0.0,0.020942748965468643
Dolly the sheep,2025,0.0011627570021627914,1,0,0.001184834123222749,0.0,0.0,0.020942748965468643
Keith Campbell (biologist),2025,0.0011627570021627914,1,0,0.001184834123222749,0.0,0.0,0.020942748965468643
El Tiempo (Colombia),2025,0.0011627570021627914,1,0,0.001184834123222749,0.0,0.0,0.020942748965468643
Macmillan New Writing,2025,0.0011627570021627914,1,0,0.001184834123222749,0.0,0.0,0.020942748965468643
Rowohlt Verlag,2025,0.0011627570021627914,1,0,0.001184834123222749,0.0,0.0,0.020942748965468643
Munich,2025,0.0011627570021627914,1,0,0.001184834123222749,0.0,0.0,0.020942748965468643
Hong Kong,2025,0.0011627570021627914,1,0,0.001184834123222749,0.0,0.0,0.020942748965468643
DNA,2025,0.0011627570021627914,1,0,0.001184834123222749,0.0,0.0,0.020942748965468643
Pan Books,2025,0.0011627570021627914,1,0,0.001184834123222749,0.0,0.0,0.020942748965468643
Frontiers (publisher),2025,0.0011627570021627914,1,0,0.001184834123222749,0.0,0.0,0.020942748965468643
National Human Genome Research Institute,2025,0.0011627570021627914,1,0,0.001184834123222749,0.0,0.0,0.020942748965468643
Kingfisher (publisher),2025,0.0011627570021627914,1,0,0.001184834123222749,0.0,0.0,0.020942748965468643
Iclicker,2025,0.0011627570021627914,1,0,0.001184834123222749,0.0,0.0,0.020942748965468643
Text editor,2025,0.0011627570021627914,1,0,0.001184834123222749,0.0,0.0,0.020942748965468643
Four-letter words,2025,0.0011627570021627914,1,0,0.001184834123222749,0.0,0.0,0.020942748965468643
William Chester Minor,2025,0.0011627570021627914,1,0,0.001184834123222749,0.0,0.0,0.020942748965468643
Vocabolario degli Accademici della Crusca,2025,0.0011627570021627914,1,0,0.001184834123222749,0.0,0.0,0.020942748965468643
Dictionary of Old English,2025,0.0011627570021627914,1,0,0.001184834123222749,0.0,0.0,0.020942748965468643
The New World of English Words,2025,0.0011627570021627914,1,0,0.001184834123222749,0.0,0.0,0.020942748965468643
Liberal arts college,2025,0.0011627570021627914,1,0,0.001184834123222749,0.0,0.0,0.020942748965468643
Oxford,2025,0.0011627570021627914,1,0,0.001184834123222749,0.0,0.0,0.020942748965468643
An Universal Etymological English Dictionary,2025,0.0011627570021627914,1,0,0.001184834123222749,0.0,0.0,0.020942748965468643
Sponsor (legislative),2025,0.0011627570021627914,1,0,0.001184834123222749,0.0,0.0,0.020942748965468643
United States Capitol Guide Service,2025,0.0011627570021627914,1,0,0.001184834123222749,0.0,0.0,0.020942748965468643
Contempt of Congress,2025,0.0011627570021627914,1,0,0.001184834123222749,0.0,0.0,0.020942748965468643
Voice of America,2025,0.0011627570021627914,1,0,0.001184834123222749,0.0,0.0,0.020942748965468643
List of LGBTQ members of the United States Congress,2025,0.0011627570021627914,1,0,0.001184834123222749,0.0,0.0,0.020942748965468643
United States Government Publishing Office,2025,0.0011627570021627914,1,0,0.001184834123222749,0.0,0.0,0.020942748965468643
Divided government in the United States,2025,0.0011627570021627914,1,0,0.001184834123222749,0.0,0.0,0.020942748965468643
US General Accounting Office Building,2025,0.0011627570021627914,1,0,0.001184834123222749,0.0,0.0,0.020942748965468643
VK (service),2025,0.0011627570021627914,1,0,0.001184834123222749,0.0,0.0,0.020942748965468643
John Wiley & Sons,2025,0.0011627570021627914,1,0,0.001184834123222749,0.0,0.0,0.020942748965468643
Seeking.com,2025,0.0011627570021627914,1,0,0.001184834123222749,0.0,0.0,0.020942748965468643
Small-world network,2025,0.0011627570021627914,1,0,0.001184834123222749,0.0,0.0,0.020942748965468643
Issues relating to social networking services,2025,0.0011627570021627914,1,0,0.001184834123222749,0.0,0.0,0.020942748965468643
"Boston, Massachusetts",2025,0.0011627570021627914,1,0,0.001184834123222749,0.0,0.0,0.020942748965468643
Hive Social,2025,0.0011627570021627914,1,0,0.001184834123222749,0.0,0.0,0.020942748965468643
EConozco,2025,0.0011627570021627914,1,0,0.001184834123222749,0.0,0.0,0.020942748965468643
Wretch (website),2025,0.0011627570021627914,1,0,0.001184834123222749,0.0,0.0,0.020942748965468643
Canada,2025,0.0011627570021627914,1,0,0.001184834123222749,0.0,0.0,0.020942748965468643
Media in Dundee,2025,0.0011627570021627914,1,0,0.001184834123222749,0.0,0.0,0.020942748965468643
ITV3,2025,0.0011627570021627914,1,0,0.001184834123222749,0.0,0.0,0.020942748965468643
Telegraphy,2025,0.0011627570021627914,1,0,0.001184834123222749,0.0,0.0,0.020942748965468643
Toronto,2025,0.0011627570021627914,1,0,0.001184834123222749,0.0,0.0,0.020942748965468643
Equity (trade union),2025,0.0011627570021627914,1,0,0.001184834123222749,0.0,0.0,0.020942748965468643
Television in Wales,2025,0.0011627570021627914,1,0,0.001184834123222749,0.0,0.0,0.020942748965468643
BBC Radio Cymru,2025,0.0011627570021627914,1,0,0.001184834123222749,0.0,0.0,0.020942748965468643
Oxford University Press,2025,0.0011627570021627914,1,0,0.001184834123222749,0.0,0.0,0.020942748965468643
C-SPAN,2025,0.0011627570021627914,1,0,0.001184834123222749,0.0,0.0,0.020942748965468643
Rambam Hospital,2025,0.0011627570021627914,1,0,0.001184834123222749,0.0,0.0,0.020942748965468643
Raymond Hoffenberg,2025,0.0011627570021627914,1,0,0.001184834123222749,0.0,0.0,0.020942748965468643
John Bohannon,2025,0.0011627570021627914,1,0,0.001184834123222749,0.0,0.0,0.020942748965468643
Academy of Medical Sciences,2025,0.0011627570021627914,1,0,0.001184834123222749,0.0,0.0,0.020942748965468643
Editor-in-chief,2025,0.0011627570021627914,1,0,0.001184834123222749,0.0,0.0,0.020942748965468643
Andrew Wakefield,2025,0.0011627570021627914,1,0,0.001184834123222749,0.0,0.0,0.020942748965468643
WHO regions,2025,0.0011627570021627914,1,0,0.001184834123222749,0.0,0.0,0.020942748965468643
Bachelor of Science,2025,0.0011627570021627914,1,0,0.001184834123222749,0.0,0.0,0.020942748965468643
The Sacramento Bee,2025,0.0011627570021627914,1,0,0.001184834123222749,0.0,0.0,0.020942748965468643
Kimball Atwood,2025,0.0011627570021627914,1,0,0.001184834123222749,0.0,0.0,0.020942748965468643
Medical News Today,2025,0.0011627570021627914,1,0,0.001184834123222749,0.0,0.0,0.020942748965468643
Complementary and alternative medicine,2025,0.0011627570021627914,1,0,0.001184834123222749,0.0,0.0,0.020942748965468643
Evidence,2025,0.0011627570021627914,1,0,0.001184834123222749,0.0,0.0,0.020942748965468643
Etanercept,2025,0.0011627570021627914,1,0,0.001184834123222749,0.0,0.0,0.020942748965468643
Wallace Sampson,2025,0.0011627570021627914,1,0,0.001184834123222749,0.0,0.0,0.020942748965468643
Ardipithecus ramidus,2025,0.0011627570021627914,1,0,0.001184834123222749,0.0,0.0,0.020942748965468643
Google,2025,0.0011627570021627914,1,0,0.001184834123222749,0.0,0.0,0.020942748965468643
Ryszard Kapuściński,2025,0.0011627570021627914,1,0,0.001184834123222749,0.0,0.0,0.020942748965468643
Guadalajara International Book Fair,2025,0.0011627570021627914,1,0,0.001184834123222749,0.0,0.0,0.020942748965468643
Accelerating expansion of the universe,2025,0.0011627570021627914,1,0,0.001184834123222749,0.0,0.0,0.020942748965468643
Delayed open access,2025,0.0011627570021627914,1,0,0.001184834123222749,0.0,0.0,0.020942748965468643
HIV,2025,0.0011627570021627914,1,0,0.001184834123222749,0.0,0.0,0.020942748965468643
Science Magazine (disambiguation),2025,0.0011627570021627914,1,0,0.001184834123222749,0.0,0.0,0.020942748965468643
Scidev.net,2025,0.0011627570021627914,1,0,0.001184834123222749,0.0,0.0,0.020942748965468643
Rosetta (spacecraft),2025,0.0011627570021627914,1,0,0.001184834123222749,0.0,0.0,0.020942748965468643
Baron Rothschild,2025,0.0011627570021627914,1,0,0.001184834123222749,0.0,0.0,0.020942748965468643
Impeachment of Bill Clinton,2025,0.0011627570021627914,1,0,0.001184834123222749,0.0,0.0,0.020942748965468643
Palestine Jewish Colonization Association,2025,0.0011627570021627914,1,0,0.001184834123222749,0.0,0.0,0.020942748965468643
Berthe von Rothschild,2025,0.0011627570021627914,1,0,0.001184834123222749,0.0,0.0,0.020942748965468643
British Empire,2025,0.0011627570021627914,1,0,0.001184834123222749,0.0,0.0,0.020942748965468643
Evelyn de Rothschild,2025,0.0011627570021627914,1,0,0.001184834123222749,0.0,0.0,0.020942748965468643
Corporate social responsibility,2025,0.0011627570021627914,1,0,0.001184834123222749,0.0,0.0,0.020942748965468643
Imerys,2025,0.0011627570021627914,1,0,0.001184834123222749,0.0,0.0,0.020942748965468643
Iraq War,2025,0.0011627570021627914,1,0,0.001184834123222749,0.0,0.0,0.020942748965468643
New York City,2025,0.0011627570021627914,1,0,0.001184834123222749,0.0,0.0,0.020942748965468643
Stock,2025,0.0011627570021627914,1,0,0.001184834123222749,0.0,0.0,0.020942748965468643
Scotland,2025,0.0011627570021627914,1,0,0.001184834123222749,0.0,0.0,0.020942748965468643
Transcontinental (company),2025,0.0011627570021627914,1,0,0.001184834123222749,0.0,0.0,0.020942748965468643
William Thorsell,2025,0.0011627570021627914,1,0,0.001184834123222749,0.0,0.0,0.020942748965468643
Toronto Sun,2025,0.0011627570021627914,1,0,0.001184834123222749,0.0,0.0,0.020942748965468643
Blogger,2025,0.0011627570021627914,1,0,0.001184834123222749,0.0,0.0,0.020942748965468643
Homosexuality,2025,0.0011627570021627914,1,0,0.001184834123222749,0.0,0.0,0.020942748965468643
Mark MacKinnon,2025,0.0011627570021627914,1,0,0.001184834123222749,0.0,0.0,0.020942748965468643
American Newspaper Guild,2025,0.0011627570021627914,1,0,0.001184834123222749,0.0,0.0,0.020942748965468643
Winnipeg,2025,0.0011627570021627914,1,0,0.001184834123222749,0.0,0.0,0.020942748965468643
Bloomberg Government,2025,0.0011627570021627914,1,0,0.001184834123222749,0.0,0.0,0.020942748965468643
David Leigh (journalist),2025,0.0011627570021627914,1,0,0.001184834123222749,0.0,0.0,0.020942748965468643
Martin Walker (reporter),2025,0.0011627570021627914,1,0,0.001184834123222749,0.0,0.0,0.020942748965468643
John C. Merrill,2025,0.0011627570021627914,1,0,0.001184834123222749,0.0,0.0,0.020942748965468643
Carter-Ruck,2025,0.0011627570021627914,1,0,0.001184834123222749,0.0,0.0,0.020942748965468643
Jack Yeats,2025,0.0011627570021627914,1,0,0.001184834123222749,0.0,0.0,0.020942748965468643
Talksport,2025,0.0011627570021627914,1,0,0.001184834123222749,0.0,0.0,0.020942748965468643
Daily Mail and General Trust,2025,0.0011627570021627914,1,0,0.001184834123222749,0.0,0.0,0.020942748965468643
E4 Extra,2025,0.0011627570021627914,1,0,0.001184834123222749,0.0,0.0,0.020942748965468643
Barclays,2025,0.0011627570021627914,1,0,0.001184834123222749,0.0,0.0,0.020942748965468643
Leon Dash,2025,0.0011627570021627914,1,0,0.001184834123222749,0.0,0.0,0.020942748965468643
Cheyene Ligon,2025,0.0011627570021627914,1,0,0.001184834123222749,0.0,0.0,0.020942748965468643
Wen Jiabao,2025,0.0011627570021627914,1,0,0.001184834123222749,0.0,0.0,0.020942748965468643
Lookout Santa Cruz,2025,0.0011627570021627914,1,0,0.001184834123222749,0.0,0.0,0.020942748965468643
Firebase,2025,0.0011627570021627914,1,0,0.001184834123222749,0.0,0.0,0.020942748965468643
LibriVox,2025,0.0011627570021627914,1,0,0.001184834123222749,0.0,0.0,0.020942748965468643
David Streitfeld,2025,0.0011627570021627914,1,0,0.001184834123222749,0.0,0.0,0.020942748965468643
John M. Hightower,2025,0.0011627570021627914,1,0,0.001184834123222749,0.0,0.0,0.020942748965468643
Grand Forks Herald,2025,0.0011627570021627914,1,0,0.001184834123222749,0.0,0.0,0.020942748965468643
The Dispatch,2025,0.0011627570021627914,1,0,0.001184834123222749,0.0,0.0,0.020942748965468643
John Sherman,2025,0.0011627570021627914,1,0,0.001184834123222749,0.0,0.0,0.020942748965468643
Asian American and Pacific Islands American conservatism in the United States,2025,0.0011627570021627914,1,0,0.001184834123222749,0.0,0.0,0.020942748965468643
The Death of the West,2025,0.0011627570021627914,1,0,0.001184834123222749,0.0,0.0,0.020942748965468643
Lou Kilzer,2025,0.0011627570021627914,1,0,0.001184834123222749,0.0,0.0,0.020942748965468643
Susan Faludi,2025,0.0011627570021627914,1,0,0.001184834123222749,0.0,0.0,0.020942748965468643
William K. Marimow,2025,0.0011627570021627914,1,0,0.001184834123222749,0.0,0.0,0.020942748965468643
Pulitzer Prize for Editorial Writing,2025,0.0011627570021627914,1,0,0.001184834123222749,0.0,0.0,0.020942748965468643
Charlie Savage (author),2025,0.0011627570021627914,1,0,0.001184834123222749,0.0,0.0,0.020942748965468643
NBC News,2025,0.0011627570021627914,1,0,0.001184834123222749,0.0,0.0,0.020942748965468643
Tsinghua University,2025,0.0011627570021627914,1,0,0.001184834123222749,0.0,0.0,0.020942748965468643
Friday Harbor Laboratories,2025,0.0011627570021627914,1,0,0.001184834123222749,0.0,0.0,0.020942748965468643
Green River College,2025,0.0011627570021627914,1,0,0.001184834123222749,0.0,0.0,0.020942748965468643
University of Puget Sound,2025,0.0011627570021627914,1,0,0.001184834123222749,0.0,0.0,0.020942748965468643
University of Lausanne,2025,0.0011627570021627914,1,0,0.001184834123222749,0.0,0.0,0.020942748965468643
Malamute,2025,0.0011627570021627914,1,0,0.001184834123222749,0.0,0.0,0.020942748965468643
Grammy Award,2025,0.0011627570021627914,1,0,0.001184834123222749,0.0,0.0,0.020942748965468643
Indiana University Bloomington,2025,0.0011627570021627914,1,0,0.001184834123222749,0.0,0.0,0.020942748965468643
List of colleges and universities in Washington (state),2025,0.0011627570021627914,1,0,0.001184834123222749,0.0,0.0,0.020942748965468643
Texas A&M University,2025,0.0011627570021627914,1,0,0.001184834123222749,0.0,0.0,0.020942748965468643
Lexicomp,2025,0.0011627570021627914,1,0,0.001184834123222749,0.0,0.0,0.020942748965468643
2011 Christchurch earthquake,2025,0.0011627570021627914,1,0,0.001184834123222749,0.0,0.0,0.020942748965468643
Evidence-based medicine,2025,0.0011627570021627914,1,0,0.001184834123222749,0.0,0.0,0.020942748965468643
Micromedex,2025,0.0011627570021627914,1,0,0.001184834123222749,0.0,0.0,0.020942748965468643
EBSCO Information Services,2025,0.0011627570021627914,1,0,0.001184834123222749,0.0,0.0,0.020942748965468643
Medical calculator,2025,0.0011627570021627914,1,0,0.001184834123222749,0.0,0.0,0.020942748965468643
Drug interaction,2025,0.0011627570021627914,1,0,0.001184834123222749,0.0,0.0,0.020942748965468643
BMJ Publishing Group,2025,0.0011627570021627914,1,0,0.001184834123222749,0.0,0.0,0.020942748965468643
Library Freedom Project,2025,0.0011627570021627914,1,0,0.001184834123222749,0.0,0.0,0.020942748965468643
Cryptographic hash function,2025,0.0011627570021627914,1,0,0.001184834123222749,0.0,0.0,0.020942748965468643
Open Archival Information System,2025,0.0011627570021627914,1,0,0.001184834123222749,0.0,0.0,0.020942748965468643
Drive-by download,2025,0.0011627570021627914,1,0,0.001184834123222749,0.0,0.0,0.020942748965468643
Toolbar,2025,0.0011627570021627914,1,0,0.001184834123222749,0.0,0.0,0.020942748965468643
Breach of contract,2025,0.0011627570021627914,1,0,0.001184834123222749,0.0,0.0,0.020942748965468643
Link rot,2025,0.0011627570021627914,1,0,0.001184834123222749,0.0,0.0,0.020942748965468643
Arctic World Archive,2025,0.0011627570021627914,1,0,0.001184834123222749,0.0,0.0,0.020942748965468643
European Patent Office,2025,0.0011627570021627914,1,0,0.001184834123222749,0.0,0.0,0.020942748965468643
Hyperlinks,2025,0.0011627570021627914,1,0,0.001184834123222749,0.0,0.0,0.020942748965468643
Alex Jones,2025,0.0011627570021627914,1,0,0.001184834123222749,0.0,0.0,0.020942748965468643
Pier 57,2025,0.0011627570021627914,1,0,0.001184834123222749,0.0,0.0,0.020942748965468643
Pico 4,2025,0.0011627570021627914,1,0,0.001184834123222749,0.0,0.0,0.020942748965468643
CinemaNow,2025,0.0011627570021627914,1,0,0.001184834123222749,0.0,0.0,0.020942748965468643
Google Answers,2025,0.0011627570021627914,1,0,0.001184834123222749,0.0,0.0,0.020942748965468643
"Rocky Mountain Bank v. Google, Inc.",2025,0.0011627570021627914,1,0,0.001184834123222749,0.0,0.0,0.020942748965468643
TeacherTube,2025,0.0011627570021627914,1,0,0.001184834123222749,0.0,0.0,0.020942748965468643
Google Street View coverage,2025,0.0011627570021627914,1,0,0.001184834123222749,0.0,0.0,0.020942748965468643
UTM parameters,2025,0.0011627570021627914,1,0,0.001184834123222749,0.0,0.0,0.020942748965468643
Pixel Visual Core,2025,0.0011627570021627914,1,0,0.001184834123222749,0.0,0.0,0.020942748965468643
Impact of the COVID-19 pandemic on Hajj,2025,0.0011627570021627914,1,0,0.001184834123222749,0.0,0.0,0.020942748965468643
Thailand,2025,0.0011627570021627914,1,0,0.001184834123222749,0.0,0.0,0.020942748965468643
Confidence interval,2025,0.0011627570021627914,1,0,0.001184834123222749,0.0,0.0,0.020942748965468643
Hamad Hasan,2025,0.0011627570021627914,1,0,0.001184834123222749,0.0,0.0,0.020942748965468643
Health equity,2025,0.0011627570021627914,1,0,0.001184834123222749,0.0,0.0,0.020942748965468643
COVID-19 and cancer,2025,0.0011627570021627914,1,0,0.001184834123222749,0.0,0.0,0.020942748965468643
Yellow vests protests,2025,0.0011627570021627914,1,0,0.001184834123222749,0.0,0.0,0.020942748965468643
EurekAlert!,2025,0.0011627570021627914,1,0,0.001184834123222749,0.0,0.0,0.020942748965468643
International Union of Microbiological Societies,2025,0.0011627570021627914,1,0,0.001184834123222749,0.0,0.0,0.020942748965468643
Rhinovirus,2025,0.0011627570021627914,1,0,0.001184834123222749,0.0,0.0,0.020942748965468643
Dictionary.com,2025,0.0011627570021627914,1,0,0.001184834123222749,0.0,0.0,0.020942748965468643
Severe acute respiratory syndrome–related coronavirus,2025,0.0011627570021627914,1,0,0.001184834123222749,0.0,0.0,0.020942748965468643
Alphacoronavirus,2025,0.0011627570021627914,1,0,0.001184834123222749,0.0,0.0,0.020942748965468643
Rodent,2025,0.0011627570021627914,1,0,0.001184834123222749,0.0,0.0,0.020942748965468643
June Almeida,2025,0.0011627570021627914,1,0,0.001184834123222749,0.0,0.0,0.020942748965468643
Horseshoe bat,2025,0.0011627570021627914,1,0,0.001184834123222749,0.0,0.0,0.020942748965468643
2012 Middle East respiratory syndrome outbreak,2025,0.0011627570021627914,1,0,0.001184834123222749,0.0,0.0,0.020942748965468643
Mega Ligtas COVID Centers,2025,0.0011627570021627914,1,0,0.001184834123222749,0.0,0.0,0.020942748965468643
Impact of the COVID-19 pandemic on the Catholic Church,2025,0.0011627570021627914,1,0,0.001184834123222749,0.0,0.0,0.020942748965468643
COVID-19 vaccination in Djibouti,2025,0.0011627570021627914,1,0,0.001184834123222749,0.0,0.0,0.020942748965468643
2021 hospital crisis in the U.S. from COVID-19,2025,0.0011627570021627914,1,0,0.001184834123222749,0.0,0.0,0.020942748965468643
COVID-19 pandemic in British Columbia,2025,0.0011627570021627914,1,0,0.001184834123222749,0.0,0.0,0.020942748965468643
Rousettus bat coronavirus HKU9,2025,0.0011627570021627914,1,0,0.001184834123222749,0.0,0.0,0.020942748965468643
2022 Beijing Sitong Bridge protest,2025,0.0011627570021627914,1,0,0.001184834123222749,0.0,0.0,0.020942748965468643
2021–2022 inflation surge,2025,0.0011627570021627914,1,0,0.001184834123222749,0.0,0.0,0.020942748965468643
Timeline of the COVID-19 pandemic in Indonesia (2021),2025,0.0011627570021627914,1,0,0.001184834123222749,0.0,0.0,0.020942748965468643
COVID-19 pandemic in Costa Rica,2025,0.0011627570021627914,1,0,0.001184834123222749,0.0,0.0,0.020942748965468643
Coronavirus Scientific Advisory Board,2025,0.0011627570021627914,1,0,0.001184834123222749,0.0,0.0,0.020942748965468643
IndoVac,2025,0.0011627570021627914,1,0,0.001184834123222749,0.0,0.0,0.020942748965468643
COVID-19 pandemic in Nicaragua,2025,0.0011627570021627914,1,0,0.001184834123222749,0.0,0.0,0.020942748965468643
Timeline of the COVID-19 pandemic in May 2022,2025,0.0011627570021627914,1,0,0.001184834123222749,0.0,0.0,0.020942748965468643
COVID-19 pandemic in Uttarakhand,2025,0.0011627570021627914,1,0,0.001184834123222749,0.0,0.0,0.020942748965468643
COVID-19 pandemic in Uganda,2025,0.0011627570021627914,1,0,0.001184834123222749,0.0,0.0,0.020942748965468643
COVID-19 vaccine misinformation and hesitancy,2025,0.0011627570021627914,1,0,0.001184834123222749,0.0,0.0,0.020942748965468643
COVID-19 pandemic in Puntland,2025,0.0011627570021627914,1,0,0.001184834123222749,0.0,0.0,0.020942748965468643
Responses to the COVID-19 pandemic in July 2020,2025,0.0011627570021627914,1,0,0.001184834123222749,0.0,0.0,0.020942748965468643
Deployment of COVID-19 vaccines,2025,0.0011627570021627914,1,0,0.001184834123222749,0.0,0.0,0.020942748965468643
2021 Colombian protests,2025,0.0011627570021627914,1,0,0.001184834123222749,0.0,0.0,0.020942748965468643
Timeline of the COVID-19 pandemic in Belarus (2020),2025,0.0011627570021627914,1,0,0.001184834123222749,0.0,0.0,0.020942748965468643
Timeline of the COVID-19 pandemic in Vietnam,2025,0.0011627570021627914,1,0,0.001184834123222749,0.0,0.0,0.020942748965468643
Timeline of the COVID-19 pandemic in England (July–December 2020),2025,0.0011627570021627914,1,0,0.001184834123222749,0.0,0.0,0.020942748965468643
Regdanvimab,2025,0.0011627570021627914,1,0,0.001184834123222749,0.0,0.0,0.020942748965468643
Endemic phase of COVID-19,2025,0.0011627570021627914,1,0,0.001184834123222749,0.0,0.0,0.020942748965468643
2021 Abkhazia unrest,2025,0.0011627570021627914,1,0,0.001184834123222749,0.0,0.0,0.020942748965468643
COVID-19 pandemic in Saint Kitts and Nevis,2025,0.0011627570021627914,1,0,0.001184834123222749,0.0,0.0,0.020942748965468643
COVID-19 pandemic in Bahrain,2025,0.0011627570021627914,1,0,0.001184834123222749,0.0,0.0,0.020942748965468643
COVID-19 pandemic in São Tomé and Príncipe,2025,0.0011627570021627914,1,0,0.001184834123222749,0.0,0.0,0.020942748965468643
Jared Moskowitz,2025,0.0011627570021627914,1,0,0.001184834123222749,0.0,0.0,0.020942748965468643
U.S. federal government response to the COVID-19 pandemic,2025,0.0011627570021627914,1,0,0.001184834123222749,0.0,0.0,0.020942748965468643
BriLife,2025,0.0011627570021627914,1,0,0.001184834123222749,0.0,0.0,0.020942748965468643
Vietnamese government response to the COVID-19 pandemic,2025,0.0011627570021627914,1,0,0.001184834123222749,0.0,0.0,0.020942748965468643
2020–2021 Belarusian protests,2025,0.0011627570021627914,1,0,0.001184834123222749,0.0,0.0,0.020942748965468643
Timeline of the COVID-19 pandemic in December 2022,2025,0.0011627570021627914,1,0,0.001184834123222749,0.0,0.0,0.020942748965468643
Radioactive contamination,2025,0.0011627570021627914,1,0,0.001184834123222749,0.0,0.0,0.020942748965468643
Convalescence,2025,0.0011627570021627914,1,0,0.001184834123222749,0.0,0.0,0.020942748965468643
CiteSeerX (identifier),2025,0.0011627570021627914,1,0,0.001184834123222749,0.0,0.0,0.020942748965468643
Jewelry hygiene,2025,0.0011627570021627914,1,0,0.001184834123222749,0.0,0.0,0.020942748965468643
Sexually transmitted infection,2025,0.0011627570021627914,1,0,0.001184834123222749,0.0,0.0,0.020942748965468643
Twindemic,2025,0.0011627570021627914,1,0,0.001184834123222749,0.0,0.0,0.020942748965468643
Superinfection,2025,0.0011627570021627914,1,0,0.001184834123222749,0.0,0.0,0.020942748965468643
Health policy,2025,0.0011627570021627914,1,0,0.001184834123222749,0.0,0.0,0.020942748965468643
Food microbiology,2025,0.0011627570021627914,1,0,0.001184834123222749,0.0,0.0,0.020942748965468643
COVID-19 pandemic in Argentina,2025,0.0011627570021627914,1,0,0.001184834123222749,0.0,0.0,0.020942748965468643
Timeline of the COVID-19 pandemic in November 2022,2025,0.0011627570021627914,1,0,0.001184834123222749,0.0,0.0,0.020942748965468643
COVID-19 pandemic in Luxembourg,2025,0.0011627570021627914,1,0,0.001184834123222749,0.0,0.0,0.020942748965468643
James T. Dalton,2025,0.0011627570021627914,1,0,0.001184834123222749,0.0,0.0,0.020942748965468643
Timeline of the COVID-19 pandemic in Singapore (2022),2025,0.0011627570021627914,1,0,0.001184834123222749,0.0,0.0,0.020942748965468643
Interleukin-6 receptor,2025,0.0011627570021627914,1,0,0.001184834123222749,0.0,0.0,0.020942748965468643
COVID-19 pandemic in Bosnia and Herzegovina,2025,0.0011627570021627914,1,0,0.001184834123222749,0.0,0.0,0.020942748965468643
Passive immunization,2025,0.0011627570021627914,1,0,0.001184834123222749,0.0,0.0,0.020942748965468643
Timeline of the COVID-19 pandemic in Kerala,2025,0.0011627570021627914,1,0,0.001184834123222749,0.0,0.0,0.020942748965468643
COVID-19 pandemic in Guernsey,2025,0.0011627570021627914,1,0,0.001184834123222749,0.0,0.0,0.020942748965468643
Timeline of the COVID-19 pandemic in the Republic of Ireland (2020),2025,0.0011627570021627914,1,0,0.001184834123222749,0.0,0.0,0.020942748965468643
Social impact of the COVID-19 pandemic in the Republic of Ireland,2025,0.0011627570021627914,1,0,0.001184834123222749,0.0,0.0,0.020942748965468643
QazCovid-in,2025,0.0011627570021627914,1,0,0.001184834123222749,0.0,0.0,0.020942748965468643
Endemic COVID-19,2025,0.0011627570021627914,1,0,0.001184834123222749,0.0,0.0,0.020942748965468643
Abdala (vaccine),2025,0.0011627570021627914,1,0,0.001184834123222749,0.0,0.0,0.020942748965468643
COVID-19 pandemic in Ukraine,2025,0.0011627570021627914,1,0,0.001184834123222749,0.0,0.0,0.020942748965468643
Travel during the COVID-19 pandemic,2025,0.0011627570021627914,1,0,0.001184834123222749,0.0,0.0,0.020942748965468643
COVID-19 pandemic in Europe,2025,0.0011627570021627914,1,0,0.001184834123222749,0.0,0.0,0.020942748965468643
Solidarity trial,2025,0.0011627570021627914,1,0,0.001184834123222749,0.0,0.0,0.020942748965468643
University of Bern,2025,0.0011627570021627914,1,0,0.001184834123222749,0.0,0.0,0.020942748965468643
Phylogenetic Assignment of Named Global Outbreak Lineages,2025,0.0011627570021627914,1,0,0.001184834123222749,0.0,0.0,0.020942748965468643
Leucine,2025,0.0011627570021627914,1,0,0.001184834123222749,0.0,0.0,0.020942748965468643
Phylogenetic tree,2025,0.0011627570021627914,1,0,0.001184834123222749,0.0,0.0,0.020942748965468643
Cerberus,2025,0.0011627570021627914,1,0,0.001184834123222749,0.0,0.0,0.020942748965468643
Hepatitis C,2025,0.0011627570021627914,1,0,0.001184834123222749,0.0,0.0,0.020942748965468643
Gryphon,2025,0.0011627570021627914,1,0,0.001184834123222749,0.0,0.0,0.020942748965468643
President of the United States,2025,0.0011627570021627914,1,0,0.001184834123222749,0.0,0.0,0.020942748965468643
NPR,2025,0.0011627570021627914,1,0,0.001184834123222749,0.0,0.0,0.020942748965468643
Casirivimab/imdevimab,2025,0.0011627570021627914,1,0,0.001184834123222749,0.0,0.0,0.020942748965468643
Nanocovax,2025,0.0011627570021627914,1,0,0.001184834123222749,0.0,0.0,0.020942748965468643
Mental health during the COVID-19 pandemic,2025,0.0011627570021627914,1,0,0.001184834123222749,0.0,0.0,0.020942748965468643
Feline coronavirus,2025,0.0011627570021627914,1,0,0.001184834123222749,0.0,0.0,0.020942748965468643
Great American Economic Revival Industry Groups,2025,0.0011627570021627914,1,0,0.001184834123222749,0.0,0.0,0.020942748965468643
Francisco Duque III,2025,0.0011627570021627914,1,0,0.001184834123222749,0.0,0.0,0.020942748965468643
Mink,2025,0.0011627570021627914,1,0,0.001184834123222749,0.0,0.0,0.020942748965468643
Nobecovirus,2025,0.0011627570021627914,1,0,0.001184834123222749,0.0,0.0,0.020942748965468643
COVID-19 Response Acceleration Task Force,2025,0.0011627570021627914,1,0,0.001184834123222749,0.0,0.0,0.020942748965468643
PathCheck,2025,0.0011627570021627914,1,0,0.001184834123222749,0.0,0.0,0.020942748965468643
Writer's cramp,2025,0.0011627570021627914,1,0,0.001184834123222749,0.0,0.0,0.020942748965468643
Impact of the COVID-19 pandemic on migration,2025,0.0011627570021627914,1,0,0.001184834123222749,0.0,0.0,0.020942748965468643
"Heating, ventilation, and air conditioning",2025,0.0011627570021627914,1,0,0.001184834123222749,0.0,0.0,0.020942748965468643
COVID-19 pandemic in Poland,2025,0.0011627570021627914,1,0,0.001184834123222749,0.0,0.0,0.020942748965468643
COVID-19 pandemic in Easter Island,2025,0.0011627570021627914,1,0,0.001184834123222749,0.0,0.0,0.020942748965468643
Pneumoconiosis,2025,0.0011627570021627914,1,0,0.001184834123222749,0.0,0.0,0.020942748965468643
Enhanced community quarantine in Luzon,2025,0.0011627570021627914,1,0,0.001184834123222749,0.0,0.0,0.020942748965468643
COVID-19 pandemic in Nagaland,2025,0.0011627570021627914,1,0,0.001184834123222749,0.0,0.0,0.020942748965468643
Dirt,2025,0.0011627570021627914,1,0,0.001184834123222749,0.0,0.0,0.020942748965468643
Disease surveillance,2025,0.0011627570021627914,1,0,0.001184834123222749,0.0,0.0,0.020942748965468643
Responses to the COVID-19 pandemic in May 2022,2025,0.0011627570021627914,1,0,0.001184834123222749,0.0,0.0,0.020942748965468643
Superspreading event,2025,0.0011627570021627914,1,0,0.001184834123222749,0.0,0.0,0.020942748965468643
COVID-19 pandemic in Transnistria,2025,0.0011627570021627914,1,0,0.001184834123222749,0.0,0.0,0.020942748965468643
Safe sex,2025,0.0011627570021627914,1,0,0.001184834123222749,0.0,0.0,0.020942748965468643
Critical community size,2025,0.0011627570021627914,1,0,0.001184834123222749,0.0,0.0,0.020942748965468643
Collapse of Xinjia Express Hotel,2025,0.0011627570021627914,1,0,0.001184834123222749,0.0,0.0,0.020942748965468643
COVID-19 in pregnancy,2025,0.0011627570021627914,1,0,0.001184834123222749,0.0,0.0,0.020942748965468643
COVID-19 pandemic in Kerala,2025,0.0011627570021627914,1,0,0.001184834123222749,0.0,0.0,0.020942748965468643
Saeed Namaki,2025,0.0011627570021627914,1,0,0.001184834123222749,0.0,0.0,0.020942748965468643
SARS-CoV-2 Epsilon variant,2025,0.0011627570021627914,1,0,0.001184834123222749,0.0,0.0,0.020942748965468643
Nirmatrelvir/ritonavir,2025,0.0011627570021627914,1,0,0.001184834123222749,0.0,0.0,0.020942748965468643
Matt Keeling,2025,0.0011627570021627914,1,0,0.001184834123222749,0.0,0.0,0.020942748965468643
Timeline of the COVID-19 pandemic in July 2022,2025,0.0011627570021627914,1,0,0.001184834123222749,0.0,0.0,0.020942748965468643
COVID-19 pandemic in Norway,2025,0.0011627570021627914,1,0,0.001184834123222749,0.0,0.0,0.020942748965468643
Zhong Nanshan,2025,0.0011627570021627914,1,0,0.001184834123222749,0.0,0.0,0.020942748965468643
COVID-19 pandemic in Hubei,2025,0.0011627570021627914,1,0,0.001184834123222749,0.0,0.0,0.020942748965468643
COVID-19 pandemic in Norfolk Island,2025,0.0011627570021627914,1,0,0.001184834123222749,0.0,0.0,0.020942748965468643
COVID-19 pandemic in Manitoba,2025,0.0011627570021627914,1,0,0.001184834123222749,0.0,0.0,0.020942748965468643
Overseas Filipinos during the COVID-19 pandemic,2025,0.0011627570021627914,1,0,0.001184834123222749,0.0,0.0,0.020942748965468643
Timeline of the COVID-19 pandemic in Northern Ireland (2022),2025,0.0011627570021627914,1,0,0.001184834123222749,0.0,0.0,0.020942748965468643
Impact of the COVID-19 pandemic on association football,2025,0.0011627570021627914,1,0,0.001184834123222749,0.0,0.0,0.020942748965468643
Social impact of the COVID-19 pandemic in the United States,2025,0.0011627570021627914,1,0,0.001184834123222749,0.0,0.0,0.020942748965468643
Disease X,2025,0.0011627570021627914,1,0,0.001184834123222749,0.0,0.0,0.020942748965468643
Impact of the COVID-19 pandemic on the telehealth industry,2025,0.0011627570021627914,1,0,0.001184834123222749,0.0,0.0,0.020942748965468643
Timor-Leste,2025,0.0011627570021627914,1,0,0.001184834123222749,0.0,0.0,0.020942748965468643
Ito App,2025,0.0011627570021627914,1,0,0.001184834123222749,0.0,0.0,0.020942748965468643
Department of Health (Philippines),2025,0.0011627570021627914,1,0,0.001184834123222749,0.0,0.0,0.020942748965468643
Government of Karnataka,2025,0.0011627570021627914,1,0,0.001184834123222749,0.0,0.0,0.020942748965468643
MIT Lincoln Laboratory,2025,0.0011627570021627914,1,0,0.001184834123222749,0.0,0.0,0.020942748965468643
Portugal,2025,0.0011627570021627914,1,0,0.001184834123222749,0.0,0.0,0.020942748965468643
CNET,2025,0.0011627570021627914,1,0,0.001184834123222749,0.0,0.0,0.020942748965468643
Government of Canada,2025,0.0011627570021627914,1,0,0.001184834123222749,0.0,0.0,0.020942748965468643
Immuni,2025,0.0011627570021627914,1,0,0.001184834123222749,0.0,0.0,0.020942748965468643
Sotrovimab,2025,0.0011627570021627914,1,0,0.001184834123222749,0.0,0.0,0.020942748965468643
Impact of the COVID-19 pandemic,2025,0.0011627570021627914,1,0,0.001184834123222749,0.0,0.0,0.020942748965468643
COVID-19 pandemic in Nauru,2025,0.0011627570021627914,1,0,0.001184834123222749,0.0,0.0,0.020942748965468643
COVID-19 pandemic in Bangladesh,2025,0.0011627570021627914,1,0,0.001184834123222749,0.0,0.0,0.020942748965468643
COVID-19 vaccination in India,2025,0.0011627570021627914,1,0,0.001184834123222749,0.0,0.0,0.020942748965468643
COVID-19 pandemic in Ottawa,2025,0.0011627570021627914,1,0,0.001184834123222749,0.0,0.0,0.020942748965468643
National Expert Group on Vaccine Administration for COVID-19,2025,0.0011627570021627914,1,0,0.001184834123222749,0.0,0.0,0.020942748965468643
COVID-19 pandemic in Vietnam,2025,0.0011627570021627914,1,0,0.001184834123222749,0.0,0.0,0.020942748965468643
Gregor Smith,2025,0.0011627570021627914,1,0,0.001184834123222749,0.0,0.0,0.020942748965468643
Corona Rintawan,2025,0.0011627570021627914,1,0,0.001184834123222749,0.0,0.0,0.020942748965468643
COVID-19 pandemic in the Crown Dependencies,2025,0.0011627570021627914,1,0,0.001184834123222749,0.0,0.0,0.020942748965468643
Maria Van Kerkhove,2025,0.0011627570021627914,1,0,0.001184834123222749,0.0,0.0,0.020942748965468643
Harsh Vardhan (Delhi politician),2025,0.0011627570021627914,1,0,0.001184834123222749,0.0,0.0,0.020942748965468643
Wang Chen (physician),2025,0.0011627570021627914,1,0,0.001184834123222749,0.0,0.0,0.020942748965468643
Henrique Gouveia e Melo,2025,0.0011627570021627914,1,0,0.001184834123222749,0.0,0.0,0.020942748965468643
NHS Nightingale Hospital North East,2025,0.0011627570021627914,1,0,0.001184834123222749,0.0,0.0,0.020942748965468643
Moderna COVID-19 vaccine,2025,0.0011627570021627914,1,0,0.001184834123222749,0.0,0.0,0.020942748965468643
Timeline of the COVID-19 pandemic in Trinidad and Tobago,2025,0.0011627570021627914,1,0,0.001184834123222749,0.0,0.0,0.020942748965468643
COVID-19 pandemic in Finland,2025,0.0011627570021627914,1,0,0.001184834123222749,0.0,0.0,0.020942748965468643
COVID-19 pandemic in Belize,2025,0.0011627570021627914,1,0,0.001184834123222749,0.0,0.0,0.020942748965468643
Sputnik Light,2025,0.0011627570021627914,1,0,0.001184834123222749,0.0,0.0,0.020942748965468643
Statistics of the COVID-19 pandemic in mainland China,2025,0.0011627570021627914,1,0,0.001184834123222749,0.0,0.0,0.020942748965468643
Sotiris Tsiodras,2025,0.0011627570021627914,1,0,0.001184834123222749,0.0,0.0,0.020942748965468643
SARS-CoV-2 variant of concern,2025,0.0011627570021627914,1,0,0.001184834123222749,0.0,0.0,0.020942748965468643
Malaysian movement control order,2025,0.0011627570021627914,1,0,0.001184834123222749,0.0,0.0,0.020942748965468643
TCN Protocol,2025,0.0011627570021627914,1,0,0.001184834123222749,0.0,0.0,0.020942748965468643
COVID-19 pandemic in Kansas,2025,0.0011627570021627914,1,0,0.001184834123222749,0.0,0.0,0.020942748965468643
COVID-19 pandemic in South Dakota,2025,0.0011627570021627914,1,0,0.001184834123222749,0.0,0.0,0.020942748965468643
Ma Xiaowei,2025,0.0011627570021627914,1,0,0.001184834123222749,0.0,0.0,0.020942748965468643
COVID-19 pandemic in Bulgaria,2025,0.0011627570021627914,1,0,0.001184834123222749,0.0,0.0,0.020942748965468643
COVID-19 vaccination in Sweden,2025,0.0011627570021627914,1,0,0.001184834123222749,0.0,0.0,0.020942748965468643
Social distancing,2025,0.0011627570021627914,1,0,0.001184834123222749,0.0,0.0,0.020942748965468643
Responses to the COVID-19 pandemic in May 2020,2025,0.0011627570021627914,1,0,0.001184834123222749,0.0,0.0,0.020942748965468643
COVID-19 vaccination in Angola,2025,0.0011627570021627914,1,0,0.001184834123222749,0.0,0.0,0.020942748965468643
Hugo López-Gatell Ramírez,2025,0.0011627570021627914,1,0,0.001184834123222749,0.0,0.0,0.020942748965468643
Timeline of the COVID-19 pandemic in January 2022,2025,0.0011627570021627914,1,0,0.001184834123222749,0.0,0.0,0.020942748965468643
Imperial College COVID-19 Response Team,2025,0.0011627570021627914,1,0,0.001184834123222749,0.0,0.0,0.020942748965468643
SARS-CoV-2 Lambda variant,2025,0.0011627570021627914,1,0,0.001184834123222749,0.0,0.0,0.020942748965468643
COVID-19 pandemic in Virginia,2025,0.0011627570021627914,1,0,0.001184834123222749,0.0,0.0,0.020942748965468643
COVID-19 pandemic in Albania,2025,0.0011627570021627914,1,0,0.001184834123222749,0.0,0.0,0.020942748965468643
Timeline of the COVID-19 pandemic in May 2021,2025,0.0011627570021627914,1,0,0.001184834123222749,0.0,0.0,0.020942748965468643
COVID-19 pandemic on cruise ships,2025,0.0011627570021627914,1,0,0.001184834123222749,0.0,0.0,0.020942748965468643
SARS-CoV-2 lineage B.1.617,2025,0.0011627570021627914,1,0,0.001184834123222749,0.0,0.0,0.020942748965468643
2022 Colombian protests,2025,0.0011627570021627914,1,0,0.001184834123222749,0.0,0.0,0.020942748965468643
Food security during the COVID-19 pandemic,2025,0.0011627570021627914,1,0,0.001184834123222749,0.0,0.0,0.020942748965468643
DelNS1-2019-nCoV-RBD-OPT,2025,0.0011627570021627914,1,0,0.001184834123222749,0.0,0.0,0.020942748965468643
COVID-19 pandemic in Oman,2025,0.0011627570021627914,1,0,0.001184834123222749,0.0,0.0,0.020942748965468643
Safe Hands Challenge,2025,0.0011627570021627914,1,0,0.001184834123222749,0.0,0.0,0.020942748965468643
COVID-19 protests in the United Kingdom,2025,0.0011627570021627914,1,0,0.001184834123222749,0.0,0.0,0.020942748965468643
COVID-19 pandemic in Chhattisgarh,2025,0.0011627570021627914,1,0,0.001184834123222749,0.0,0.0,0.020942748965468643
Impact of the COVID-19 pandemic on the African diaspora,2025,0.0011627570021627914,1,0,0.001184834123222749,0.0,0.0,0.020942748965468643
1951 Pont-Saint-Esprit mass poisoning,2025,0.0011627570021627914,1,0,0.001184834123222749,0.0,0.0,0.020942748965468643
COVID-19 pandemic in Panama,2025,0.0011627570021627914,1,0,0.001184834123222749,0.0,0.0,0.020942748965468643
COVID-19 pandemic in North Dakota,2025,0.0011627570021627914,1,0,0.001184834123222749,0.0,0.0,0.020942748965468643
Georgia Guidestones,2025,0.0011627570021627914,1,0,0.001184834123222749,0.0,0.0,0.020942748965468643
Jesuit conspiracy theories,2025,0.0011627570021627914,1,0,0.001184834123222749,0.0,0.0,0.020942748965468643
Iran,2025,0.0011627570021627914,1,0,0.001184834123222749,0.0,0.0,0.020942748965468643
GACH,2025,0.0011627570021627914,1,0,0.001184834123222749,0.0,0.0,0.020942748965468643
COVID-19 pandemic in the Marshall Islands,2025,0.0011627570021627914,1,0,0.001184834123222749,0.0,0.0,0.020942748965468643
Timeline of the COVID-19 pandemic in Bangladesh,2025,0.0011627570021627914,1,0,0.001184834123222749,0.0,0.0,0.020942748965468643
Antibiotic,2025,0.0011627570021627914,1,0,0.001184834123222749,0.0,0.0,0.020942748965468643
Corsi–Rosenthal Box,2025,0.0011627570021627914,1,0,0.001184834123222749,0.0,0.0,0.020942748965468643
COVID-19 vaccination in the United States,2025,0.0011627570021627914,1,0,0.001184834123222749,0.0,0.0,0.020942748965468643
Jeong Eun-kyeong,2025,0.0011627570021627914,1,0,0.001184834123222749,0.0,0.0,0.020942748965468643
Impact of the COVID-19 pandemic on television in the United States,2025,0.0011627570021627914,1,0,0.001184834123222749,0.0,0.0,0.020942748965468643
Pfizer–BioNTech COVID-19 vaccine,2025,0.0011627570021627914,1,0,0.001184834123222749,0.0,0.0,0.020942748965468643
Social impact of the COVID-19 pandemic,2025,0.0011627570021627914,1,0,0.001184834123222749,0.0,0.0,0.020942748965468643
COVID-19 pandemic in Haiti,2025,0.0011627570021627914,1,0,0.001184834123222749,0.0,0.0,0.020942748965468643
Inactivated vaccine,2025,0.0011627570021627914,1,0,0.001184834123222749,0.0,0.0,0.020942748965468643
1826–1837 cholera pandemic,2025,0.0011627570021627914,1,0,0.001184834123222749,0.0,0.0,0.020942748965468643
2024 dengue outbreak in Latin America and the Caribbean,2025,0.0011627570021627914,1,0,0.001184834123222749,0.0,0.0,0.020942748965468643
Avian influenza,2025,0.0011627570021627914,1,0,0.001184834123222749,0.0,0.0,0.020942748965468643
Land Reform Movement,2025,0.0011627570021627914,1,0,0.001184834123222749,0.0,0.0,0.020942748965468643
2019–2020 New Zealand measles outbreak,2025,0.0011627570021627914,1,0,0.001184834123222749,0.0,0.0,0.020942748965468643
Pollution in China,2025,0.0011627570021627914,1,0,0.001184834123222749,0.0,0.0,0.020942748965468643
Zero-COVID,2025,0.0011627570021627914,1,0,0.001184834123222749,0.0,0.0,0.020942748965468643
Strike Hard Against Crime Campaign (1983),2025,0.0011627570021627914,1,0,0.001184834123222749,0.0,0.0,0.020942748965468643
Groningen epidemic,2025,0.0011627570021627914,1,0,0.001184834123222749,0.0,0.0,0.020942748965468643
CNN,2025,0.0011627570021627914,1,0,0.001184834123222749,0.0,0.0,0.020942748965468643
Middle East respiratory syndrome-related coronavirus,2025,0.0011627570021627914,1,0,0.001184834123222749,0.0,0.0,0.020942748965468643
Transmission (medicine),2025,0.0011627570021627914,1,0,0.001184834123222749,0.0,0.0,0.020942748965468643
Glasses,2025,0.0011627570021627914,1,0,0.001184834123222749,0.0,0.0,0.020942748965468643
Hospital gown,2025,0.0011627570021627914,1,0,0.001184834123222749,0.0,0.0,0.020942748965468643
Sofie Carsten Nielsen,2025,0.0011627570021627914,1,0,0.001184834123222749,0.0,0.0,0.020942748965468643
TV 2 (Denmark),2025,0.0011627570021627914,1,0,0.001184834123222749,0.0,0.0,0.020942748965468643
Danish People's Party,2025,0.0011627570021627914,1,0,0.001184834123222749,0.0,0.0,0.020942748965468643
Jyllands-Posten,2025,0.0011627570021627914,1,0,0.001184834123222749,0.0,0.0,0.020942748965468643
Constitutional law,2025,0.0011627570021627914,1,0,0.001184834123222749,0.0,0.0,0.020942748965468643
Mogens Jensen (politician),2025,0.0011627570021627914,1,0,0.001184834123222749,0.0,0.0,0.020942748965468643
Administrative law,2025,0.0011627570021627914,1,0,0.001184834123222749,0.0,0.0,0.020942748965468643
Mink Commission,2025,0.0011627570021627914,1,0,0.001184834123222749,0.0,0.0,0.020942748965468643
Holstebro,2025,0.0011627570021627914,1,0,0.001184834123222749,0.0,0.0,0.020942748965468643
Perindopril/bisoprolol,2025,0.0011627570021627914,1,0,0.001184834123222749,0.0,0.0,0.020942748965468643
Addiction medicine,2025,0.0011627570021627914,1,0,0.001184834123222749,0.0,0.0,0.020942748965468643
Olodanrigan,2025,0.0011627570021627914,1,0,0.001184834123222749,0.0,0.0,0.020942748965468643
ATC code V,2025,0.0011627570021627914,1,0,0.001184834123222749,0.0,0.0,0.020942748965468643
Diabetes mellitus,2025,0.0011627570021627914,1,0,0.001184834123222749,0.0,0.0,0.020942748965468643
ATC code L,2025,0.0011627570021627914,1,0,0.001184834123222749,0.0,0.0,0.020942748965468643
Suicide inhibition,2025,0.0011627570021627914,1,0,0.001184834123222749,0.0,0.0,0.020942748965468643
Perindopril/amlodipine/indapamide,2025,0.0011627570021627914,1,0,0.001184834123222749,0.0,0.0,0.020942748965468643
Ramipril,2025,0.0011627570021627914,1,0,0.001184834123222749,0.0,0.0,0.020942748965468643
Competitive inhibition,2025,0.0011627570021627914,1,0,0.001184834123222749,0.0,0.0,0.020942748965468643
Primary care,2025,0.0011627570021627914,1,0,0.001184834123222749,0.0,0.0,0.020942748965468643
Asthma,2025,0.0011627570021627914,1,0,0.001184834123222749,0.0,0.0,0.020942748965468643
Enteritis,2025,0.0011627570021627914,1,0,0.001184834123222749,0.0,0.0,0.020942748965468643
Respiratory failure,2025,0.0011627570021627914,1,0,0.001184834123222749,0.0,0.0,0.020942748965468643
Medicine,2025,0.0011627570021627914,1,0,0.001184834123222749,0.0,0.0,0.020942748965468643
Syndrome,2025,0.0011627570021627914,1,0,0.001184834123222749,0.0,0.0,0.020942748965468643
Disease,2025,0.0011627570021627914,1,0,0.001184834123222749,0.0,0.0,0.020942748965468643
Medical sign,2025,0.0011627570021627914,1,0,0.001184834123222749,0.0,0.0,0.020942748965468643
Poultry,2025,0.0011627570021627914,1,0,0.001184834123222749,0.0,0.0,0.020942748965468643
Nephrosis,2025,0.0011627570021627914,1,0,0.001184834123222749,0.0,0.0,0.020942748965468643
MedlinePlus,2025,0.0011627570021627914,1,0,0.001184834123222749,0.0,0.0,0.020942748965468643
Steroid,2025,0.0011627570021627914,1,0,0.001184834123222749,0.0,0.0,0.020942748965468643
Multiple organ dysfunction syndrome,2025,0.0011627570021627914,1,0,0.001184834123222749,0.0,0.0,0.020942748965468643
Hemodialysis,2025,0.0011627570021627914,1,0,0.001184834123222749,0.0,0.0,0.020942748965468643
Dopamine,2025,0.0011627570021627914,1,0,0.001184834123222749,0.0,0.0,0.020942748965468643
Analgesic nephropathy,2025,0.0011627570021627914,1,0,0.001184834123222749,0.0,0.0,0.020942748965468643
HAVCR1,2025,0.0011627570021627914,1,0,0.001184834123222749,0.0,0.0,0.020942748965468643
End-stage kidney disease,2025,0.0011627570021627914,1,0,0.001184834123222749,0.0,0.0,0.020942748965468643
Neurogenic bladder,2025,0.0011627570021627914,1,0,0.001184834123222749,0.0,0.0,0.020942748965468643
Mechanical ventilation,2025,0.0011627570021627914,1,0,0.001184834123222749,0.0,0.0,0.020942748965468643
Induced coma,2025,0.0011627570021627914,1,0,0.001184834123222749,0.0,0.0,0.020942748965468643
Blood pressure,2025,0.0011627570021627914,1,0,0.001184834123222749,0.0,0.0,0.020942748965468643
Early goal-directed therapy,2025,0.0011627570021627914,1,0,0.001184834123222749,0.0,0.0,0.020942748965468643
Continuous positive airway pressure,2025,0.0011627570021627914,1,0,0.001184834123222749,0.0,0.0,0.020942748965468643
Bronchitis,2025,0.0011627570021627914,1,0,0.001184834123222749,0.0,0.0,0.020942748965468643
Lymphocytes,2025,0.0011627570021627914,1,0,0.001184834123222749,0.0,0.0,0.020942748965468643
Permissive hypercapnia,2025,0.0011627570021627914,1,0,0.001184834123222749,0.0,0.0,0.020942748965468643
Neuromuscular blockers,2025,0.0011627570021627914,1,0,0.001184834123222749,0.0,0.0,0.020942748965468643
Tarsus (skeleton),2025,0.0011627570021627914,1,0,0.001184834123222749,0.0,0.0,0.020942748965468643
Nervous tissue,2025,0.0011627570021627914,1,0,0.001184834123222749,0.0,0.0,0.020942748965468643
Red pulp,2025,0.0011627570021627914,1,0,0.001184834123222749,0.0,0.0,0.020942748965468643
Viral fusion proteins,2025,0.0011627570021627914,1,0,0.001184834123222749,0.0,0.0,0.020942748965468643
Piwi-interacting RNA,2025,0.0011627570021627914,1,0,0.001184834123222749,0.0,0.0,0.020942748965468643
Hematopoietic stem cell,2025,0.0011627570021627914,1,0,0.001184834123222749,0.0,0.0,0.020942748965468643
Kidney,2025,0.0011627570021627914,1,0,0.001184834123222749,0.0,0.0,0.020942748965468643
Ovary,2025,0.0011627570021627914,1,0,0.001184834123222749,0.0,0.0,0.020942748965468643
Cytosine deaminase,2025,0.0011627570021627914,1,0,0.001184834123222749,0.0,0.0,0.020942748965468643
Pancreatic islets,2025,0.0011627570021627914,1,0,0.001184834123222749,0.0,0.0,0.020942748965468643
Plutonium in the environment,2025,0.0011627570021627914,1,0,0.001184834123222749,0.0,0.0,0.020942748965468643
List of least polluted cities by particulate matter concentration,2025,0.0011627570021627914,1,0,0.001184834123222749,0.0,0.0,0.020942748965468643
Cleaner production,2025,0.0011627570021627914,1,0,0.001184834123222749,0.0,0.0,0.020942748965468643
Environmental radioactivity,2025,0.0011627570021627914,1,0,0.001184834123222749,0.0,0.0,0.020942748965468643
Zero waste,2025,0.0011627570021627914,1,0,0.001184834123222749,0.0,0.0,0.020942748965468643
Manure management,2025,0.0011627570021627914,1,0,0.001184834123222749,0.0,0.0,0.020942748965468643
Aerosol impaction,2025,0.0011627570021627914,1,0,0.001184834123222749,0.0,0.0,0.020942748965468643
Airborne disease,2025,0.0011627570021627914,1,0,0.001184834123222749,0.0,0.0,0.020942748965468643
Chemical warfare,2025,0.0011627570021627914,1,0,0.001184834123222749,0.0,0.0,0.020942748965468643
Acquired taste,2025,0.0011627570021627914,1,0,0.001184834123222749,0.0,0.0,0.020942748965468643
Anterograde amnesia,2025,0.0011627570021627914,1,0,0.001184834123222749,0.0,0.0,0.020942748965468643
Signs and symptoms,2025,0.0011627570021627914,1,0,0.001184834123222749,0.0,0.0,0.020942748965468643
Otolaryngologist,2025,0.0011627570021627914,1,0,0.001184834123222749,0.0,0.0,0.020942748965468643
Bitter (taste),2025,0.0011627570021627914,1,0,0.001184834123222749,0.0,0.0,0.020942748965468643
Suicidal ideation,2025,0.0011627570021627914,1,0,0.001184834123222749,0.0,0.0,0.020942748965468643
Tongue,2025,0.0011627570021627914,1,0,0.001184834123222749,0.0,0.0,0.020942748965468643
Diplopia,2025,0.0011627570021627914,1,0,0.001184834123222749,0.0,0.0,0.020942748965468643
Cognition,2025,0.0011627570021627914,1,0,0.001184834123222749,0.0,0.0,0.020942748965468643
Behavior,2025,0.0011627570021627914,1,0,0.001184834123222749,0.0,0.0,0.020942748965468643
COVID-19 pandemic in Cusco,2025,0.0011627570021627914,1,0,0.001184834123222749,0.0,0.0,0.020942748965468643
New York state government response to the COVID-19 pandemic,2025,0.0011627570021627914,1,0,0.001184834123222749,0.0,0.0,0.020942748965468643
COVID-19 lockdown in India,2025,0.0011627570021627914,1,0,0.001184834123222749,0.0,0.0,0.020942748965468643
COVID-19 pandemic in Kenya,2025,0.0011627570021627914,1,0,0.001184834123222749,0.0,0.0,0.020942748965468643
Timeline of the COVID-19 pandemic in May 2020,2025,0.0011627570021627914,1,0,0.001184834123222749,0.0,0.0,0.020942748965468643
History of the COVID-19 pandemic in the United Kingdom,2025,0.0011627570021627914,1,0,0.001184834123222749,0.0,0.0,0.020942748965468643
Shabir Madhi,2025,0.0011627570021627914,1,0,0.001184834123222749,0.0,0.0,0.020942748965468643
Ashley Bloomfield,2025,0.0011627570021627914,1,0,0.001184834123222749,0.0,0.0,0.020942748965468643
Fecal–oral route,2025,0.0011627570021627914,1,0,0.001184834123222749,0.0,0.0,0.020942748965468643
Sapronosis,2025,0.0011627570021627914,1,0,0.001184834123222749,0.0,0.0,0.020942748965468643
Health communication,2025,0.0011627570021627914,1,0,0.001184834123222749,0.0,0.0,0.020942748965468643
Transmission-based precautions,2025,0.0011627570021627914,1,0,0.001184834123222749,0.0,0.0,0.020942748965468643
Antimicrobial,2025,0.0011627570021627914,1,0,0.001184834123222749,0.0,0.0,0.020942748965468643
Engineering controls,2025,0.0011627570021627914,1,0,0.001184834123222749,0.0,0.0,0.020942748965468643
Monoclonal antibody therapy,2025,0.0011627570021627914,1,0,0.001184834123222749,0.0,0.0,0.020942748965468643
Disability-adjusted life years,2025,0.0011627570021627914,1,0,0.001184834123222749,0.0,0.0,0.020942748965468643
Bioterrorism,2025,0.0011627570021627914,1,0,0.001184834123222749,0.0,0.0,0.020942748965468643
Barrier nursing,2025,0.0011627570021627914,1,0,0.001184834123222749,0.0,0.0,0.020942748965468643
Biological life cycle,2025,0.0011627570021627914,1,0,0.001184834123222749,0.0,0.0,0.020942748965468643
Cystic fibrosis,2025,0.0011627570021627914,1,0,0.001184834123222749,0.0,0.0,0.020942748965468643
Genetic disorders,2025,0.0011627570021627914,1,0,0.001184834123222749,0.0,0.0,0.020942748965468643
Meiosis,2025,0.0011627570021627914,1,0,0.001184834123222749,0.0,0.0,0.020942748965468643
Pea,2025,0.0011627570021627914,1,0,0.001184834123222749,0.0,0.0,0.020942748965468643
Albinism,2025,0.0011627570021627914,1,0,0.001184834123222749,0.0,0.0,0.020942748965468643
Mutation,2025,0.0011627570021627914,1,0,0.001184834123222749,0.0,0.0,0.020942748965468643
Quantitative genetics,2025,0.0011627570021627914,1,0,0.001184834123222749,0.0,0.0,0.020942748965468643
Epigenetic,2025,0.0011627570021627914,1,0,0.001184834123222749,0.0,0.0,0.020942748965468643
Heterozygous,2025,0.0011627570021627914,1,0,0.001184834123222749,0.0,0.0,0.020942748965468643
Responses to the COVID-19 pandemic in July 2021,2025,0.0011627570021627914,1,0,0.001184834123222749,0.0,0.0,0.020942748965468643
Responses to the COVID-19 pandemic in December 2020,2025,0.0011627570021627914,1,0,0.001184834123222749,0.0,0.0,0.020942748965468643
Positive feedback,2025,0.0011627570021627914,1,0,0.001184834123222749,0.0,0.0,0.020942748965468643
Impact of the COVID-19 pandemic on the video game industry,2025,0.0011627570021627914,1,0,0.001184834123222749,0.0,0.0,0.020942748965468643
Philippine government response to the COVID-19 pandemic,2025,0.0011627570021627914,1,0,0.001184834123222749,0.0,0.0,0.020942748965468643
List of American television series impacted by the COVID-19 pandemic,2025,0.0011627570021627914,1,0,0.001184834123222749,0.0,0.0,0.020942748965468643
Anthony Fauci,2025,0.001080835967181253,1,10,0.001184834123222749,0.011848341232227489,4.754467416446178e-05,0.020942748965468643
ArXiv (identifier),2025,0.001080835967181253,1,1,0.001184834123222749,0.001184834123222749,4.754467416446178e-06,0.020942748965468643
ArcGIS,2025,0.001080835967181253,1,10,0.001184834123222749,0.011848341232227489,4.754467416446178e-05,0.020942748965468643
Bibcode (identifier),2025,0.001080835967181253,1,1,0.001184834123222749,0.001184834123222749,4.754467416446178e-06,0.020942748965468643
Caixin,2025,0.001080835967181253,1,10,0.001184834123222749,0.011848341232227489,4.279020674801561e-05,0.020942748965468643
Centers for Disease Control and Prevention,2025,0.001080835967181253,1,10,0.001184834123222749,0.011848341232227489,4.754467416446178e-05,0.020942748965468643
Donald McNeil Jr.,2025,0.001080835967181253,1,1,0.001184834123222749,0.001184834123222749,4.754467416446178e-06,0.020942748965468643
Encyclopædia Britannica,2025,0.001080835967181253,1,10,0.001184834123222749,0.011848341232227489,4.744958481613286e-05,0.020942748965468643
European Centre for Disease Prevention and Control,2025,0.001080835967181253,1,10,0.001184834123222749,0.011848341232227489,4.754467416446178e-05,0.020942748965468643
Food and Drug Administration,2025,0.001080835967181253,1,10,0.001184834123222749,0.011848341232227489,3.803573933156943e-05,0.020942748965468643
Hannah Ritchie,2025,0.001080835967181253,1,10,0.001184834123222749,0.011848341232227489,3.7959667852906285e-05,0.020942748965468643
Knowable Magazine,2025,0.001080835967181253,1,10,0.001184834123222749,0.011848341232227489,4.754467416446178e-05,0.020942748965468643
LCCN (identifier),2025,0.001080835967181253,1,1,0.001184834123222749,0.001184834123222749,4.754467416446178e-06,0.020942748965468643
National COVID-19 Clinical Evidence Taskforce,2025,0.001080835967181253,1,1,0.001184834123222749,0.001184834123222749,4.754467416446178e-06,0.020942748965468643
National Geographic,2025,0.001080835967181253,1,10,0.001184834123222749,0.011848341232227489,3.803573933156943e-05,0.020942748965468643
National Institute for Health Research,2025,0.001080835967181253,1,1,0.001184834123222749,0.001184834123222749,4.754467416446178e-06,0.020942748965468643
Nature (journal),2025,0.001080835967181253,1,10,0.001184834123222749,0.011848341232227489,4.279020674801561e-05,0.020942748965468643
Nature Portfolio,2025,0.001080835967181253,1,10,0.001184834123222749,0.011848341232227489,4.744958481613286e-05,0.020942748965468643
OCLC (identifier),2025,0.001080835967181253,1,2,0.001184834123222749,0.002369668246445498,9.489916963226571e-06,0.020942748965468643
Oxford English Dictionary,2025,0.001080835967181253,1,10,0.001184834123222749,0.011848341232227489,4.5077105575326214e-05,0.020942748965468643
PMC (identifier),2025,0.001080835967181253,1,1,0.001184834123222749,0.001184834123222749,4.744958481613286e-06,0.020942748965468643
Politico,2025,0.001080835967181253,1,10,0.001184834123222749,0.011848341232227489,4.279020674801561e-05,0.020942748965468643
ResearchGate,2025,0.001080835967181253,1,10,0.001184834123222749,0.011848341232227489,4.754467416446178e-05,0.020942748965468643
Reuters,2025,0.001080835967181253,1,10,0.001184834123222749,0.011848341232227489,3.7959667852906285e-05,0.020942748965468643
Richard Horton (editor),2025,0.001080835967181253,1,10,0.001184834123222749,0.011848341232227489,4.744958481613286e-05,0.020942748965468643
SSRN (identifier),2025,0.001080835967181253,1,1,0.001184834123222749,0.001184834123222749,4.754467416446178e-06,0.020942748965468643
Science-Based Medicine,2025,0.001080835967181253,1,10,0.001184834123222749,0.011848341232227489,3.3214709371293e-05,0.020942748965468643
Science (journal),2025,0.001080835967181253,1,10,0.001184834123222749,0.011848341232227489,4.754467416446178e-05,0.020942748965468643
The Economist,2025,0.001080835967181253,1,10,0.001184834123222749,0.011848341232227489,4.744958481613286e-05,0.020942748965468643
The Globe and Mail,2025,0.001080835967181253,1,10,0.001184834123222749,0.011848341232227489,4.744958481613286e-05,0.020942748965468643
The Guardian,2025,0.001080835967181253,1,10,0.001184834123222749,0.011848341232227489,4.744958481613286e-05,0.020942748965468643
The New York Times,2025,0.001080835967181253,1,10,0.001184834123222749,0.011848341232227489,4.516744045623869e-05,0.020942748965468643
The Wall Street Journal,2025,0.001080835967181253,1,10,0.001184834123222749,0.011848341232227489,4.754467416446178e-05,0.020942748965468643
University of Washington,2025,0.001080835967181253,1,10,0.001184834123222749,0.011848341232227489,4.754467416446178e-05,0.020942748965468643
UpToDate,2025,0.001080835967181253,1,10,0.001184834123222749,0.011848341232227489,3.7959667852906285e-05,0.020942748965468643
Wayback Machine,2025,0.001080835967181253,1,10,0.001184834123222749,0.011848341232227489,4.754467416446178e-05,0.020942748965468643
World Health Organization (WHO),2025,0.001080835967181253,1,1,0.001184834123222749,0.001184834123222749,0.0,0.020942748965468643
YouTube,2025,0.001080835967181253,1,10,0.001184834123222749,0.011848341232227489,4.754467416446178e-05,0.020942748965468643
COVID-19 pandemic,2025,0.001080835967181253,1,10,0.001184834123222749,0.011848341232227489,4.270462633451957e-05,0.020942748965468643
Coronavirus diseases,2025,0.001080835967181253,1,10,0.001184834123222749,0.011848341232227489,4.279020674801561e-05,0.020942748965468643
SARS-CoV-2,2025,0.001080835967181253,1,10,0.001184834123222749,0.011848341232227489,4.279020674801561e-05,0.020942748965468643
Symptoms of COVID-19,2025,0.001080835967181253,1,10,0.001184834123222749,0.011848341232227489,4.744958481613286e-05,0.020942748965468643
Long COVID,2025,0.001080835967181253,1,10,0.001184834123222749,0.011848341232227489,4.033214709371293e-05,0.020942748965468643
Face masks during the COVID-19 pandemic,2025,0.001080835967181253,1,10,0.001184834123222749,0.011848341232227489,4.516744045623869e-05,0.020942748965468643
Hand washing,2025,0.001080835967181253,1,10,0.001184834123222749,0.011848341232227489,4.270462633451957e-05,0.020942748965468643
COVID-19 drug development,2025,0.001080835967181253,1,10,0.001184834123222749,0.011848341232227489,4.5077105575326214e-05,0.020942748965468643
Treatment and management of COVID-19,2025,0.001080835967181253,1,10,0.001184834123222749,0.011848341232227489,4.754467416446178e-05,0.020942748965468643
COVID-19 naming,2025,0.001080835967181253,1,10,0.001184834123222749,0.011848341232227489,4.279020674801561e-05,0.020942748965468643
Variants of SARS-CoV-2,2025,0.001080835967181253,1,10,0.001184834123222749,0.011848341232227489,4.279020674801561e-05,0.020942748965468643
Workplace hazard controls for COVID-19,2025,0.001080835967181253,1,10,0.001184834123222749,0.011848341232227489,4.279020674801561e-05,0.020942748965468643
Non-pharmaceutical intervention (epidemiology),2025,0.001080835967181253,1,10,0.001184834123222749,0.011848341232227489,4.5077105575326214e-05,0.020942748965468643
Pandemic predictions and preparations prior to the COVID-19 pandemic,2025,0.001080835967181253,1,10,0.001184834123222749,0.011848341232227489,4.754467416446178e-05,0.020942748965468643
COVID-19 surveillance,2025,0.001080835967181253,1,10,0.001184834123222749,0.011848341232227489,4.279020674801561e-05,0.020942748965468643
COVID-19 apps,2025,0.001080835967181253,1,10,0.001184834123222749,0.011848341232227489,4.516744045623869e-05,0.020942748965468643
Social distancing measures related to the COVID-19 pandemic,2025,0.001080835967181253,1,10,0.001184834123222749,0.011848341232227489,4.754467416446178e-05,0.020942748965468643
COVID-19 pandemic death rates by country,2025,0.001080835967181253,1,10,0.001184834123222749,0.011848341232227489,4.744958481613286e-05,0.020942748965468643
Impact of the COVID-19 pandemic on children,2025,0.001080835967181253,1,10,0.001184834123222749,0.011848341232227489,4.754467416446178e-05,0.020942748965468643
Gendered impact of the COVID-19 pandemic,2025,0.001080835967181253,1,10,0.001184834123222749,0.011848341232227489,4.744958481613286e-05,0.020942748965468643
Timeline of the COVID-19 pandemic,2025,0.001080835967181253,1,10,0.001184834123222749,0.011848341232227489,4.754467416446178e-05,0.020942748965468643
Investigations into the origin of COVID-19,2025,0.001080835967181253,1,1,0.001184834123222749,0.001184834123222749,4.754467416446178e-06,0.020942748965468643
COVID-19 misinformation,2025,0.001080835967181253,1,10,0.001184834123222749,0.011848341232227489,4.5077105575326214e-05,0.020942748965468643
COVID-19 drug repurposing research,2025,0.001080835967181253,1,10,0.001184834123222749,0.011848341232227489,4.754467416446178e-05,0.020942748965468643
Impact of the COVID-19 pandemic on animals,2025,0.001080835967181253,1,1,0.001184834123222749,0.001184834123222749,4.754467416446178e-06,0.020942748965468643
Law of declining virulence,2025,0.001080835967181253,1,1,0.001184834123222749,0.001184834123222749,4.754467416446178e-06,0.020942748965468643
Theory of virulence,2025,0.001080835967181253,1,1,0.001184834123222749,0.001184834123222749,4.754467416446178e-06,0.020942748965468643
2002–2004 SARS outbreak,2025,0.001080835967181253,1,10,0.001184834123222749,0.011848341232227489,4.5077105575326214e-05,0.020942748965468643
2002–2004 SARS outbreak among healthcare workers,2025,0.001080835967181253,1,10,0.001184834123222749,0.011848341232227489,1.307478539522699e-05,0.020942748965468643
2020 Danish mink cull,2025,0.001080835967181253,1,10,0.001184834123222749,0.011848341232227489,4.270462633451957e-05,0.020942748965468643
2021–2022 global supply chain crisis,2025,0.001080835967181253,1,1,0.001184834123222749,0.001184834123222749,4.754467416446178e-06,0.020942748965468643
ACE inhibitor,2025,0.001080835967181253,1,10,0.001184834123222749,0.011848341232227489,4.754467416446178e-05,0.020942748965468643
Acute (medicine),2025,0.001080835967181253,1,10,0.001184834123222749,0.011848341232227489,4.279020674801561e-05,0.020942748965468643
Acute kidney injury,2025,0.001080835967181253,1,10,0.001184834123222749,0.011848341232227489,4.754467416446178e-05,0.020942748965468643
Acute respiratory distress syndrome,2025,0.001080835967181253,1,10,0.001184834123222749,0.011848341232227489,4.5077105575326214e-05,0.020942748965468643
Adaptive immune system,2025,0.001080835967181253,1,10,0.001184834123222749,0.011848341232227489,4.754467416446178e-05,0.020942748965468643
Adenovirus,2025,0.001080835967181253,1,1,0.001184834123222749,0.001184834123222749,4.754467416446178e-06,0.020942748965468643
Aerosol,2025,0.001080835967181253,1,10,0.001184834123222749,0.011848341232227489,4.270462633451957e-05,0.020942748965468643
Ageusia,2025,0.001080835967181253,1,10,0.001184834123222749,0.011848341232227489,4.754467416446178e-05,0.020942748965468643
Ai Fen,2025,0.001080835967181253,1,10,0.001184834123222749,0.011848341232227489,4.270462633451957e-05,0.020942748965468643
Air filtration,2025,0.001080835967181253,1,3,0.001184834123222749,0.0035545023696682467,1.4263402249338536e-05,0.020942748965468643
Airborne transmission,2025,0.001080835967181253,1,10,0.001184834123222749,0.011848341232227489,4.754467416446178e-05,0.020942748965468643
Allele,2025,0.001080835967181253,1,10,0.001184834123222749,0.011848341232227489,4.744958481613286e-05,0.020942748965468643
Alzheimer's disease and COVID-19,2025,0.001080835967181253,1,10,0.001184834123222749,0.011848341232227489,3.7959667852906285e-05,0.020942748965468643
ISSN,2026,0.002319907183620069,1,0,0.0011961722488038277,0.0,0.0,0.024835390175140897
PubMed,2026,0.002319907183620069,1,0,0.0011961722488038277,0.0,0.0,0.024835390175140897
Semantic Scholar,2026,0.0022489491644631723,1,0,0.0011961722488038277,0.0,0.0,0.1738477312259863
Digital object identifier,2026,0.002170653929057769,1,0,0.0011961722488038277,0.0,0.0,0.019868312140112723
PubMed Central,2026,0.002170653929057769,1,0,0.0011961722488038277,0.0,0.0,0.16888065319095813
COVID-19 pandemic and animals,2026,0.00210723609386202,2,0,0.0023923444976076554,0.0,0.0,0.01490123410508454
Bibcode,2026,0.0020850214774038593,1,0,0.0011961722488038277,0.0,0.0,0.009934156070056361
ArXiv,2026,0.002006726241998456,1,0,0.0011961722488038277,0.0,0.0,0.004967078035028181
Donald G. McNeil Jr.,2026,0.002006726241998456,1,0,0.0011961722488038277,0.0,0.0,0.004967078035028181
Handle System,2026,0.002006726241998456,1,0,0.0011961722488038277,0.0,0.0,0.004967078035028181
National Institute of Health (Italy),2026,0.002006726241998456,1,0,0.0011961722488038277,0.0,0.0,0.004967078035028181
Library of Congress Control Number,2026,0.002006726241998456,1,0,0.0011961722488038277,0.0,0.0,0.004967078035028181
COVID-19 pandemic in Australia,2026,0.002006726241998456,1,0,0.0011961722488038277,0.0,0.0,0.004967078035028181
National Institute for Health and Care Research,2026,0.002006726241998456,1,0,0.0011961722488038277,0.0,0.0,0.004967078035028181
Social Science Research Network,2026,0.002006726241998456,1,0,0.0011961722488038277,0.0,0.0,0.004967078035028181
Origin of SARS-CoV-2,2026,0.002006726241998456,1,0,0.0011961722488038277,0.0,0.0,0.004967078035028181
Theobald Smith,2026,0.002006726241998456,1,0,0.0011961722488038277,0.0,0.0,0.004967078035028181
Paul W. Ewald,2026,0.002006726241998456,1,0,0.0011961722488038277,0.0,0.0,0.004967078035028181
2021–2023 global supply chain crisis,2026,0.002006726241998456,1,0,0.0011961722488038277,0.0,0.0,0.004967078035028181
Adenoviridae,2026,0.002006726241998456,1,0,0.0011961722488038277,0.0,0.0,0.004967078035028181
OCLC,2026,0.0015824722180860396,1,0,0.0011961722488038277,0.0,0.0,0.009934156070056361
HTML element,2026,0.0015824722180860396,1,0,0.0011961722488038277,0.0,0.0,0.009934156070056361
ISSN (identifier),2026,0.0014607101673932328,5,1,0.005980861244019139,0.0011961722488038277,9.600038400153601e-06,0.024835390175140897
PMID (identifier),2026,0.0014607101673932328,5,1,0.005980861244019139,0.0011961722488038277,1.1976047904191617e-05,0.024835390175140897
S2CID (identifier),2026,0.0013765930842356002,4,1,0.004784688995215311,0.0011961722488038277,1.4400057600230401e-05,0.17881480926101448
ISBN (identifier),2026,0.001365793467277831,3,0,0.003588516746411483,0.0,0.0,0.019868312140112723
Molson Canadian Rocks for Toronto,2026,0.0012902396292855894,2,0,0.0023923444976076554,0.0,0.0,0.3327942283468881
PMC (identifier),2026,0.0012839127559125766,3,1,0.003588516746411483,0.0011961722488038277,1.2000048000192e-05,0.17384773122598632
2002–2004 SARS outbreak,2026,0.0012839127559125766,3,10,0.003588516746411483,0.011961722488038277,0.0001125748502994012,0.17384773122598632
Doi (identifier),2026,0.0012831790342877258,3,1,0.003588516746411483,0.0011961722488038277,9.600038400153601e-06,0.019868312140112723
NBC News,2026,0.0012816763841201984,2,0,0.0023923444976076554,0.0,0.0,0.024835390175140897
Bio-secure bubble,2026,0.0012816763841201984,2,0,0.0023923444976076554,0.0,0.0,0.0248353901751409
COVID-19 pandemic in Sweden,2026,0.0012809426624953476,2,0,0.0023923444976076554,0.0,0.0,0.019868312140112723
The New York Times,2026,0.0012753495107471855,3,10,0.003588516746411483,0.011961722488038277,7.200028800115201e-05,0.014901234105084541
Wayback Machine,2026,0.0012753495107471855,3,10,0.003588516746411483,0.011961722488038277,9.6000384001536e-05,0.014901234105084541
CNN,2026,0.0012738468605796582,2,0,0.0023923444976076554,0.0,0.0,0.019868312140112716
Financial Times,2026,0.0012738468605796582,2,0,0.0023923444976076554,0.0,0.0,0.019868312140112716
Hay Festival,2026,0.0012738468605796582,2,0,0.0023923444976076554,0.0,0.0,0.019868312140112716
Deforestation,2026,0.0012731131389548075,2,0,0.0023923444976076554,0.0,0.0,0.01490123410508454
Federal Bureau of Investigation,2026,0.0012731131389548075,2,0,0.0023923444976076554,0.0,0.0,0.01490123410508454
COVID-19 pandemic in Mexico,2026,0.0012731131389548075,2,0,0.0023923444976076554,0.0,0.0,0.01490123410508454
COVID-19 vaccine hesitancy in the United States,2026,0.0012731131389548075,2,0,0.0023923444976076554,0.0,0.0,0.01490123410508454
Palgrave Macmillan,2026,0.0012652836154142671,2,0,0.0023923444976076554,0.0,0.0,0.009934156070056361
NPR,2026,0.0012652836154142671,2,0,0.0023923444976076554,0.0,0.0,0.009934156070056361
COVID-19 pandemic in Iceland,2026,0.0012652836154142671,2,0,0.0023923444976076554,0.0,0.0,0.009934156070056361
Noor Hisham Abdullah,2026,0.0012652836154142671,2,0,0.0023923444976076554,0.0,0.0,0.009934156070056361
Protein,2026,0.0012652836154142671,2,0,0.0023923444976076554,0.0,0.0,0.009934156070056361
Wuhan,2026,0.0012652836154142671,2,0,0.0023923444976076554,0.0,0.0,0.009934156070056361
COVID-19 pandemic in the Dominican Republic,2026,0.0012652836154142671,2,0,0.0023923444976076554,0.0,0.0,0.009934156070056361
UK Rapid Test Consortium,2026,0.0012652836154142671,2,0,0.0023923444976076554,0.0,0.0,0.009934156070056361
1:99 Concert,2026,0.001191232427589553,2,10,0.0023923444976076554,0.011961722488038277,7.920031680126721e-05,0.16888065319095813
2002–2004 SARS outbreak among healthcare workers,2026,0.001191232427589553,2,10,0.0023923444976076554,0.011961722488038277,6.0000240000960005e-05,0.16888065319095813
The Guardian,2026,0.0011904987059647022,2,10,0.0023923444976076554,0.011961722488038277,6.48002592010368e-05,0.014901234105084541
Scientific American,2026,0.0011904987059647022,2,10,0.0023923444976076554,0.011961722488038277,6.96002784011136e-05,0.014901234105084541
Treatment and management of COVID-19,2026,0.0011904987059647022,2,10,0.0023923444976076554,0.011961722488038277,9.341317365269461e-05,0.014901234105084541
Chang'e 3,2026,0.001188996055797175,1,0,0.0011961722488038277,0.0,0.0,0.16888065319095813
China–United States trade war,2026,0.001188996055797175,1,0,0.0011961722488038277,0.0,0.0,0.16888065319095813
Special economic zones of China,2026,0.001188996055797175,1,0,0.0011961722488038277,0.0,0.0,0.16888065319095813
Three Communiqués,2026,0.001188996055797175,1,0,0.0011961722488038277,0.0,0.0,0.16888065319095813
Hubei,2026,0.001188996055797175,1,0,0.0011961722488038277,0.0,0.0,0.16888065319095813
Stroke in China,2026,0.001188996055797175,1,0,0.0011961722488038277,0.0,0.0,0.16888065319095813
Betaarterivirus suid 1,2026,0.001188996055797175,1,0,0.0011961722488038277,0.0,0.0,0.16888065319095813
Canada,2026,0.001188996055797175,1,0,0.0011961722488038277,0.0,0.0,0.16888065319095813
1853 Stockholm cholera outbreak,2026,0.001188996055797175,1,0,0.0011961722488038277,0.0,0.0,0.16888065319095813
Margaret Widdemer,2026,0.0011882623341723242,1,0,0.0011961722488038277,0.0,0.0,0.014901234105084538
Joel Waldfogel,2026,0.0011882623341723242,1,0,0.0011961722488038277,0.0,0.0,0.014901234105084538
Japan,2026,0.0011882623341723242,1,0,0.0011961722488038277,0.0,0.0,0.014901234105084538
Frank Longo,2026,0.0011882623341723242,1,0,0.0011961722488038277,0.0,0.0,0.014901234105084538
Jim Hoagland,2026,0.0011882623341723242,1,0,0.0011961722488038277,0.0,0.0,0.014901234105084538
International Herald Tribune,2026,0.0011882623341723242,1,0,0.0011961722488038277,0.0,0.0,0.014901234105084538
Deepa Seetharaman,2026,0.0011882623341723242,1,0,0.0011961722488038277,0.0,0.0,0.014901234105084538
App Store (Apple),2026,0.0011882623341723242,1,0,0.0011961722488038277,0.0,0.0,0.014901234105084538
Assault weapons legislation in the United States,2026,0.0011882623341723242,1,0,0.0011961722488038277,0.0,0.0,0.014901234105084538
General relativity,2026,0.0011882623341723242,1,0,0.0011961722488038277,0.0,0.0,0.014901234105084538
Universal Music Group v. Internet Archive,2026,0.0011882623341723242,1,0,0.0011961722488038277,0.0,0.0,0.014901234105084538
Ars Technica,2026,0.0011882623341723242,1,0,0.0011961722488038277,0.0,0.0,0.014901234105084538
Digital preservation,2026,0.0011882623341723242,1,0,0.0011961722488038277,0.0,0.0,0.014901234105084538
Glennys McVeigh,2026,0.0011882623341723242,1,0,0.0011961722488038277,0.0,0.0,0.014901234105084538
The Daily Beast,2026,0.0011882623341723242,1,0,0.0011961722488038277,0.0,0.0,0.014901234105084538
GreatFire,2026,0.0011882623341723242,1,0,0.0011961722488038277,0.0,0.0,0.014901234105084538
Library Freedom Project,2026,0.0011882623341723242,1,0,0.0011961722488038277,0.0,0.0,0.014901234105084538
National Archives and Records Administration,2026,0.0011882623341723242,1,0,0.0011961722488038277,0.0,0.0,0.014901234105084538
Ad server,2026,0.0011882623341723242,1,0,0.0011961722488038277,0.0,0.0,0.014901234105084538
Digital forensics,2026,0.0011882623341723242,1,0,0.0011961722488038277,0.0,0.0,0.014901234105084538
Anthony Fauci,2026,0.0011826691824241618,2,10,0.0023923444976076554,0.011961722488038277,7.200028800115201e-05,0.009934156070056361
BBC News,2026,0.0011826691824241618,2,10,0.0023923444976076554,0.011961722488038277,6.946107784431138e-05,0.009934156070056361
Bibcode (identifier),2026,0.0011826691824241618,2,1,0.0023923444976076554,0.0011961722488038277,7.200028800115201e-06,0.009934156070056361
OCLC (identifier),2026,0.0011826691824241618,2,2,0.0023923444976076554,0.0023923444976076554,1.4400057600230401e-05,0.009934156070056361
The Wall Street Journal,2026,0.0011826691824241618,2,10,0.0023923444976076554,0.011961722488038277,6.96002784011136e-05,0.009934156070056361
European Centre for Disease Prevention and Control,2026,0.0011826691824241618,2,10,0.0023923444976076554,0.011961722488038277,7.200028800115201e-05,0.009934156070056361
COVID-19 pandemic,2026,0.0011826691824241618,2,10,0.0023923444976076554,0.011961722488038277,4.56001824007296e-05,0.009934156070056361
Hannah Ritchie,2026,0.0011826691824241618,2,10,0.0023923444976076554,0.011961722488038277,3.1200124800499205e-05,0.009934156070056361
World Health Organization,2026,0.0011826691824241618,2,10,0.0023923444976076554,0.011961722488038277,4.790419161676647e-05,0.009934156070056361
Oxford English Dictionary,2026,0.0011826691824241618,2,10,0.0023923444976076554,0.011961722488038277,6.86626746506986e-05,0.009934156070056361
Politico,2026,0.0011826691824241618,2,10,0.0023923444976076554,0.011961722488038277,7.18562874251497e-05,0.009934156070056361
SARS-CoV-2,2026,0.0011826691824241618,2,10,0.0023923444976076554,0.011961722488038277,6.946107784431138e-05,0.009934156070056361
Symptoms of COVID-19,2026,0.0011826691824241618,2,10,0.0023923444976076554,0.011961722488038277,9.12003648014592e-05,0.009934156070056361
Transmission of COVID-19,2026,0.0011826691824241618,2,10,0.0023923444976076554,0.011961722488038277,7.18562874251497e-05,0.009934156070056361
Variants of SARS-CoV-2,2026,0.0011826691824241618,2,10,0.0023923444976076554,0.011961722488038277,6.48002592010368e-05,0.009934156070056361
Impact of the COVID-19 pandemic on children,2026,0.0011826691824241618,2,10,0.0023923444976076554,0.011961722488038277,6.96002784011136e-05,0.009934156070056361
W. H. Freeman,2026,0.0011811665322566346,1,0,0.0011961722488038277,0.0,0.0,0.014901234105084538
Charles Goodyear,2026,0.0011811665322566346,1,0,0.0011961722488038277,0.0,0.0,0.014901234105084538
Taipei,2026,0.0011811665322566346,1,0,0.0011961722488038277,0.0,0.0,0.014901234105084538
Scientific American Frontiers,2026,0.0011811665322566346,1,0,0.0011961722488038277,0.0,0.0,0.014901234105084538
First Second Books,2026,0.0011811665322566346,1,0,0.0011961722488038277,0.0,0.0,0.014901234105084538
361 Broadway,2026,0.0011811665322566346,1,0,0.0011961722488038277,0.0,0.0,0.014901234105084538
Frank Winfield Woolworth,2026,0.0011811665322566346,1,0,0.0011961722488038277,0.0,0.0,0.014901234105084538
Alan Alda,2026,0.0011811665322566346,1,0,0.0011961722488038277,0.0,0.0,0.014901234105084538
Picador (imprint),2026,0.0011811665322566346,1,0,0.0011961722488038277,0.0,0.0,0.014901234105084538
Respect Party,2026,0.0011811665322566346,1,0,0.0011961722488038277,0.0,0.0,0.014901234105084538
Northern Ireland,2026,0.0011811665322566346,1,0,0.0011961722488038277,0.0,0.0,0.014901234105084538
Milwaukee Journal Sentinel,2026,0.0011811665322566346,1,0,0.0011961722488038277,0.0,0.0,0.014901234105084538
Richard Gott,2026,0.0011811665322566346,1,0,0.0011961722488038277,0.0,0.0,0.014901234105084538
Stamp duty,2026,0.0011811665322566346,1,0,0.0011961722488038277,0.0,0.0,0.014901234105084538
David Conn,2026,0.0011811665322566346,1,0,0.0011961722488038277,0.0,0.0,0.014901234105084538
New York Review of Books,2026,0.0011811665322566346,1,0,0.0011961722488038277,0.0,0.0,0.014901234105084538
Social impact of the COVID-19 pandemic in the United Kingdom,2026,0.0011811665322566346,1,0,0.0011961722488038277,0.0,0.0,0.014901234105084538
Soberana 02,2026,0.0011811665322566346,1,0,0.0011961722488038277,0.0,0.0,0.014901234105084538
PREPARE,2026,0.0011811665322566346,1,0,0.0011961722488038277,0.0,0.0,0.014901234105084538
COVID-19 pandemic in the Sahrawi Arab Democratic Republic,2026,0.0011811665322566346,1,0,0.0011961722488038277,0.0,0.0,0.014901234105084538
Nguyễn Thanh Long,2026,0.0011811665322566346,1,0,0.0011961722488038277,0.0,0.0,0.014901234105084538
Mike Tildesley,2026,0.0011811665322566346,1,0,0.0011961722488038277,0.0,0.0,0.014901234105084538
Food security during the COVID-19 pandemic,2026,0.0011811665322566346,1,0,0.0011961722488038277,0.0,0.0,0.014901234105084538
COVID-19 pandemic in Manipur,2026,0.0011811665322566346,1,0,0.0011961722488038277,0.0,0.0,0.014901234105084538
COVID-19 pandemic in Cuba,2026,0.0011811665322566346,1,0,0.0011961722488038277,0.0,0.0,0.014901234105084538
Kary Ng,2026,0.0011811665322566346,1,0,0.0011961722488038277,0.0,0.0,0.16391357515592994
Eason Chan,2026,0.0011811665322566346,1,0,0.0011961722488038277,0.0,0.0,0.16391357515592994
List of medical professionals who died during the SARS outbreak,2026,0.0011811665322566346,1,0,0.0011961722488038277,0.0,0.0,0.16391357515592994
Health in China,2026,0.0011811665322566346,1,0,0.0011961722488038277,0.0,0.0,0.16391357515592994
Joey Yung,2026,0.0011811665322566346,1,0,0.0011961722488038277,0.0,0.0,0.16391357515592994
MERS,2026,0.0011811665322566346,1,0,0.0011961722488038277,0.0,0.0,0.16391357515592994
Middle East respiratory syndrome-related coronavirus,2026,0.0011811665322566346,1,0,0.0011961722488038277,0.0,0.0,0.16391357515592994
Plague City: SARS in Toronto,2026,0.0011811665322566346,1,0,0.0011961722488038277,0.0,0.0,0.16391357515592994
Ernie Eves,2026,0.0011811665322566346,1,0,0.0011961722488038277,0.0,0.0,0.16391357515592994
Hong Kong,2026,0.0011811665322566346,1,0,0.0011961722488038277,0.0,0.0,0.16391357515592994
SARS conspiracy theory,2026,0.0011811665322566346,1,0,0.0011961722488038277,0.0,0.0,0.16391357515592994
Fomite,2026,0.0011811665322566346,1,0,0.0011961722488038277,0.0,0.0,0.16391357515592994
Severe acute respiratory syndrome coronavirus 1,2026,0.0011811665322566346,1,0,0.0011961722488038277,0.0,0.0,0.16391357515592994
Birchmount Hospital,2026,0.0011811665322566346,1,0,0.0011961722488038277,0.0,0.0,0.16391357515592994
NZ COVID Tracer,2026,0.0011804328106317838,1,0,0.0011961722488038277,0.0,0.0,0.009934156070056361
Economic impact of the COVID-19 pandemic in Malaysia,2026,0.0011804328106317838,1,0,0.0011961722488038277,0.0,0.0,0.009934156070056361
George Dantzig,2026,0.0011804328106317838,1,0,0.0011961722488038277,0.0,0.0,0.009934156070056361
COVID-19 pandemic in Romania,2026,0.0011804328106317838,1,0,0.0011961722488038277,0.0,0.0,0.009934156070056361
National responses to the COVID-19 pandemic in Africa,2026,0.0011804328106317838,1,0,0.0011961722488038277,0.0,0.0,0.009934156070056361
COVID-19 pandemic in Russia,2026,0.0011804328106317838,1,0,0.0011961722488038277,0.0,0.0,0.009934156070056361
George Armitage Miller,2026,0.0011804328106317838,1,0,0.0011961722488038277,0.0,0.0,0.009934156070056361
A Parks and Recreation Special,2026,0.0011804328106317838,1,0,0.0011961722488038277,0.0,0.0,0.009934156070056361
Shelley E. Taylor,2026,0.0011804328106317838,1,0,0.0011961722488038277,0.0,0.0,0.009934156070056361
Edwin M. McMillan,2026,0.0011804328106317838,1,0,0.0011961722488038277,0.0,0.0,0.009934156070056361
BBC West,2026,0.0011804328106317838,1,0,0.0011961722488038277,0.0,0.0,0.009934156070056361
The World Tonight,2026,0.0011804328106317838,1,0,0.0011961722488038277,0.0,0.0,0.009934156070056361
STORYFix,2026,0.0011804328106317838,1,0,0.0011961722488038277,0.0,0.0,0.009934156070056361
Morecambe and Wise,2026,0.0011804328106317838,1,0,0.0011961722488038277,0.0,0.0,0.009934156070056361
Voice of America,2026,0.0011804328106317838,1,0,0.0011961722488038277,0.0,0.0,0.009934156070056361
Helen Boaden,2026,0.0011804328106317838,1,0,0.0011961722488038277,0.0,0.0,0.009934156070056361
Everywoman (radio programme),2026,0.0011804328106317838,1,0,0.0011961722488038277,0.0,0.0,0.009934156070056361
Save the Children,2026,0.0011804328106317838,1,0,0.0011961722488038277,0.0,0.0,0.009934156070056361
Coat of arms of the BBC,2026,0.0011804328106317838,1,0,0.0011961722488038277,0.0,0.0,0.009934156070056361
Cultural competence in health care,2026,0.0011804328106317838,1,0,0.0011961722488038277,0.0,0.0,0.009934156070056361
European Chemicals Agency,2026,0.0011804328106317838,1,0,0.0011961722488038277,0.0,0.0,0.009934156070056361
European Agency for Safety and Health at Work,2026,0.0011804328106317838,1,0,0.0011961722488038277,0.0,0.0,0.009934156070056361
Euro,2026,0.0011804328106317838,1,0,0.0011961722488038277,0.0,0.0,0.009934156070056361
Health care reform,2026,0.0011804328106317838,1,0,0.0011961722488038277,0.0,0.0,0.009934156070056361
Health departments in the United States,2026,0.0011804328106317838,1,0,0.0011961722488038277,0.0,0.0,0.009934156070056361
Erie County Democratic Committee,2026,0.0011804328106317838,1,0,0.0011961722488038277,0.0,0.0,0.009934156070056361
Social cognitive theory,2026,0.0011804328106317838,1,0,0.0011961722488038277,0.0,0.0,0.009934156070056361
Health Protection Agency,2026,0.0011804328106317838,1,0,0.0011961722488038277,0.0,0.0,0.009934156070056361
Innovative Medicines Initiative,2026,0.0011804328106317838,1,0,0.0011961722488038277,0.0,0.0,0.009934156070056361
Electric car,2026,0.0011804328106317838,1,0,0.0011961722488038277,0.0,0.0,0.009934156070056361
Solar energy,2026,0.0011804328106317838,1,0,0.0011961722488038277,0.0,0.0,0.009934156070056361
Penguin Random House,2026,0.0011804328106317838,1,0,0.0011961722488038277,0.0,0.0,0.009934156070056361
Wind energy,2026,0.0011804328106317838,1,0,0.0011961722488038277,0.0,0.0,0.009934156070056361
ORCID (identifier),2026,0.0011804328106317838,1,0,0.0011961722488038277,0.0,0.0,0.009934156070056361
Veganism,2026,0.0011804328106317838,1,0,0.0011961722488038277,0.0,0.0,0.009934156070056361
British English,2026,0.0011804328106317838,1,0,0.0011961722488038277,0.0,0.0,0.009934156070056361
Francis George Fowler,2026,0.0011804328106317838,1,0,0.0011961722488038277,0.0,0.0,0.009934156070056361
Big Ideas (TV series),2026,0.0011804328106317838,1,0,0.0011961722488038277,0.0,0.0,0.009934156070056361
HathiTrust,2026,0.0011804328106317838,1,0,0.0011961722488038277,0.0,0.0,0.009934156070056361
Dewey Decimal Classification,2026,0.0011804328106317838,1,0,0.0011961722488038277,0.0,0.0,0.009934156070056361
HarperCollins,2026,0.0011804328106317838,1,0,0.0011961722488038277,0.0,0.0,0.009934156070056361
Headword,2026,0.0011804328106317838,1,0,0.0011961722488038277,0.0,0.0,0.009934156070056361
Grimm brothers,2026,0.0011804328106317838,1,0,0.0011961722488038277,0.0,0.0,0.009934156070056361
George Eliot,2026,0.0011804328106317838,1,0,0.0011961722488038277,0.0,0.0,0.009934156070056361
Party divisions of United States Congresses,2026,0.0011804328106317838,1,0,0.0011961722488038277,0.0,0.0,0.009934156070056361
The Hill (newspaper),2026,0.0011804328106317838,1,0,0.0011961722488038277,0.0,0.0,0.009934156070056361
Politico Europe,2026,0.0011804328106317838,1,0,0.0011961722488038277,0.0,0.0,0.009934156070056361
RealClearPolitics,2026,0.0011804328106317838,1,0,0.0011961722488038277,0.0,0.0,0.009934156070056361
Robert Allbritton,2026,0.0011804328106317838,1,0,0.0011961722488038277,0.0,0.0,0.009934156070056361
Sonia Sotomayor,2026,0.0011804328106317838,1,0,0.0011961722488038277,0.0,0.0,0.009934156070056361
John F. Harris,2026,0.0011804328106317838,1,0,0.0011961722488038277,0.0,0.0,0.009934156070056361
Clerk of the United States House of Representatives,2026,0.0011804328106317838,1,0,0.0011961722488038277,0.0,0.0,0.009934156070056361
Chaplain of the United States House of Representatives,2026,0.0011804328106317838,1,0,0.0011961722488038277,0.0,0.0,0.009934156070056361
Democratic Women's Caucus,2026,0.0011804328106317838,1,0,0.0011961722488038277,0.0,0.0,0.009934156070056361
Rand Paul,2026,0.0011804328106317838,1,0,0.0011961722488038277,0.0,0.0,0.009934156070056361
Rush Limbaugh,2026,0.0011804328106317838,1,0,0.0011961722488038277,0.0,0.0,0.009934156070056361
Alex Tizon,2026,0.0011804328106317838,1,0,0.0011961722488038277,0.0,0.0,0.009934156070056361
Progressive conservatism,2026,0.0011804328106317838,1,0,0.0011961722488038277,0.0,0.0,0.009934156070056361
Pulitzer Prize for Investigative Reporting,2026,0.0011804328106317838,1,0,0.0011961722488038277,0.0,0.0,0.009934156070056361
Arkansas Gazette,2026,0.0011804328106317838,1,0,0.0011961722488038277,0.0,0.0,0.009934156070056361
Europe,2026,0.0011804328106317838,1,0,0.0011961722488038277,0.0,0.0,0.009934156070056361
Harold Evans,2026,0.0011804328106317838,1,0,0.0011961722488038277,0.0,0.0,0.009934156070056361
The Washington Free Beacon,2026,0.0011804328106317838,1,0,0.0011961722488038277,0.0,0.0,0.009934156070056361
United Nations Division for Palestinian Rights,2026,0.0011804328106317838,1,0,0.0011961722488038277,0.0,0.0,0.009934156070056361
Commission on Sustainable Development,2026,0.0011804328106317838,1,0,0.0011961722488038277,0.0,0.0,0.009934156070056361
Deutsche Gesellschaft für Internationale Zusammenarbeit,2026,0.0011804328106317838,1,0,0.0011961722488038277,0.0,0.0,0.009934156070056361
Mosquito net,2026,0.0011804328106317838,1,0,0.0011961722488038277,0.0,0.0,0.009934156070056361
Annalena Baerbock,2026,0.0011804328106317838,1,0,0.0011961722488038277,0.0,0.0,0.009934156070056361
Institut Bioforce,2026,0.0011804328106317838,1,0,0.0011961722488038277,0.0,0.0,0.009934156070056361
Office of the Special Representative of the Secretary-General on Sexual Violence in Conflict,2026,0.0011804328106317838,1,0,0.0011961722488038277,0.0,0.0,0.009934156070056361
Information and communications technology,2026,0.0011804328106317838,1,0,0.0011961722488038277,0.0,0.0,0.009934156070056361
List of open-source health software,2026,0.0011804328106317838,1,0,0.0011961722488038277,0.0,0.0,0.009934156070056361
Celestial Sphere Woodrow Wilson Memorial,2026,0.0011804328106317838,1,0,0.0011961722488038277,0.0,0.0,0.009934156070056361
COVID-19 pandemic in New Hampshire,2026,0.0011804328106317838,1,0,0.0011961722488038277,0.0,0.0,0.009934156070056361
COVID-19 pandemic in Finland,2026,0.0011804328106317838,1,0,0.0011961722488038277,0.0,0.0,0.009934156070056361
IVX-411,2026,0.0011804328106317838,1,0,0.0011961722488038277,0.0,0.0,0.009934156070056361
COVID-19 pandemic in Kiribati,2026,0.0011804328106317838,1,0,0.0011961722488038277,0.0,0.0,0.009934156070056361
COVID-19 pandemic in Christmas Island,2026,0.0011804328106317838,1,0,0.0011961722488038277,0.0,0.0,0.009934156070056361
COVID-19 pandemic in Kentucky,2026,0.0011804328106317838,1,0,0.0011961722488038277,0.0,0.0,0.009934156070056361
Timeline of the COVID-19 pandemic in April 2020,2026,0.0011804328106317838,1,0,0.0011961722488038277,0.0,0.0,0.009934156070056361
Binding domain,2026,0.0011804328106317838,1,0,0.0011961722488038277,0.0,0.0,0.009934156070056361
Responses to the COVID-19 pandemic in August 2022,2026,0.0011804328106317838,1,0,0.0011961722488038277,0.0,0.0,0.009934156070056361
Xenophobia and racism related to the COVID-19 pandemic,2026,0.0011804328106317838,1,0,0.0011961722488038277,0.0,0.0,0.009934156070056361
Zoe Health Study,2026,0.0011804328106317838,1,0,0.0011961722488038277,0.0,0.0,0.009934156070056361
Mental health during the COVID-19 pandemic,2026,0.0011804328106317838,1,0,0.0011961722488038277,0.0,0.0,0.009934156070056361
"Gourock, Scotland",2026,0.0011804328106317838,1,0,0.0011961722488038277,0.0,0.0,0.009934156070056361
SARS-CoV-2 Epsilon variant,2026,0.0011804328106317838,1,0,0.0011961722488038277,0.0,0.0,0.009934156070056361
Muhyiddin Yassin,2026,0.0011804328106317838,1,0,0.0011961722488038277,0.0,0.0,0.009934156070056361
TousAntiCovid,2026,0.0011804328106317838,1,0,0.0011961722488038277,0.0,0.0,0.009934156070056361
Timeline of the COVID-19 pandemic in 2019,2026,0.0011804328106317838,1,0,0.0011961722488038277,0.0,0.0,0.009934156070056361
Impact of the COVID-19 pandemic on the environment,2026,0.0011804328106317838,1,0,0.0011961722488038277,0.0,0.0,0.009934156070056361
COVID-19 pandemic in Assam,2026,0.0011804328106317838,1,0,0.0011961722488038277,0.0,0.0,0.009934156070056361
Awang Bulgiba Awang Mahmud,2026,0.0011804328106317838,1,0,0.0011961722488038277,0.0,0.0,0.009934156070056361
Impact of the COVID-19 pandemic on abortion in the United States,2026,0.0011804328106317838,1,0,0.0011961722488038277,0.0,0.0,0.009934156070056361
COVID-19 pandemic in Florida,2026,0.0011804328106317838,1,0,0.0011961722488038277,0.0,0.0,0.009934156070056361
Responses to the COVID-19 pandemic in July 2021,2026,0.0011804328106317838,1,0,0.0011961722488038277,0.0,0.0,0.009934156070056361
COVID-19 pandemic in Manitoba,2026,0.0011804328106317838,1,0,0.0011961722488038277,0.0,0.0,0.009934156070056361
Timeline of the COVID-19 pandemic in May 2022,2026,0.0011804328106317838,1,0,0.0011961722488038277,0.0,0.0,0.009934156070056361
Timeline of the COVID-19 pandemic in Belarus (2022),2026,0.0011804328106317838,1,0,0.0011961722488038277,0.0,0.0,0.009934156070056361
COVID-19 pandemic in Croatia,2026,0.0011804328106317838,1,0,0.0011961722488038277,0.0,0.0,0.009934156070056361
Zeng Guang,2026,0.0011804328106317838,1,0,0.0011961722488038277,0.0,0.0,0.009934156070056361
COVID-19 pandemic in Bolivia,2026,0.0011804328106317838,1,0,0.0011961722488038277,0.0,0.0,0.009934156070056361
COVID-19 pandemic in the British Virgin Islands,2026,0.0011804328106317838,1,0,0.0011961722488038277,0.0,0.0,0.009934156070056361
Timeline of the COVID-19 pandemic in Mexico,2026,0.0011804328106317838,1,0,0.0011961722488038277,0.0,0.0,0.009934156070056361
COVID-19 pandemic in Fiji,2026,0.0011804328106317838,1,0,0.0011961722488038277,0.0,0.0,0.009934156070056361
Vehicle,2026,0.0011804328106317838,1,0,0.0011961722488038277,0.0,0.0,0.009934156070056361
2022 Wellington protest,2026,0.0011804328106317838,1,0,0.0011961722488038277,0.0,0.0,0.009934156070056361
Solidarity trial,2026,0.0011804328106317838,1,0,0.0011961722488038277,0.0,0.0,0.009934156070056361
Andrea Crisanti (scientist),2026,0.0011804328106317838,1,0,0.0011961722488038277,0.0,0.0,0.009934156070056361
Bamlanivimab,2026,0.0011804328106317838,1,0,0.0011961722488038277,0.0,0.0,0.009934156070056361
Impact of the COVID-19 pandemic on disc golf,2026,0.0011804328106317838,1,0,0.0011961722488038277,0.0,0.0,0.009934156070056361
COVID-19 pandemic in the Cocos (Keeling) Islands,2026,0.0011804328106317838,1,0,0.0011961722488038277,0.0,0.0,0.009934156070056361
COVID-19 vaccination in the Republic of Ireland,2026,0.0011804328106317838,1,0,0.0011961722488038277,0.0,0.0,0.009934156070056361
Evacuations by the Philippines related to the COVID-19 pandemic,2026,0.0011804328106317838,1,0,0.0011961722488038277,0.0,0.0,0.009934156070056361
Molnupiravir,2026,0.0011804328106317838,1,0,0.0011961722488038277,0.0,0.0,0.009934156070056361
COVID-19 pandemic in France,2026,0.0011804328106317838,1,0,0.0011961722488038277,0.0,0.0,0.009934156070056361
COVID-19 pandemic in the Kurdistan Region,2026,0.0011804328106317838,1,0,0.0011961722488038277,0.0,0.0,0.009934156070056361
COVID-19 pandemic in Jordan,2026,0.0011804328106317838,1,0,0.0011961722488038277,0.0,0.0,0.009934156070056361
COVID-19 pandemic in West Bengal,2026,0.0011804328106317838,1,0,0.0011961722488038277,0.0,0.0,0.009934156070056361
SwissCovid,2026,0.0011804328106317838,1,0,0.0011961722488038277,0.0,0.0,0.009934156070056361
COVID-19 pandemic in Cambodia,2026,0.0011804328106317838,1,0,0.0011961722488038277,0.0,0.0,0.009934156070056361
Impact of the COVID-19 pandemic on foster care in the United States,2026,0.0011804328106317838,1,0,0.0011961722488038277,0.0,0.0,0.009934156070056361
United Kingdom responses to the COVID-19 pandemic,2026,0.0011804328106317838,1,0,0.0011961722488038277,0.0,0.0,0.009934156070056361
Nasal congestion,2026,0.0011804328106317838,1,0,0.0011961722488038277,0.0,0.0,0.009934156070056361
COVID-19 cases at the 2020 Summer Olympics and 2020 Summer Paralympics,2026,0.0011804328106317838,1,0,0.0011961722488038277,0.0,0.0,0.009934156070056361
COVID-19 pandemic in Scotland,2026,0.0011804328106317838,1,0,0.0011961722488038277,0.0,0.0,0.009934156070056361
COVID-19,2026,0.0011726032870912435,1,99,0.0011961722488038277,0.11842105263157894,0.0019824079296317187,0.004967078035028181
ArcGIS Server,2026,0.0011726032870912435,1,0,0.0011961722488038277,0.0,0.0,0.004967078035028181
SUSE Linux Enterprise Server,2026,0.0011726032870912435,1,0,0.0011961722488038277,0.0,0.0,0.004967078035028181
Dataset,2026,0.0011726032870912435,1,0,0.0011961722488038277,0.0,0.0,0.004967078035028181
Oracle Database,2026,0.0011726032870912435,1,0,0.0011961722488038277,0.0,0.0,0.004967078035028181
Map projection,2026,0.0011726032870912435,1,0,0.0011961722488038277,0.0,0.0,0.004967078035028181
Perl,2026,0.0011726032870912435,1,0,0.0011961722488038277,0.0,0.0,0.004967078035028181
FME (software),2026,0.0011726032870912435,1,0,0.0011961722488038277,0.0,0.0,0.004967078035028181
Metadata,2026,0.0011726032870912435,1,0,0.0011961722488038277,0.0,0.0,0.004967078035028181
FreeTV Australia,2026,0.0011726032870912435,1,0,0.0011961722488038277,0.0,0.0,0.004967078035028181
BBC Micro,2026,0.0011726032870912435,1,0,0.0011961722488038277,0.0,0.0,0.004967078035028181
5IT,2026,0.0011726032870912435,1,0,0.0011961722488038277,0.0,0.0,0.004967078035028181
BBC Brit,2026,0.0011726032870912435,1,0,0.0011961722488038277,0.0,0.0,0.004967078035028181
Auntie (song),2026,0.0011726032870912435,1,0,0.0011961722488038277,0.0,0.0,0.004967078035028181
Fundação Padre Anchieta,2026,0.0011726032870912435,1,0,0.0011961722488038277,0.0,0.0,0.004967078035028181
BBC America,2026,0.0011726032870912435,1,0,0.0011961722488038277,0.0,0.0,0.004967078035028181
Terabytes,2026,0.0011726032870912435,1,0,0.0011961722488038277,0.0,0.0,0.004967078035028181
VisitBritain,2026,0.0011726032870912435,1,0,0.0011961722488038277,0.0,0.0,0.004967078035028181
Khabar Agency,2026,0.0011726032870912435,1,0,0.0011961722488038277,0.0,0.0,0.004967078035028181
Business Today (BBC News programme),2026,0.0011726032870912435,1,0,0.0011961722488038277,0.0,0.0,0.004967078035028181
Ivan Noble,2026,0.0011726032870912435,1,0,0.0011961722488038277,0.0,0.0,0.004967078035028181
RealPlayer,2026,0.0011726032870912435,1,0,0.0011961722488038277,0.0,0.0,0.004967078035028181
Newsbeat,2026,0.0011726032870912435,1,0,0.0011961722488038277,0.0,0.0,0.004967078035028181
Broadcasting House (radio programme),2026,0.0011726032870912435,1,0,0.0011961722488038277,0.0,0.0,0.004967078035028181
Adobe Flash,2026,0.0011726032870912435,1,0,0.0011961722488038277,0.0,0.0,0.004967078035028181
Wake Up to Money,2026,0.0011726032870912435,1,0,0.0011961722488038277,0.0,0.0,0.004967078035028181
BAFTA Interactive Entertainment Awards,2026,0.0011726032870912435,1,0,0.0011961722488038277,0.0,0.0,0.004967078035028181
Any Questions?,2026,0.0011726032870912435,1,0,0.0011961722488038277,0.0,0.0,0.004967078035028181
IHS Markit,2026,0.0011726032870912435,1,0,0.0011961722488038277,0.0,0.0,0.004967078035028181
Paywall,2026,0.0011726032870912435,1,0,0.0011961722488038277,0.0,0.0,0.004967078035028181
Hankou,2026,0.0011726032870912435,1,0,0.0011961722488038277,0.0,0.0,0.004967078035028181
Princeton University,2026,0.0011726032870912435,1,0,0.0011961722488038277,0.0,0.0,0.004967078035028181
HSBC,2026,0.0011726032870912435,1,0,0.0011961722488038277,0.0,0.0,0.004967078035028181
Jeremy Goldkorn,2026,0.0011726032870912435,1,0,0.0011961722488038277,0.0,0.0,0.004967078035028181
Funeral urn,2026,0.0011726032870912435,1,0,0.0011961722488038277,0.0,0.0,0.004967078035028181
Stock Exchange Executive Council,2026,0.0011726032870912435,1,0,0.0011961722488038277,0.0,0.0,0.004967078035028181
Simplified Chinese characters,2026,0.0011726032870912435,1,0,0.0011961722488038277,0.0,0.0,0.004967078035028181
Beijing,2026,0.0011726032870912435,1,0,0.0011961722488038277,0.0,0.0,0.004967078035028181
Council on Environmental Quality,2026,0.0011726032870912435,1,0,0.0011961722488038277,0.0,0.0,0.004967078035028181
Radium Girls,2026,0.0011726032870912435,1,0,0.0011961722488038277,0.0,0.0,0.004967078035028181
Administration for Native Americans,2026,0.0011726032870912435,1,0,0.0011961722488038277,0.0,0.0,0.004967078035028181
"Lawrenceville, Georgia",2026,0.0011726032870912435,1,0,0.0011961722488038277,0.0,0.0,0.004967078035028181
Health Resources and Services Administration,2026,0.0011726032870912435,1,0,0.0011961722488038277,0.0,0.0,0.004967078035028181
Domestic military deployments by the second Trump administration,2026,0.0011726032870912435,1,0,0.0011961722488038277,0.0,0.0,0.004967078035028181
Ricin,2026,0.0011726032870912435,1,0,0.0011961722488038277,0.0,0.0,0.004967078035028181
Smallpox,2026,0.0011726032870912435,1,0,0.0011961722488038277,0.0,0.0,0.004967078035028181
Adam Black,2026,0.0011726032870912435,1,0,0.0011961722488038277,0.0,0.0,0.004967078035028181
Emperor of India,2026,0.0011726032870912435,1,0,0.0011961722488038277,0.0,0.0,0.004967078035028181
Peter Ritchie Calder,2026,0.0011726032870912435,1,0,0.0011961722488038277,0.0,0.0,0.004967078035028181
James Clerk Maxwell,2026,0.0011726032870912435,1,0,0.0011961722488038277,0.0,0.0,0.004967078035028181
Thomas Young (scientist),2026,0.0011726032870912435,1,0,0.0011961722488038277,0.0,0.0,0.004967078035028181
Encyclopedia of China Publishing House,2026,0.0011726032870912435,1,0,0.0011961722488038277,0.0,0.0,0.004967078035028181
Door-to-door,2026,0.0011726032870912435,1,0,0.0011961722488038277,0.0,0.0,0.004967078035028181
Philip W. Goetz,2026,0.0011726032870912435,1,0,0.0011961722488038277,0.0,0.0,0.004967078035028181
Fraudulent intent,2026,0.0011726032870912435,1,0,0.0011961722488038277,0.0,0.0,0.004967078035028181
List of foodborne illness outbreaks,2026,0.0011726032870912435,1,0,0.0011961722488038277,0.0,0.0,0.004967078035028181
Seafood fraud,2026,0.0011726032870912435,1,0,0.0011961722488038277,0.0,0.0,0.004967078035028181
Bad Pharma,2026,0.0011726032870912435,1,0,0.0011961722488038277,0.0,0.0,0.004967078035028181
Alexander M. Schmidt,2026,0.0011726032870912435,1,0,0.0011961722488038277,0.0,0.0,0.004967078035028181
Food and Drug Administration Modernization Act,2026,0.0011726032870912435,1,0,0.0011961722488038277,0.0,0.0,0.004967078035028181
National Center for Toxicological Research,2026,0.0011726032870912435,1,0,0.0011961722488038277,0.0,0.0,0.004967078035028181
Big Pharma (book),2026,0.0011726032870912435,1,0,0.0011961722488038277,0.0,0.0,0.004967078035028181
Mycotoxin,2026,0.0011726032870912435,1,0,0.0011961722488038277,0.0,0.0,0.004967078035028181
Massachusetts College of Art and Design,2026,0.0011726032870912435,1,0,0.0011961722488038277,0.0,0.0,0.004967078035028181
Economic diversity,2026,0.0011726032870912435,1,0,0.0011961722488038277,0.0,0.0,0.004967078035028181
Gertrude Stein,2026,0.0011726032870912435,1,0,0.0011961722488038277,0.0,0.0,0.004967078035028181
The truth will set you free,2026,0.0011726032870912435,1,0,0.0011961722488038277,0.0,0.0,0.004967078035028181
Cornell University,2026,0.0011726032870912435,1,0,0.0011961722488038277,0.0,0.0,0.004967078035028181
The Johns Hopkins News-Letter,2026,0.0011726032870912435,1,0,0.0011961722488038277,0.0,0.0,0.004967078035028181
University of Maryland Biotechnology Institute,2026,0.0011726032870912435,1,0,0.0011961722488038277,0.0,0.0,0.004967078035028181
American Broadcasting Company,2026,0.0011726032870912435,1,0,0.0011961722488038277,0.0,0.0,0.004967078035028181
Suburban Hospital,2026,0.0011726032870912435,1,0,0.0011961722488038277,0.0,0.0,0.004967078035028181
Doctor of Philosophy,2026,0.0011726032870912435,1,0,0.0011961722488038277,0.0,0.0,0.004967078035028181
Annual Review of Vision Science,2026,0.0011726032870912435,1,0,0.0011961722488038277,0.0,0.0,0.004967078035028181
Annual Review of Linguistics,2026,0.0011726032870912435,1,0,0.0011961722488038277,0.0,0.0,0.004967078035028181
Newswomen's Club of New York,2026,0.0011726032870912435,1,0,0.0011961722488038277,0.0,0.0,0.004967078035028181
American Society of Journalists and Authors,2026,0.0011726032870912435,1,0,0.0011961722488038277,0.0,0.0,0.004967078035028181
Annual Review of Psychology,2026,0.0011726032870912435,1,0,0.0011961722488038277,0.0,0.0,0.004967078035028181
Annual Review of Phytopathology,2026,0.0011726032870912435,1,0,0.0011961722488038277,0.0,0.0,0.004967078035028181
Annual Review of Resource Economics,2026,0.0011726032870912435,1,0,0.0011961722488038277,0.0,0.0,0.004967078035028181
Annual Review of Analytical Chemistry,2026,0.0011726032870912435,1,0,0.0011961722488038277,0.0,0.0,0.004967078035028181
Derivative works,2026,0.0011726032870912435,1,0,0.0011961722488038277,0.0,0.0,0.004967078035028181
Iron Curtain,2026,0.0011726032870912435,1,0,0.0011961722488038277,0.0,0.0,0.004967078035028181
CD-ROM,2026,0.0011726032870912435,1,0,0.0011961722488038277,0.0,0.0,0.004967078035028181
WWII,2026,0.0011726032870912435,1,0,0.0011961722488038277,0.0,0.0,0.004967078035028181
Florida Keys,2026,0.0011726032870912435,1,0,0.0011961722488038277,0.0,0.0,0.004967078035028181
Ukrainian language,2026,0.0011726032870912435,1,0,0.0011961722488038277,0.0,0.0,0.004967078035028181
The Wolf (magazine),2026,0.0011726032870912435,1,0,0.0011961722488038277,0.0,0.0,0.004967078035028181
Dian Fossey Gorilla Fund International,2026,0.0011726032870912435,1,0,0.0011961722488038277,0.0,0.0,0.004967078035028181
National Geographic (Scandinavian TV channel),2026,0.0011726032870912435,1,0,0.0011961722488038277,0.0,0.0,0.004967078035028181
Biological Conservation (journal),2026,0.0011726032870912435,1,0,0.0011961722488038277,0.0,0.0,0.004967078035028181
Scientific journal,2026,0.0011726032870912435,1,0,0.0011961722488038277,0.0,0.0,0.004967078035028181
Basophils,2026,0.0011726032870912435,1,0,0.0011961722488038277,0.0,0.0,0.004967078035028181
Jean Daniel,2026,0.0011726032870912435,1,0,0.0011961722488038277,0.0,0.0,0.004967078035028181
Hans Magnus Enzensberger,2026,0.0011726032870912435,1,0,0.0011961722488038277,0.0,0.0,0.004967078035028181
Positive feedback,2026,0.0011726032870912435,1,0,0.0011961722488038277,0.0,0.0,0.004967078035028181
Google,2026,0.0011726032870912435,1,0,0.0011961722488038277,0.0,0.0,0.004967078035028181
Retraction in academic publishing,2026,0.0011726032870912435,1,0,0.0011961722488038277,0.0,0.0,0.004967078035028181
Henry Holt and Company,2026,0.0011726032870912435,1,0,0.0011961722488038277,0.0,0.0,0.004967078035028181
Magazine,2026,0.0011726032870912435,1,0,0.0011961722488038277,0.0,0.0,0.004967078035028181
National Human Genome Research Institute,2026,0.0011726032870912435,1,0,0.0011961722488038277,0.0,0.0,0.004967078035028181
Gutefrage.net,2026,0.0011726032870912435,1,0,0.0011961722488038277,0.0,0.0,0.004967078035028181
Alexander MacMillan (publisher),2026,0.0011726032870912435,1,0,0.0011961722488038277,0.0,0.0,0.004967078035028181
Pan Books,2026,0.0011726032870912435,1,0,0.0011961722488038277,0.0,0.0,0.004967078035028181
Learned society,2026,0.0011726032870912435,1,0,0.0011961722488038277,0.0,0.0,0.004967078035028181
Rod Campbell,2026,0.0011726032870912435,1,0,0.0011961722488038277,0.0,0.0,0.004967078035028181
FTX,2026,0.0011726032870912435,1,0,0.0011961722488038277,0.0,0.0,0.004967078035028181
Poverty,2026,0.0011726032870912435,1,0,0.0011961722488038277,0.0,0.0,0.004967078035028181
Disease,2026,0.0011726032870912435,1,0,0.0011961722488038277,0.0,0.0,0.004967078035028181
Hank Green,2026,0.0011726032870912435,1,0,0.0011961722488038277,0.0,0.0,0.004967078035028181
List of global issues,2026,0.0011726032870912435,1,0,0.0011961722488038277,0.0,0.0,0.004967078035028181
Revenue,2026,0.0011726032870912435,1,0,0.0011961722488038277,0.0,0.0,0.004967078035028181
Kurzgesagt,2026,0.0011726032870912435,1,0,0.0011961722488038277,0.0,0.0,0.004967078035028181
Hetan Shah,2026,0.0011726032870912435,1,0,0.0011961722488038277,0.0,0.0,0.004967078035028181
Snapchat,2026,0.0011726032870912435,1,0,0.0011961722488038277,0.0,0.0,0.004967078035028181
Matt Cohler,2026,0.0011726032870912435,1,0,0.0011961722488038277,0.0,0.0,0.004967078035028181
ITunes Ping,2026,0.0011726032870912435,1,0,0.0011961722488038277,0.0,0.0,0.004967078035028181
Ease of use,2026,0.0011726032870912435,1,0,0.0011961722488038277,0.0,0.0,0.004967078035028181
Scientometrics (journal),2026,0.0011726032870912435,1,0,0.0011961722488038277,0.0,0.0,0.004967078035028181
Billie J. Swalla,2026,0.0011726032870912435,1,0,0.0011961722488038277,0.0,0.0,0.004967078035028181
Multiply (website),2026,0.0011726032870912435,1,0,0.0011961722488038277,0.0,0.0,0.004967078035028181
Idka,2026,0.0011726032870912435,1,0,0.0011961722488038277,0.0,0.0,0.004967078035028181
Yik Yak,2026,0.0011726032870912435,1,0,0.0011961722488038277,0.0,0.0,0.004967078035028181
Quacquarelli Symonds,2026,0.0011726032870912435,1,0,0.0011961722488038277,0.0,0.0,0.004967078035028181
Newsweek,2026,0.0011726032870912435,1,0,0.0011961722488038277,0.0,0.0,0.004967078035028181
Derek Watkins (graphics editor),2026,0.0011726032870912435,1,0,0.0011961722488038277,0.0,0.0,0.004967078035028181
Zenit News Agency,2026,0.0011726032870912435,1,0,0.0011961722488038277,0.0,0.0,0.004967078035028181
Fernando Henrique Cardoso,2026,0.0011726032870912435,1,0,0.0011961722488038277,0.0,0.0,0.004967078035028181
Challenge (TV channel),2026,0.0011726032870912435,1,0,0.0011961722488038277,0.0,0.0,0.004967078035028181
Anadolu Agency,2026,0.0011726032870912435,1,0,0.0011961722488038277,0.0,0.0,0.004967078035028181
Freesat from Sky,2026,0.0011726032870912435,1,0,0.0011961722488038277,0.0,0.0,0.004967078035028181
Time Person of the Year,2026,0.0011726032870912435,1,0,0.0011961722488038277,0.0,0.0,0.004967078035028181
BBC Radio Cymru 2,2026,0.0011726032870912435,1,0,0.0011961722488038277,0.0,0.0,0.004967078035028181
Internship (medicine),2026,0.0011726032870912435,1,0,0.0011961722488038277,0.0,0.0,0.004967078035028181
Fellow of the Academy of Medical Sciences,2026,0.0011726032870912435,1,0,0.0011961722488038277,0.0,0.0,0.004967078035028181
Physicians for Human Rights,2026,0.0011726032870912435,1,0,0.0011961722488038277,0.0,0.0,0.004967078035028181
WHO regions,2026,0.0011726032870912435,1,0,0.0011961722488038277,0.0,0.0,0.004967078035028181
Editor-in-chief,2026,0.0011726032870912435,1,0,0.0011961722488038277,0.0,0.0,0.004967078035028181
Academy of Medical Sciences,2026,0.0011726032870912435,1,0,0.0011961722488038277,0.0,0.0,0.004967078035028181
Brian Deer,2026,0.0011726032870912435,1,0,0.0011961722488038277,0.0,0.0,0.004967078035028181
Tony Blair,2026,0.0011726032870912435,1,0,0.0011961722488038277,0.0,0.0,0.004967078035028181
Skeptic (U.S. magazine),2026,0.0011726032870912435,1,0,0.0011961722488038277,0.0,0.0,0.004967078035028181
Quackwatch,2026,0.0011726032870912435,1,0,0.0011961722488038277,0.0,0.0,0.004967078035028181
Neurologist,2026,0.0011726032870912435,1,0,0.0011961722488038277,0.0,0.0,0.004967078035028181
Yale University,2026,0.0011726032870912435,1,0,0.0011961722488038277,0.0,0.0,0.004967078035028181
Nonprofit corporation,2026,0.0011726032870912435,1,0,0.0011961722488038277,0.0,0.0,0.004967078035028181
Psychology Today,2026,0.0011726032870912435,1,0,0.0011961722488038277,0.0,0.0,0.004967078035028181
Off-label use,2026,0.0011726032870912435,1,0,0.0011961722488038277,0.0,0.0,0.004967078035028181
Etanercept,2026,0.0011726032870912435,1,0,0.0011961722488038277,0.0,0.0,0.004967078035028181
The San Diego Union-Tribune,2026,0.0011726032870912435,1,0,0.0011961722488038277,0.0,0.0,0.004967078035028181
Gloria Steinem,2026,0.0011726032870912435,1,0,0.0011961722488038277,0.0,0.0,0.004967078035028181
Interdisciplinarity,2026,0.0011726032870912435,1,0,0.0011961722488038277,0.0,0.0,0.004967078035028181
Fondo de Cultura Económica,2026,0.0011726032870912435,1,0,0.0011961722488038277,0.0,0.0,0.004967078035028181
Princess of Asturias Awards,2026,0.0011726032870912435,1,0,0.0011961722488038277,0.0,0.0,0.004967078035028181
Neutron star merger,2026,0.0011726032870912435,1,0,0.0011961722488038277,0.0,0.0,0.004967078035028181
Lenacapavir,2026,0.0011726032870912435,1,0,0.0011961722488038277,0.0,0.0,0.004967078035028181
Leland Ossian Howard,2026,0.0011726032870912435,1,0,0.0011961722488038277,0.0,0.0,0.004967078035028181
Prince of Asturias Awards,2026,0.0011726032870912435,1,0,0.0011961722488038277,0.0,0.0,0.004967078035028181
Evolution,2026,0.0011726032870912435,1,0,0.0011961722488038277,0.0,0.0,0.004967078035028181
Climate crisis,2026,0.0011726032870912435,1,0,0.0011961722488038277,0.0,0.0,0.004967078035028181
2020 Malawian presidential election,2026,0.0011726032870912435,1,0,0.0011961722488038277,0.0,0.0,0.004967078035028181
Salomon Mayer von Rothschild,2026,0.0011726032870912435,1,0,0.0011961722488038277,0.0,0.0,0.004967078035028181
Nadine de Rothschild,2026,0.0011726032870912435,1,0,0.0011961722488038277,0.0,0.0,0.004967078035028181
Undergraduate education,2026,0.0011726032870912435,1,0,0.0011961722488038277,0.0,0.0,0.004967078035028181
Emperor Ferdinand Northern Railway,2026,0.0011726032870912435,1,0,0.0011961722488038277,0.0,0.0,0.004967078035028181
Classical liberalism,2026,0.0011726032870912435,1,0,0.0011961722488038277,0.0,0.0,0.004967078035028181
Francis Wrigley Hirst,2026,0.0011726032870912435,1,0,0.0011961722488038277,0.0,0.0,0.004967078035028181
George Kennan,2026,0.0011726032870912435,1,0,0.0011961722488038277,0.0,0.0,0.004967078035028181
Château de la Muette,2026,0.0011726032870912435,1,0,0.0011961722488038277,0.0,0.0,0.004967078035028181
Toronto Daily Star,2026,0.0011726032870912435,1,0,0.0011961722488038277,0.0,0.0,0.004967078035028181
List of radio stations in Canada,2026,0.0011726032870912435,1,0,0.0011961722488038277,0.0,0.0,0.004967078035028181
William Henry Wright,2026,0.0011726032870912435,1,0,0.0011961722488038277,0.0,0.0,0.004967078035028181
Clear Grits,2026,0.0011726032870912435,1,0,0.0011961722488038277,0.0,0.0,0.004967078035028181
The Gazette (Montreal),2026,0.0011726032870912435,1,0,0.0011961722488038277,0.0,0.0,0.004967078035028181
Rebel News,2026,0.0011726032870912435,1,0,0.0011961722488038277,0.0,0.0,0.004967078035028181
List of Canadian journalists,2026,0.0011726032870912435,1,0,0.0011961722488038277,0.0,0.0,0.004967078035028181
Newspapers in Canada,2026,0.0011726032870912435,1,0,0.0011961722488038277,0.0,0.0,0.004967078035028181
First Canadian Place,2026,0.0011726032870912435,1,0,0.0011961722488038277,0.0,0.0,0.004967078035028181
Transcontinental (company),2026,0.0011726032870912435,1,0,0.0011961722488038277,0.0,0.0,0.004967078035028181
White House Correspondents' Association,2026,0.0011726032870912435,1,0,0.0011961722488038277,0.0,0.0,0.004967078035028181
2008 United States presidential election,2026,0.0011726032870912435,1,0,0.0011961722488038277,0.0,0.0,0.004967078035028181
Eileen Welsome,2026,0.0011726032870912435,1,0,0.0011961722488038277,0.0,0.0,0.004967078035028181
Roll Call,2026,0.0011726032870912435,1,0,0.0011961722488038277,0.0,0.0,0.004967078035028181
The Boston Post,2026,0.0011726032870912435,1,0,0.0011961722488038277,0.0,0.0,0.004967078035028181
Nils Bruzelius,2026,0.0011726032870912435,1,0,0.0011961722488038277,0.0,0.0,0.004967078035028181
Edith Galt,2026,0.0011726032870912435,1,0,0.0011961722488038277,0.0,0.0,0.004967078035028181
Clifford K. Berryman,2026,0.0011726032870912435,1,0,0.0011961722488038277,0.0,0.0,0.004967078035028181
CNBC,2026,0.0011726032870912435,1,0,0.0011961722488038277,0.0,0.0,0.004967078035028181
Amber Heard,2026,0.0011726032870912435,1,0,0.0011961722488038277,0.0,0.0,0.004967078035028181
B1G Super Saturday,2026,0.0011726032870912435,1,0,0.0011961722488038277,0.0,0.0,0.004967078035028181
Walla Walla University,2026,0.0011726032870912435,1,0,0.0011961722488038277,0.0,0.0,0.004967078035028181
Pike Street (Seattle),2026,0.0011726032870912435,1,0,0.0011961722488038277,0.0,0.0,0.004967078035028181
Kyushu University,2026,0.0011726032870912435,1,0,0.0011961722488038277,0.0,0.0,0.004967078035028181
Hec Edmundson Pavilion,2026,0.0011726032870912435,1,0,0.0011961722488038277,0.0,0.0,0.004967078035028181
Serial killer,2026,0.0011726032870912435,1,0,0.0011961722488038277,0.0,0.0,0.004967078035028181
College of William & Mary,2026,0.0011726032870912435,1,0,0.0011961722488038277,0.0,0.0,0.004967078035028181
Henry Suzzallo,2026,0.0011726032870912435,1,0,0.0011961722488038277,0.0,0.0,0.004967078035028181
Revised Code of Washington,2026,0.0011726032870912435,1,0,0.0011961722488038277,0.0,0.0,0.004967078035028181
Wolters Kluwer Health,2026,0.0011726032870912435,1,0,0.0011961722488038277,0.0,0.0,0.004967078035028181
United States,2026,0.0011726032870912435,1,0,0.0011961722488038277,0.0,0.0,0.004967078035028181
Scholarly peer review,2026,0.0011726032870912435,1,0,0.0011961722488038277,0.0,0.0,0.004967078035028181
Lexicomp,2026,0.0011726032870912435,1,0,0.0011961722488038277,0.0,0.0,0.004967078035028181
EMedicine,2026,0.0011726032870912435,1,0,0.0011961722488038277,0.0,0.0,0.004967078035028181
Norway,2026,0.0011726032870912435,1,0,0.0011961722488038277,0.0,0.0,0.004967078035028181
Journal of Medical Ethics,2026,0.0011726032870912435,1,0,0.0011961722488038277,0.0,0.0,0.004967078035028181
Nephrology,2026,0.0011726032870912435,1,0,0.0011961722488038277,0.0,0.0,0.004967078035028181
Google Cloud Shell,2026,0.0011726032870912435,1,0,0.0011961722488038277,0.0,0.0,0.004967078035028181
Chechnya,2026,0.0011726032870912435,1,0,0.0011961722488038277,0.0,0.0,0.004967078035028181
Like.com,2026,0.0011726032870912435,1,0,0.0011961722488038277,0.0,0.0,0.004967078035028181
CNNMoney,2026,0.0011726032870912435,1,0,0.0011961722488038277,0.0,0.0,0.004967078035028181
Google ATAP,2026,0.0011726032870912435,1,0,0.0011961722488038277,0.0,0.0,0.004967078035028181
Recode,2026,0.0011726032870912435,1,0,0.0011961722488038277,0.0,0.0,0.004967078035028181
Lazy Sunday (The Lonely Island song),2026,0.0011726032870912435,1,0,0.0011961722488038277,0.0,0.0,0.004967078035028181
ESPN+,2026,0.0011726032870912435,1,0,0.0011961722488038277,0.0,0.0,0.004967078035028181
AlphaGo versus Lee Sedol,2026,0.0011726032870912435,1,0,0.0011961722488038277,0.0,0.0,0.004967078035028181
Chrome Web Store,2026,0.0011726032870912435,1,0,0.0011961722488038277,0.0,0.0,0.004967078035028181
Feline infectious peritonitis,2026,0.0011726032870912435,1,0,0.0011961722488038277,0.0,0.0,0.004967078035028181
Cats,2026,0.0011726032870912435,1,0,0.0011961722488038277,0.0,0.0,0.004967078035028181
Stellar corona,2026,0.0011726032870912435,1,0,0.0011961722488038277,0.0,0.0,0.004967078035028181
Dictionary.com,2026,0.0011726032870912435,1,0,0.0011961722488038277,0.0,0.0,0.004967078035028181
SARS,2026,0.0011726032870912435,1,0,0.0011961722488038277,0.0,0.0,0.004967078035028181
Pycnonotus sinensis,2026,0.0011726032870912435,1,0,0.0011961722488038277,0.0,0.0,0.004967078035028181
Mice,2026,0.0011726032870912435,1,0,0.0011961722488038277,0.0,0.0,0.004967078035028181
History of coronavirus,2026,0.0011726032870912435,1,0,0.0011961722488038277,0.0,0.0,0.004967078035028181
JSTOR (identifier),2026,0.0011726032870912435,1,0,0.0011961722488038277,0.0,0.0,0.004967078035028181
2020–2023 global chip shortage,2026,0.0011726032870912435,1,0,0.0011961722488038277,0.0,0.0,0.004967078035028181
Mega Ligtas COVID Centers,2026,0.0011726032870912435,1,0,0.0011961722488038277,0.0,0.0,0.004967078035028181
Impact of the COVID-19 pandemic on female education,2026,0.0011726032870912435,1,0,0.0011961722488038277,0.0,0.0,0.004967078035028181
PTX-COVID19-B,2026,0.0011726032870912435,1,0,0.0011961722488038277,0.0,0.0,0.004967078035028181
Caregiver,2026,0.0011726032870912435,1,0,0.0011961722488038277,0.0,0.0,0.004967078035028181
Economic impact of the COVID-19 pandemic in the Republic of Ireland,2026,0.0011726032870912435,1,0,0.0011961722488038277,0.0,0.0,0.004967078035028181
Responses to the COVID-19 pandemic in February 2020,2026,0.0011726032870912435,1,0,0.0011961722488038277,0.0,0.0,0.004967078035028181
Responses to the COVID-19 pandemic in August 2021,2026,0.0011726032870912435,1,0,0.0011961722488038277,0.0,0.0,0.004967078035028181
COVID-19 pandemic in Italy,2026,0.0011726032870912435,1,0,0.0011961722488038277,0.0,0.0,0.004967078035028181
Responses to the COVID-19 pandemic in May 2020,2026,0.0011726032870912435,1,0,0.0011961722488038277,0.0,0.0,0.004967078035028181
COVID-19 pandemic in the Isle of Man,2026,0.0011726032870912435,1,0,0.0011961722488038277,0.0,0.0,0.004967078035028181
Human rights issues related to the COVID-19 pandemic,2026,0.0011726032870912435,1,0,0.0011961722488038277,0.0,0.0,0.004967078035028181
COVID-19 pandemic in Sint Eustatius,2026,0.0011726032870912435,1,0,0.0011961722488038277,0.0,0.0,0.004967078035028181
European Union response to the COVID-19 pandemic,2026,0.0011726032870912435,1,0,0.0011961722488038277,0.0,0.0,0.004967078035028181
Timeline of the COVID-19 pandemic in May 2021,2026,0.0011726032870912435,1,0,0.0011961722488038277,0.0,0.0,0.004967078035028181
Impact of the COVID-19 pandemic on tourism,2026,0.0011726032870912435,1,0,0.0011961722488038277,0.0,0.0,0.004967078035028181
Virology,2026,0.0011726032870912435,1,0,0.0011961722488038277,0.0,0.0,0.004967078035028181
The Bahamas,2026,0.0011726032870912435,1,0,0.0011961722488038277,0.0,0.0,0.004967078035028181
Luxembourg,2026,0.0011726032870912435,1,0,0.0011961722488038277,0.0,0.0,0.004967078035028181
COVID-19 pandemic in Kyrgyzstan,2026,0.0011726032870912435,1,0,0.0011961722488038277,0.0,0.0,0.004967078035028181
List of American television series impacted by the COVID-19 pandemic,2026,0.0011726032870912435,1,0,0.0011961722488038277,0.0,0.0,0.004967078035028181
COVID-19 pandemic in Åland,2026,0.0011726032870912435,1,0,0.0011961722488038277,0.0,0.0,0.004967078035028181
COVID-19 vaccination in Greece,2026,0.0011726032870912435,1,0,0.0011961722488038277,0.0,0.0,0.004967078035028181
New York state government response to the COVID-19 pandemic,2026,0.0011726032870912435,1,0,0.0011961722488038277,0.0,0.0,0.004967078035028181
2021 Abkhazia unrest,2026,0.0011726032870912435,1,0,0.0011961722488038277,0.0,0.0,0.004967078035028181
Impact of the COVID-19 pandemic on social media,2026,0.0011726032870912435,1,0,0.0011961722488038277,0.0,0.0,0.004967078035028181
Responses to the COVID-19 pandemic in May 2021,2026,0.0011726032870912435,1,0,0.0011961722488038277,0.0,0.0,0.004967078035028181
COVID-19 pandemic in Malta,2026,0.0011726032870912435,1,0,0.0011961722488038277,0.0,0.0,0.004967078035028181
Biosurveillance,2026,0.0011726032870912435,1,0,0.0011961722488038277,0.0,0.0,0.004967078035028181
Global Health Innovative Technology Fund (GHIT),2026,0.0011726032870912435,1,0,0.0011961722488038277,0.0,0.0,0.004967078035028181
Human–wildlife conflict,2026,0.0011726032870912435,1,0,0.0011961722488038277,0.0,0.0,0.004967078035028181
United Nations,2026,0.0011726032870912435,1,0,0.0011961722488038277,0.0,0.0,0.004967078035028181
Intergovernmental Science-Policy Platform on Biodiversity and Ecosystem Services,2026,0.0011726032870912435,1,0,0.0011961722488038277,0.0,0.0,0.004967078035028181
CDC,2026,0.0011726032870912435,1,0,0.0011961722488038277,0.0,0.0,0.004967078035028181
Biotechnology risk,2026,0.0011726032870912435,1,0,0.0011961722488038277,0.0,0.0,0.004967078035028181
Climate change and biodiversity loss,2026,0.0011726032870912435,1,0,0.0011961722488038277,0.0,0.0,0.004967078035028181
2021 Greek protests,2026,0.0011726032870912435,1,0,0.0011961722488038277,0.0,0.0,0.004967078035028181
Shi Zhengli,2026,0.0011726032870912435,1,0,0.0011961722488038277,0.0,0.0,0.004967078035028181
Fahrettin Koca,2026,0.0011726032870912435,1,0,0.0011961722488038277,0.0,0.0,0.004967078035028181
COVID-19 pandemic in Maldives,2026,0.0011726032870912435,1,0,0.0011961722488038277,0.0,0.0,0.004967078035028181
Impact of the COVID-19 pandemic on science and technology,2026,0.0011726032870912435,1,0,0.0011961722488038277,0.0,0.0,0.004967078035028181
NDV-HXP-S,2026,0.0011726032870912435,1,0,0.0011961722488038277,0.0,0.0,0.004967078035028181
COVID-19 pandemic in Latvia,2026,0.0011726032870912435,1,0,0.0011961722488038277,0.0,0.0,0.004967078035028181
First COVID-19 tier regulations in England,2026,0.0011726032870912435,1,0,0.0011961722488038277,0.0,0.0,0.004967078035028181
Timeline of the COVID-19 pandemic in August 2020,2026,0.0011726032870912435,1,0,0.0011961722488038277,0.0,0.0,0.004967078035028181
Mental health,2026,0.0011726032870912435,1,0,0.0011961722488038277,0.0,0.0,0.004967078035028181
Stay-at-home order,2026,0.0011726032870912435,1,0,0.0011961722488038277,0.0,0.0,0.004967078035028181
Medication costs,2026,0.0011726032870912435,1,0,0.0011961722488038277,0.0,0.0,0.004967078035028181
Emoji,2026,0.0011726032870912435,1,0,0.0011961722488038277,0.0,0.0,0.004967078035028181
List of epidemics and pandemics,2026,0.0011726032870912435,1,0,0.0011961722488038277,0.0,0.0,0.004967078035028181
Sexually transmitted infection,2026,0.0011726032870912435,1,0,0.0011961722488038277,0.0,0.0,0.004967078035028181
Howard Markel,2026,0.0011726032870912435,1,0,0.0011961722488038277,0.0,0.0,0.004967078035028181
Chlorhexidine,2026,0.0011726032870912435,1,0,0.0011961722488038277,0.0,0.0,0.004967078035028181
Agent-based model in biology,2026,0.0011726032870912435,1,0,0.0011961722488038277,0.0,0.0,0.004967078035028181
COVID-19 pandemic in Belize,2026,0.0011726032870912435,1,0,0.0011961722488038277,0.0,0.0,0.004967078035028181
COVID-19 protests in New Zealand,2026,0.0011726032870912435,1,0,0.0011961722488038277,0.0,0.0,0.004967078035028181
COVID-19 pandemic in Armenia,2026,0.0011726032870912435,1,0,0.0011961722488038277,0.0,0.0,0.004967078035028181
RNA,2026,0.0011726032870912435,1,0,0.0011961722488038277,0.0,0.0,0.004967078035028181
Abdala (vaccine),2026,0.0011726032870912435,1,0,0.0011961722488038277,0.0,0.0,0.004967078035028181
European Medicines Agency,2026,0.0011726032870912435,1,0,0.0011961722488038277,0.0,0.0,0.004967078035028181
COVID-19 vaccination in South Africa,2026,0.0011726032870912435,1,0,0.0011961722488038277,0.0,0.0,0.004967078035028181
COVID-19 pandemic in Belarus,2026,0.0011726032870912435,1,0,0.0011961722488038277,0.0,0.0,0.004967078035028181
Social distancing,2026,0.0011726032870912435,1,0,0.0011961722488038277,0.0,0.0,0.004967078035028181
Dutch government response to the COVID-19 pandemic,2026,0.0011726032870912435,1,0,0.0011961722488038277,0.0,0.0,0.004967078035028181
Gay Related Immune Deficiency,2026,0.0011726032870912435,1,0,0.0011961722488038277,0.0,0.0,0.004967078035028181
Vox (political party),2026,0.0011726032870912435,1,0,0.0011961722488038277,0.0,0.0,0.004967078035028181
Fairleigh Dickinson University,2026,0.0011726032870912435,1,0,0.0011961722488038277,0.0,0.0,0.004967078035028181
Kraken,2026,0.0011726032870912435,1,0,0.0011961722488038277,0.0,0.0,0.004967078035028181
Autistic burnout,2026,0.0011726032870912435,1,0,0.0011961722488038277,0.0,0.0,0.004967078035028181
Interoception,2026,0.0011726032870912435,1,0,0.0011961722488038277,0.0,0.0,0.004967078035028181
Brain fag syndrome,2026,0.0011726032870912435,1,0,0.0011961722488038277,0.0,0.0,0.004967078035028181
Orientation (mental),2026,0.0011726032870912435,1,0,0.0011961722488038277,0.0,0.0,0.004967078035028181
Diencephalon,2026,0.0011726032870912435,1,0,0.0011961722488038277,0.0,0.0,0.004967078035028181
Attention,2026,0.0011726032870912435,1,0,0.0011961722488038277,0.0,0.0,0.004967078035028181
The Menopause Society,2026,0.0011726032870912435,1,0,0.0011961722488038277,0.0,0.0,0.004967078035028181
Menopause,2026,0.0011726032870912435,1,0,0.0011961722488038277,0.0,0.0,0.004967078035028181
Vagus nerve,2026,0.0011726032870912435,1,0,0.0011961722488038277,0.0,0.0,0.004967078035028181
Olfactory system,2026,0.0011726032870912435,1,0,0.0011961722488038277,0.0,0.0,0.004967078035028181
COVID-19 pandemic in Tunisia,2026,0.0011726032870912435,1,0,0.0011961722488038277,0.0,0.0,0.004967078035028181
COVID-19 pandemic in Northern Cyprus,2026,0.0011726032870912435,1,0,0.0011961722488038277,0.0,0.0,0.004967078035028181
Skycovione,2026,0.0011726032870912435,1,0,0.0011961722488038277,0.0,0.0,0.004967078035028181
Impact of the COVID-19 pandemic on Native American tribes and tribal communities,2026,0.0011726032870912435,1,0,0.0011961722488038277,0.0,0.0,0.004967078035028181
U.S. state and local government responses to the COVID-19 pandemic,2026,0.0011726032870912435,1,0,0.0011961722488038277,0.0,0.0,0.004967078035028181
COVID-19 pandemic in Saint Kitts and Nevis,2026,0.0011726032870912435,1,0,0.0011961722488038277,0.0,0.0,0.004967078035028181
COVID-19 pandemic in Samoa,2026,0.0011726032870912435,1,0,0.0011961722488038277,0.0,0.0,0.004967078035028181
COVID-19 pandemic in Soccsksargen,2026,0.0011726032870912435,1,0,0.0011961722488038277,0.0,0.0,0.004967078035028181
Superinfection,2026,0.0011726032870912435,1,0,0.0011961722488038277,0.0,0.0,0.004967078035028181
COVID-19 protests in Israel,2026,0.0011726032870912435,1,0,0.0011961722488038277,0.0,0.0,0.004967078035028181
Social impact of the COVID-19 pandemic in New Zealand,2026,0.0011726032870912435,1,0,0.0011961722488038277,0.0,0.0,0.004967078035028181
Shortages related to the COVID-19 pandemic,2026,0.0011726032870912435,1,0,0.0011961722488038277,0.0,0.0,0.004967078035028181
Timeline of the COVID-19 pandemic in Ontario (2022),2026,0.0011726032870912435,1,0,0.0011961722488038277,0.0,0.0,0.004967078035028181
Walvax COVID-19 vaccine,2026,0.0011726032870912435,1,0,0.0011961722488038277,0.0,0.0,0.004967078035028181
SARS-CoV-2 Iota variant,2026,0.0011726032870912435,1,0,0.0011961722488038277,0.0,0.0,0.004967078035028181
COVID-19 pandemic in Ontario,2026,0.0011726032870912435,1,0,0.0011961722488038277,0.0,0.0,0.004967078035028181
Christian Drosten,2026,0.0011726032870912435,1,0,0.0011961722488038277,0.0,0.0,0.004967078035028181
France convoy protest,2026,0.0011726032870912435,1,0,0.0011961722488038277,0.0,0.0,0.004967078035028181
Malaysian movement control order,2026,0.0011726032870912435,1,0,0.0011961722488038277,0.0,0.0,0.004967078035028181
COVID-19 pandemic in New York (state),2026,0.0011726032870912435,1,0,0.0011961722488038277,0.0,0.0,0.004967078035028181
Azra Ghani,2026,0.0011726032870912435,1,0,0.0011961722488038277,0.0,0.0,0.004967078035028181
PREDICT (USAID),2026,0.0011726032870912435,1,0,0.0011961722488038277,0.0,0.0,0.004967078035028181
CureVac COVID-19 vaccine,2026,0.0011726032870912435,1,0,0.0011961722488038277,0.0,0.0,0.004967078035028181
COVID-19 pandemic in Normandy,2026,0.0011726032870912435,1,0,0.0011961722488038277,0.0,0.0,0.004967078035028181
Taiwan Centers for Disease Control,2026,0.0011726032870912435,1,0,0.0011961722488038277,0.0,0.0,0.004967078035028181
List of countries by hospital beds,2026,0.0011726032870912435,1,0,0.0011961722488038277,0.0,0.0,0.004967078035028181
Impact of the COVID-19 pandemic on the cannabis industry,2026,0.0011726032870912435,1,0,0.0011961722488038277,0.0,0.0,0.004967078035028181
COVID-19 pandemic in Israel,2026,0.0011726032870912435,1,0,0.0011961722488038277,0.0,0.0,0.004967078035028181
COVID-19 pandemic in Zimbabwe,2026,0.0011726032870912435,1,0,0.0011961722488038277,0.0,0.0,0.004967078035028181
Timeline of the COVID-19 pandemic in February 2020,2026,0.0011726032870912435,1,0,0.0011961722488038277,0.0,0.0,0.004967078035028181
Coronavirus Scientific Advisory Board,2026,0.0011726032870912435,1,0,0.0011961722488038277,0.0,0.0,0.004967078035028181
Public health surveillance,2026,0.0011726032870912435,1,0,0.0011961722488038277,0.0,0.0,0.004967078035028181
COVID-19 pandemic in the Guantanamo Bay Naval Base,2026,0.0011726032870912435,1,0,0.0011961722488038277,0.0,0.0,0.004967078035028181
Timeline of the COVID-19 pandemic in Australia (2020),2026,0.0011726032870912435,1,0,0.0011961722488038277,0.0,0.0,0.004967078035028181
COVID-19 pandemic in Hawaii,2026,0.0011726032870912435,1,0,0.0011961722488038277,0.0,0.0,0.004967078035028181
2021 Cuban protests,2026,0.0011726032870912435,1,0,0.0011961722488038277,0.0,0.0,0.004967078035028181
CareFIJI,2026,0.0011726032870912435,1,0,0.0011961722488038277,0.0,0.0,0.004967078035028181
University of Erfurt,2026,0.0011726032870912435,1,0,0.0011961722488038277,0.0,0.0,0.004967078035028181
Angola,2026,0.0011726032870912435,1,0,0.0011961722488038277,0.0,0.0,0.004967078035028181
Market penetration,2026,0.0011726032870912435,1,0,0.0011961722488038277,0.0,0.0,0.004967078035028181
Boston University,2026,0.0011726032870912435,1,0,0.0011961722488038277,0.0,0.0,0.004967078035028181
Asymptomatic,2026,0.0011726032870912435,1,0,0.0011961722488038277,0.0,0.0,0.004967078035028181
ACLU,2026,0.0011726032870912435,1,0,0.0011961722488038277,0.0,0.0,0.004967078035028181
Digital contact tracing,2026,0.0011726032870912435,1,0,0.0011961722488038277,0.0,0.0,0.004967078035028181
University of Waterloo,2026,0.0011726032870912435,1,0,0.0011961722488038277,0.0,0.0,0.004967078035028181
The Hague,2026,0.0011726032870912435,1,0,0.0011961722488038277,0.0,0.0,0.004967078035028181
COVID-19 misinformation in Canada,2026,0.0011726032870912435,1,0,0.0011961722488038277,0.0,0.0,0.004967078035028181
Disease X,2026,0.0011726032870912435,1,0,0.0011961722488038277,0.0,0.0,0.004967078035028181
COVID-19 vaccination in Spain,2026,0.0011726032870912435,1,0,0.0011961722488038277,0.0,0.0,0.004967078035028181
German government response to the COVID-19 pandemic,2026,0.0011726032870912435,1,0,0.0011961722488038277,0.0,0.0,0.004967078035028181
Impact of the COVID-19 pandemic on the performing arts,2026,0.0011726032870912435,1,0,0.0011961722488038277,0.0,0.0,0.004967078035028181
COVID-19 pandemic in Cagayan Valley,2026,0.0011726032870912435,1,0,0.0011961722488038277,0.0,0.0,0.004967078035028181
COVID-19 pandemic in Minnesota,2026,0.0011726032870912435,1,0,0.0011961722488038277,0.0,0.0,0.004967078035028181
Operation Moonshot,2026,0.0011726032870912435,1,0,0.0011961722488038277,0.0,0.0,0.004967078035028181
Immuni,2026,0.0011726032870912435,1,0,0.0011961722488038277,0.0,0.0,0.004967078035028181
Impact of the COVID-19 pandemic on the food industry,2026,0.0011726032870912435,1,0,0.0011961722488038277,0.0,0.0,0.004967078035028181
International aid related to the COVID-19 pandemic,2026,0.0011726032870912435,1,0,0.0011961722488038277,0.0,0.0,0.004967078035028181
COVID-19 pandemic in Portugal,2026,0.0011726032870912435,1,0,0.0011961722488038277,0.0,0.0,0.004967078035028181
Economic impact of the COVID-19 pandemic in New Zealand,2026,0.0011726032870912435,1,0,0.0011961722488038277,0.0,0.0,0.004967078035028181
Doni Monardo,2026,0.0011726032870912435,1,0,0.0011961722488038277,0.0,0.0,0.004967078035028181
Impact of the COVID-19 pandemic on pregnant women,2026,0.0011726032870912435,1,0,0.0011961722488038277,0.0,0.0,0.004967078035028181
COVID-19 pandemic in Indonesia,2026,0.0011726032870912435,1,0,0.0011961722488038277,0.0,0.0,0.004967078035028181
COVID-19 pandemic in Wallis and Futuna,2026,0.0011726032870912435,1,0,0.0011961722488038277,0.0,0.0,0.004967078035028181
COVID-19 pandemic in China,2026,0.0011726032870912435,1,0,0.0011961722488038277,0.0,0.0,0.004967078035028181
Darmankade Medical Magazine,2026,0.0011726032870912435,1,0,0.0011961722488038277,0.0,0.0,0.004967078035028181
O-linked glycosylation,2026,0.0011726032870912435,1,0,0.0011961722488038277,0.0,0.0,0.004967078035028181
Blood type,2026,0.0011726032870912435,1,0,0.0011961722488038277,0.0,0.0,0.004967078035028181
New England Journal of Medicine,2026,0.0011726032870912435,1,0,0.0011961722488038277,0.0,0.0,0.004967078035028181
China,2026,0.0011726032870912435,1,0,0.0011961722488038277,0.0,0.0,0.004967078035028181
Timeline of the COVID-19 pandemic in India (January–May 2020),2026,0.0011726032870912435,1,0,0.0011961722488038277,0.0,0.0,0.004967078035028181
COVID-19 pandemic in Andhra Pradesh,2026,0.0011726032870912435,1,0,0.0011961722488038277,0.0,0.0,0.004967078035028181
COVID-19 pandemic in Jharkhand,2026,0.0011726032870912435,1,0,0.0011961722488038277,0.0,0.0,0.004967078035028181
COVID-19 pandemic in Mizoram,2026,0.0011726032870912435,1,0,0.0011961722488038277,0.0,0.0,0.004967078035028181
COVID-19 vaccination in Senegal,2026,0.0011726032870912435,1,0,0.0011961722488038277,0.0,0.0,0.004967078035028181
COVID-19 pandemic in the Northern Territory,2026,0.0011726032870912435,1,0,0.0011961722488038277,0.0,0.0,0.004967078035028181
2021–2023 global energy crisis,2026,0.0011726032870912435,1,0,0.0011961722488038277,0.0,0.0,0.004967078035028181
COVID-19 pandemic in Georgia (U.S. state),2026,0.0011726032870912435,1,0,0.0011961722488038277,0.0,0.0,0.004967078035028181
Responses to the COVID-19 pandemic in October 2021,2026,0.0011726032870912435,1,0,0.0011961722488038277,0.0,0.0,0.004967078035028181
Soberana Plus,2026,0.0011726032870912435,1,0,0.0011961722488038277,0.0,0.0,0.004967078035028181
Zhong Nanshan,2026,0.0011726032870912435,1,0,0.0011961722488038277,0.0,0.0,0.004967078035028181
COH04S1,2026,0.0011726032870912435,1,0,0.0011961722488038277,0.0,0.0,0.004967078035028181
COVID-19 pandemic in Madhya Pradesh,2026,0.0011726032870912435,1,0,0.0011961722488038277,0.0,0.0,0.004967078035028181
COVID-19 pandemic in South Africa,2026,0.0011726032870912435,1,0,0.0011961722488038277,0.0,0.0,0.004967078035028181
"COVID-19 pandemic in Portland, Oregon",2026,0.0011726032870912435,1,0,0.0011961722488038277,0.0,0.0,0.004967078035028181
COVID-19 pandemic in Trinidad and Tobago,2026,0.0011726032870912435,1,0,0.0011961722488038277,0.0,0.0,0.004967078035028181
COVID-19 pandemic in Uttar Pradesh,2026,0.0011726032870912435,1,0,0.0011961722488038277,0.0,0.0,0.004967078035028181
COVID-19 pandemic in Eastern Visayas,2026,0.0011726032870912435,1,0,0.0011961722488038277,0.0,0.0,0.004967078035028181
Timeline of the COVID-19 pandemic in Wales (2020),2026,0.0011726032870912435,1,0,0.0011961722488038277,0.0,0.0,0.004967078035028181
Fallacy,2026,0.0011726032870912435,1,0,0.0011961722488038277,0.0,0.0,0.004967078035028181
Timeline of the COVID-19 pandemic in July 2022,2026,0.0011726032870912435,1,0,0.0011961722488038277,0.0,0.0,0.004967078035028181
Sotiris Tsiodras,2026,0.0011726032870912435,1,0,0.0011961722488038277,0.0,0.0,0.004967078035028181
COVID-19 pandemic in Tonga,2026,0.0011726032870912435,1,0,0.0011961722488038277,0.0,0.0,0.004967078035028181
Allegations of CIA assistance to Osama bin Laden,2026,0.0011726032870912435,1,0,0.0011961722488038277,0.0,0.0,0.004967078035028181
Drugs Controller General of India,2026,0.0011726032870912435,1,0,0.0011961722488038277,0.0,0.0,0.004967078035028181
Impact of the COVID-19 pandemic on aviation,2026,0.0011726032870912435,1,0,0.0011961722488038277,0.0,0.0,0.004967078035028181
COVID-19 pandemic in the Federated States of Micronesia,2026,0.0011726032870912435,1,0,0.0011961722488038277,0.0,0.0,0.004967078035028181
COVID-19 pandemic in Virginia,2026,0.0011726032870912435,1,0,0.0011961722488038277,0.0,0.0,0.004967078035028181
Lawrence Wong,2026,0.0011726032870912435,1,0,0.0011961722488038277,0.0,0.0,0.004967078035028181
Moldovan–Romanian collaboration during the COVID-19 pandemic,2026,0.0011726032870912435,1,0,0.0011961722488038277,0.0,0.0,0.004967078035028181
Deployment of COVID-19 vaccines,2026,0.0011726032870912435,1,0,0.0011961722488038277,0.0,0.0,0.004967078035028181
Political impact of the COVID-19 pandemic,2026,0.0011726032870912435,1,0,0.0011961722488038277,0.0,0.0,0.004967078035028181
COVID-19 pandemic in Lithuania,2026,0.0011726032870912435,1,0,0.0011961722488038277,0.0,0.0,0.004967078035028181
Timeline of the COVID-19 pandemic in Indonesia (2021),2026,0.0011726032870912435,1,0,0.0011961722488038277,0.0,0.0,0.004967078035028181
Danish language,2026,0.0011726032870912435,1,0,0.0011961722488038277,0.0,0.0,0.004967078035028181
2022 Danish general election,2026,0.0011726032870912435,1,0,0.0011961722488038277,0.0,0.0,0.004967078035028181
Kåre Mølbak,2026,0.0011726032870912435,1,0,0.0011961722488038277,0.0,0.0,0.004967078035028181
Moderates (Denmark),2026,0.0011726032870912435,1,0,0.0011961722488038277,0.0,0.0,0.004967078035028181
TV 2 Nyhederne,2026,0.0011726032870912435,1,0,0.0011961722488038277,0.0,0.0,0.004967078035028181
Jeppe Kofod,2026,0.0011726032870912435,1,0,0.0011961722488038277,0.0,0.0,0.004967078035028181
Marienborg,2026,0.0011726032870912435,1,0,0.0011961722488038277,0.0,0.0,0.004967078035028181
Statistics Denmark,2026,0.0011726032870912435,1,0,0.0011961722488038277,0.0,0.0,0.004967078035028181
Vendsyssel,2026,0.0011726032870912435,1,0,0.0011961722488038277,0.0,0.0,0.004967078035028181
Glomerular filtration rate,2026,0.0011726032870912435,1,0,0.0011961722488038277,0.0,0.0,0.004967078035028181
Glucocorticoid,2026,0.0011726032870912435,1,0,0.0011961722488038277,0.0,0.0,0.004967078035028181
Bradykinin,2026,0.0011726032870912435,1,0,0.0011961722488038277,0.0,0.0,0.004967078035028181
Oxford University Press,2026,0.0011726032870912435,1,0,0.0011961722488038277,0.0,0.0,0.004967078035028181
Monoamine oxidase inhibitor,2026,0.0011726032870912435,1,0,0.0011961722488038277,0.0,0.0,0.004967078035028181
Corticosteroid,2026,0.0011726032870912435,1,0,0.0011961722488038277,0.0,0.0,0.004967078035028181
Antineoplastic,2026,0.0011726032870912435,1,0,0.0011961722488038277,0.0,0.0,0.004967078035028181
Ectoparasiticide,2026,0.0011726032870912435,1,0,0.0011961722488038277,0.0,0.0,0.004967078035028181
Arfalasin,2026,0.0011726032870912435,1,0,0.0011961722488038277,0.0,0.0,0.004967078035028181
Valsartan/lercanidipine,2026,0.0011726032870912435,1,0,0.0011961722488038277,0.0,0.0,0.004967078035028181
Dutch Health Council,2026,0.0011726032870912435,1,0,0.0011961722488038277,0.0,0.0,0.004967078035028181
SARS coronavirus,2026,0.0011726032870912435,1,0,0.0011961722488038277,0.0,0.0,0.004967078035028181
Contagion (2011 film),2026,0.0011726032870912435,1,0,0.0011961722488038277,0.0,0.0,0.004967078035028181
Utrecht University,2026,0.0011726032870912435,1,0,0.0011961722488038277,0.0,0.0,0.004967078035028181
M.W. Beijerinck,2026,0.0011726032870912435,1,0,0.0011961722488038277,0.0,0.0,0.004967078035028181
2009 flu pandemic,2026,0.0011726032870912435,1,0,0.0011961722488038277,0.0,0.0,0.004967078035028181
Erasmus University Rotterdam,2026,0.0011726032870912435,1,0,0.0011961722488038277,0.0,0.0,0.004967078035028181
Grand Prix scientifique de la Fondation Louis D.,2026,0.0011726032870912435,1,0,0.0011961722488038277,0.0,0.0,0.004967078035028181
Royal Netherlands Academy of Arts and Sciences,2026,0.0011726032870912435,1,0,0.0011961722488038277,0.0,0.0,0.004967078035028181
Inflammation,2026,0.0011726032870912435,1,0,0.0011961722488038277,0.0,0.0,0.004967078035028181
Medical diagnosis,2026,0.0011726032870912435,1,0,0.0011961722488038277,0.0,0.0,0.004967078035028181
Medicine,2026,0.0011726032870912435,1,0,0.0011961722488038277,0.0,0.0,0.004967078035028181
Chronic periodontitis,2026,0.0011726032870912435,1,0,0.0011961722488038277,0.0,0.0,0.004967078035028181
Acute hepatitis,2026,0.0011726032870912435,1,0,0.0011961722488038277,0.0,0.0,0.004967078035028181
Quantification (science),2026,0.0011726032870912435,1,0,0.0011961722488038277,0.0,0.0,0.004967078035028181
Acute gastroenteritis,2026,0.0011726032870912435,1,0,0.0011961722488038277,0.0,0.0,0.004967078035028181
Medical sign,2026,0.0011726032870912435,1,0,0.0011961722488038277,0.0,0.0,0.004967078035028181
Mass noun,2026,0.0011726032870912435,1,0,0.0011961722488038277,0.0,0.0,0.004967078035028181
Syndrome,2026,0.0011726032870912435,1,0,0.0011961722488038277,0.0,0.0,0.004967078035028181
Tumor lysis syndrome,2026,0.0011726032870912435,1,0,0.0011961722488038277,0.0,0.0,0.004967078035028181
Potassium,2026,0.0011726032870912435,1,0,0.0011961722488038277,0.0,0.0,0.004967078035028181
Renal function,2026,0.0011726032870912435,1,0,0.0011961722488038277,0.0,0.0,0.004967078035028181
Rash,2026,0.0011726032870912435,1,0,0.0011961722488038277,0.0,0.0,0.004967078035028181
Respiratory failure,2026,0.0011726032870912435,1,0,0.0011961722488038277,0.0,0.0,0.004967078035028181
Patient UK,2026,0.0011726032870912435,1,0,0.0011961722488038277,0.0,0.0,0.004967078035028181
Amoxicillin/clavulanic acid,2026,0.0011726032870912435,1,0,0.0011961722488038277,0.0,0.0,0.004967078035028181
Renal failure,2026,0.0011726032870912435,1,0,0.0011961722488038277,0.0,0.0,0.004967078035028181
Cardiorenal syndrome,2026,0.0011726032870912435,1,0,0.0011961722488038277,0.0,0.0,0.004967078035028181
Pallor,2026,0.0011726032870912435,1,0,0.0011961722488038277,0.0,0.0,0.004967078035028181
Pulmonary wedge pressure,2026,0.0011726032870912435,1,0,0.0011961722488038277,0.0,0.0,0.004967078035028181
Cardiopulmonary bypass,2026,0.0011726032870912435,1,0,0.0011961722488038277,0.0,0.0,0.004967078035028181
Airway pressure release ventilation,2026,0.0011726032870912435,1,0,0.0011961722488038277,0.0,0.0,0.004967078035028181
Sedative,2026,0.0011726032870912435,1,0,0.0011961722488038277,0.0,0.0,0.004967078035028181
Altered level of consciousness,2026,0.0011726032870912435,1,0,0.0011961722488038277,0.0,0.0,0.004967078035028181
Prognosis,2026,0.0011726032870912435,1,0,0.0011961722488038277,0.0,0.0,0.004967078035028181
Hospital-acquired pneumonia,2026,0.0011726032870912435,1,0,0.0011961722488038277,0.0,0.0,0.004967078035028181
Lobar pneumonia,2026,0.0011726032870912435,1,0,0.0011961722488038277,0.0,0.0,0.004967078035028181
Pneumoperitoneum,2026,0.0011726032870912435,1,0,0.0011961722488038277,0.0,0.0,0.004967078035028181
Chronic atrophic rhinitis,2026,0.0011726032870912435,1,0,0.0011961722488038277,0.0,0.0,0.004967078035028181
Human eye,2026,0.0011726032870912435,1,0,0.0011961722488038277,0.0,0.0,0.004967078035028181
Antigen,2026,0.0011726032870912435,1,0,0.0011961722488038277,0.0,0.0,0.004967078035028181
Immune complex,2026,0.0011726032870912435,1,0,0.0011961722488038277,0.0,0.0,0.004967078035028181
Polyclonal antibodies,2026,0.0011726032870912435,1,0,0.0011961722488038277,0.0,0.0,0.004967078035028181
Human mouth,2026,0.0011726032870912435,1,0,0.0011961722488038277,0.0,0.0,0.004967078035028181
Affinity maturation,2026,0.0011726032870912435,1,0,0.0011961722488038277,0.0,0.0,0.004967078035028181
IgA,2026,0.0011726032870912435,1,0,0.0011961722488038277,0.0,0.0,0.004967078035028181
Follicular B helper T cells,2026,0.0011726032870912435,1,0,0.0011961722488038277,0.0,0.0,0.004967078035028181
Somatic hypermutation,2026,0.0011726032870912435,1,0,0.0011961722488038277,0.0,0.0,0.004967078035028181
MHC class II,2026,0.0011726032870912435,1,0,0.0011961722488038277,0.0,0.0,0.004967078035028181
Nonpoint source pollution,2026,0.0011726032870912435,1,0,0.0011961722488038277,0.0,0.0,0.004967078035028181
Smog,2026,0.0011726032870912435,1,0,0.0011961722488038277,0.0,0.0,0.004967078035028181
Drop (liquid),2026,0.0011726032870912435,1,0,0.0011961722488038277,0.0,0.0,0.004967078035028181
Urban runoff,2026,0.0011726032870912435,1,0,0.0011961722488038277,0.0,0.0,0.004967078035028181
Volcanic ash,2026,0.0011726032870912435,1,0,0.0011961722488038277,0.0,0.0,0.004967078035028181
Laser particle counter,2026,0.0011726032870912435,1,0,0.0011961722488038277,0.0,0.0,0.004967078035028181
Micro-Orifice Uniform Deposit Impactor,2026,0.0011726032870912435,1,0,0.0011961722488038277,0.0,0.0,0.004967078035028181
Persistent organic pollutant,2026,0.0011726032870912435,1,0,0.0011961722488038277,0.0,0.0,0.004967078035028181
Brown waste,2026,0.0011726032870912435,1,0,0.0011961722488038277,0.0,0.0,0.004967078035028181
Suicidal ideation,2026,0.0011726032870912435,1,0,0.0011961722488038277,0.0,0.0,0.004967078035028181
Hyposmia,2026,0.0011726032870912435,1,0,0.0011961722488038277,0.0,0.0,0.004967078035028181
Bitter (taste),2026,0.0011726032870912435,1,0,0.0011961722488038277,0.0,0.0,0.004967078035028181
Verbosity,2026,0.0011726032870912435,1,0,0.0011961722488038277,0.0,0.0,0.004967078035028181
Dysgeusia,2026,0.0011726032870912435,1,0,0.0011961722488038277,0.0,0.0,0.004967078035028181
Soft palate,2026,0.0011726032870912435,1,0,0.0011961722488038277,0.0,0.0,0.004967078035028181
Retrograde amnesia,2026,0.0011726032870912435,1,0,0.0011961722488038277,0.0,0.0,0.004967078035028181
Aftertaste,2026,0.0011726032870912435,1,0,0.0011961722488038277,0.0,0.0,0.004967078035028181
Neurology,2026,0.0011726032870912435,1,0,0.0011961722488038277,0.0,0.0,0.004967078035028181
COVID-19 pandemic in Caraga,2026,0.0011726032870912435,1,0,0.0011961722488038277,0.0,0.0,0.004967078035028181
COVID-19 pandemic in Colorado,2026,0.0011726032870912435,1,0,0.0011961722488038277,0.0,0.0,0.004967078035028181
National Cabinet (Australia),2026,0.0011726032870912435,1,0,0.0011961722488038277,0.0,0.0,0.004967078035028181
COVID-19 pandemic in Africa,2026,0.0011726032870912435,1,0,0.0011961722488038277,0.0,0.0,0.004967078035028181
COVID-19 pandemic in Moldova,2026,0.0011726032870912435,1,0,0.0011961722488038277,0.0,0.0,0.004967078035028181
Subunit vaccine,2026,0.0011726032870912435,1,0,0.0011961722488038277,0.0,0.0,0.004967078035028181
Social stigma associated with COVID-19,2026,0.0011726032870912435,1,0,0.0011961722488038277,0.0,0.0,0.004967078035028181
Timeline of the COVID-19 pandemic in the United Kingdom (July–December 2020),2026,0.0011726032870912435,1,0,0.0011961722488038277,0.0,0.0,0.004967078035028181
Responses to the COVID-19 pandemic in February 2022,2026,0.0011726032870912435,1,0,0.0011961722488038277,0.0,0.0,0.004967078035028181
Hamad Hasan,2026,0.0011726032870912435,1,0,0.0011961722488038277,0.0,0.0,0.004967078035028181
ArXiv (identifier),2026,0.0010899888541011384,1,1,0.0011961722488038277,0.0011961722488038277,4.8000192000768005e-06,0.004967078035028181
ArcGIS,2026,0.0010899888541011384,1,10,0.0011961722488038277,0.011961722488038277,4.0000160000640005e-05,0.004967078035028181
BBC,2026,0.0010899888541011384,1,10,0.0011961722488038277,0.011961722488038277,4.8000192000768e-05,0.004967078035028181
BBC News Online,2026,0.0010899888541011384,1,10,0.0011961722488038277,0.011961722488038277,4.32001728006912e-05,0.004967078035028181
Caixin,2026,0.0010899888541011384,1,10,0.0011961722488038277,0.011961722488038277,4.8000192000768e-05,0.004967078035028181
Centers for Disease Control and Prevention,2026,0.0010899888541011384,1,10,0.0011961722488038277,0.011961722488038277,3.8400153600614404e-05,0.004967078035028181
Donald McNeil Jr.,2026,0.0010899888541011384,1,1,0.0011961722488038277,0.0011961722488038277,4.8000192000768005e-06,0.004967078035028181
Encyclopædia Britannica,2026,0.0010899888541011384,1,10,0.0011961722488038277,0.011961722488038277,3.832335329341317e-05,0.004967078035028181
Food and Drug Administration,2026,0.0010899888541011384,1,10,0.0011961722488038277,0.011961722488038277,4.311377245508982e-05,0.004967078035028181
Hdl (identifier),2026,0.0010899888541011384,1,1,0.0011961722488038277,0.0011961722488038277,4.8000192000768005e-06,0.004967078035028181
Istituto Superiore di Sanità,2026,0.0010899888541011384,1,1,0.0011961722488038277,0.0011961722488038277,4.790419161676647e-06,0.004967078035028181
Johns Hopkins University,2026,0.0010899888541011384,1,10,0.0011961722488038277,0.011961722488038277,4.790419161676647e-05,0.004967078035028181
Knowable Magazine,2026,0.0010899888541011384,1,10,0.0011961722488038277,0.011961722488038277,4.32001728006912e-05,0.004967078035028181
LCCN (identifier),2026,0.0010899888541011384,1,1,0.0011961722488038277,0.0011961722488038277,4.8000192000768005e-06,0.004967078035028181
National COVID-19 Clinical Evidence Taskforce,2026,0.0010899888541011384,1,1,0.0011961722488038277,0.0011961722488038277,4.790419161676647e-06,0.004967078035028181
National Geographic,2026,0.0010899888541011384,1,10,0.0011961722488038277,0.011961722488038277,4.56001824007296e-05,0.004967078035028181
National Institute for Health Research,2026,0.0010899888541011384,1,1,0.0011961722488038277,0.0011961722488038277,4.8000192000768005e-06,0.004967078035028181
Nature (journal),2026,0.0010899888541011384,1,10,0.0011961722488038277,0.011961722488038277,3.6000144000576004e-05,0.004967078035028181
Nature Portfolio,2026,0.0010899888541011384,1,10,0.0011961722488038277,0.011961722488038277,4.071856287425149e-05,0.004967078035028181
Our World in Data,2026,0.0010899888541011384,1,10,0.0011961722488038277,0.011961722488038277,3.832335329341317e-05,0.004967078035028181
ResearchGate,2026,0.0010899888541011384,1,10,0.0011961722488038277,0.011961722488038277,4.8000192000768e-05,0.004967078035028181
Reuters,2026,0.0010899888541011384,1,10,0.0011961722488038277,0.011961722488038277,4.550898203592814e-05,0.004967078035028181
Richard Horton (editor),2026,0.0010899888541011384,1,10,0.0011961722488038277,0.011961722488038277,4.08001632006528e-05,0.004967078035028181
SSRN (identifier),2026,0.0010899888541011384,1,1,0.0011961722488038277,0.0011961722488038277,4.8000192000768005e-06,0.004967078035028181
Science-Based Medicine,2026,0.0010899888541011384,1,10,0.0011961722488038277,0.011961722488038277,4.550898203592814e-05,0.004967078035028181
Science (journal),2026,0.0010899888541011384,1,10,0.0011961722488038277,0.011961722488038277,4.550898203592814e-05,0.004967078035028181
The Economist,2026,0.0010899888541011384,1,10,0.0011961722488038277,0.011961722488038277,4.8000192000768e-05,0.004967078035028181
The Globe and Mail,2026,0.0010899888541011384,1,10,0.0011961722488038277,0.011961722488038277,4.8000192000768e-05,0.004967078035028181
The Washington Post,2026,0.0010899888541011384,1,10,0.0011961722488038277,0.011961722488038277,4.8000192000768e-05,0.004967078035028181
University of Washington,2026,0.0010899888541011384,1,10,0.0011961722488038277,0.011961722488038277,4.32001728006912e-05,0.004967078035028181
UpToDate,2026,0.0010899888541011384,1,10,0.0011961722488038277,0.011961722488038277,3.8400153600614404e-05,0.004967078035028181
YouTube,2026,0.0010899888541011384,1,10,0.0011961722488038277,0.011961722488038277,4.790419161676647e-05,0.004967078035028181
Coronavirus diseases,2026,0.0010899888541011384,1,10,0.0011961722488038277,0.011961722488038277,4.471057884231537e-05,0.004967078035028181
Long COVID,2026,0.0010899888541011384,1,10,0.0011961722488038277,0.011961722488038277,4.790419161676647e-05,0.004967078035028181
COVID-19 vaccine,2026,0.0010899888541011384,1,10,0.0011961722488038277,0.011961722488038277,4.56001824007296e-05,0.004967078035028181
COVID-19 testing,2026,0.0010899888541011384,1,10,0.0011961722488038277,0.011961722488038277,4.56001824007296e-05,0.004967078035028181
Pandemic prevention,2026,0.0010899888541011384,1,10,0.0011961722488038277,0.011961722488038277,4.08001632006528e-05,0.004967078035028181
Face masks during the COVID-19 pandemic,2026,0.0010899888541011384,1,10,0.0011961722488038277,0.011961722488038277,4.56001824007296e-05,0.004967078035028181
Hand washing,2026,0.0010899888541011384,1,10,0.0011961722488038277,0.011961722488038277,4.311377245508982e-05,0.004967078035028181
COVID-19 drug development,2026,0.0010899888541011384,1,10,0.0011961722488038277,0.011961722488038277,4.8000192000768e-05,0.004967078035028181
COVID-19 naming,2026,0.0010899888541011384,1,10,0.0011961722488038277,0.011961722488038277,2.4000096000384e-05,0.004967078035028181
Clouding of consciousness,2026,0.0010899888541011384,1,10,0.0011961722488038277,0.011961722488038277,4.790419161676647e-05,0.004967078035028181
Workplace hazard controls for COVID-19,2026,0.0010899888541011384,1,10,0.0011961722488038277,0.011961722488038277,4.08001632006528e-05,0.004967078035028181
Non-pharmaceutical intervention (epidemiology),2026,0.0010899888541011384,1,10,0.0011961722488038277,0.011961722488038277,4.32001728006912e-05,0.004967078035028181
Pandemic predictions and preparations prior to the COVID-19 pandemic,2026,0.0010899888541011384,1,10,0.0011961722488038277,0.011961722488038277,4.8000192000768e-05,0.004967078035028181
COVID-19 surveillance,2026,0.0010899888541011384,1,10,0.0011961722488038277,0.011961722488038277,4.56001824007296e-05,0.004967078035028181
COVID-19 apps,2026,0.0010899888541011384,1,10,0.0011961722488038277,0.011961722488038277,4.790419161676647e-05,0.004967078035028181
Social distancing measures related to the COVID-19 pandemic,2026,0.0010899888541011384,1,10,0.0011961722488038277,0.011961722488038277,4.32001728006912e-05,0.004967078035028181
COVID-19 pandemic death rates by country,2026,0.0010899888541011384,1,10,0.0011961722488038277,0.011961722488038277,4.311377245508982e-05,0.004967078035028181
Relationship between blood group and COVID-19,2026,0.0010899888541011384,1,10,0.0011961722488038277,0.011961722488038277,3.3600134400537605e-05,0.004967078035028181
Gendered impact of the COVID-19 pandemic,2026,0.0010899888541011384,1,10,0.0011961722488038277,0.011961722488038277,4.8000192000768e-05,0.004967078035028181
Timeline of the COVID-19 pandemic,2026,0.0010899888541011384,1,10,0.0011961722488038277,0.011961722488038277,4.32001728006912e-05,0.004967078035028181
Investigations into the origin of COVID-19,2026,0.0010899888541011384,1,1,0.0011961722488038277,0.0011961722488038277,4.8000192000768005e-06,0.004967078035028181
COVID-19 misinformation,2026,0.0010899888541011384,1,10,0.0011961722488038277,0.011961722488038277,4.08001632006528e-05,0.004967078035028181
COVID-19 drug repurposing research,2026,0.0010899888541011384,1,10,0.0011961722488038277,0.011961722488038277,4.08001632006528e-05,0.004967078035028181
Impact of the COVID-19 pandemic on animals,2026,0.0010899888541011384,1,1,0.0011961722488038277,0.0011961722488038277,2.3952095808383233e-06,0.004967078035028181
Law of declining virulence,2026,0.0010899888541011384,1,1,0.0011961722488038277,0.0011961722488038277,4.790419161676647e-06,0.004967078035028181
Theory of virulence,2026,0.0010899888541011384,1,1,0.0011961722488038277,0.0011961722488038277,4.8000192000768005e-06,0.004967078035028181
2020 Danish mink cull,2026,0.0010899888541011384,1,10,0.0011961722488038277,0.011961722488038277,2.16000864003456e-05,0.004967078035028181
2021–2022 global supply chain crisis,2026,0.0010899888541011384,1,1,0.0011961722488038277,0.0011961722488038277,4.8000192000768005e-06,0.004967078035028181
ACE inhibitor,2026,0.0010899888541011384,1,10,0.0011961722488038277,0.011961722488038277,4.790419161676647e-05,0.004967078035028181
Ab Osterhaus,2026,0.0010899888541011384,1,10,0.0011961722488038277,0.011961722488038277,4.32001728006912e-05,0.004967078035028181
Acute (medicine),2026,0.0010899888541011384,1,10,0.0011961722488038277,0.011961722488038277,4.790419161676647e-05,0.004967078035028181
Acute kidney injury,2026,0.0010899888541011384,1,10,0.0011961722488038277,0.011961722488038277,4.8000192000768e-05,0.004967078035028181
Acute respiratory distress syndrome,2026,0.0010899888541011384,1,10,0.0011961722488038277,0.011961722488038277,4.790419161676647e-05,0.004967078035028181
Adaptive immune system,2026,0.0010899888541011384,1,10,0.0011961722488038277,0.011961722488038277,4.8000192000768e-05,0.004967078035028181
Adenovirus,2026,0.0010899888541011384,1,1,0.0011961722488038277,0.0011961722488038277,4.8000192000768005e-06,0.004967078035028181
Aerosol,2026,0.0010899888541011384,1,10,0.0011961722488038277,0.011961722488038277,4.32001728006912e-05,0.004967078035028181
Ageusia,2026,0.0010899888541011384,1,10,0.0011961722488038277,0.011961722488038277,4.32001728006912e-05,0.004967078035028181
Ai Fen,2026,0.0010899888541011384,1,10,0.0011961722488038277,0.011961722488038277,4.790419161676647e-05,0.004967078035028181
